ISO-10303-21;
HEADER;
/* Generated by software containing ST-Developer
 * from STEP Tools, Inc. (www.steptools.com) 
 */
/* OPTION: using custom renumber hook */

FILE_DESCRIPTION(
/* description */ ('STEP AP242 Edition 2',
'CAx-IF Rec.Pracs.---Representation and Presentation of Product Manufa
cturing Information (PMI)---4.0---2014-10-13',
'CAx-IF Rec.Pracs.---3D Tessellated Geometry---0.4---2014-09-14','2;1',
'CAx-IF Rec.Pracs.---User Defined Attributes---1.5---2016-08-15'),
/* implementation_level */ '2;1');

FILE_NAME(
/* name */ 'top - Part 1',
/* time_stamp */ '2026-10-04T08:38:53Z',
/* author */ (''),
/* organization */ (''),
/* preprocessor_version */ 'ST-DEVELOPER v20',
/* originating_system */ 'ONSHAPE BY PTC INC, 1.221',
/* authorisation */ '  ');

FILE_SCHEMA (('AP242_MANAGED_MODEL_BASED_3D_ENGINEERING_MIM_LF { 1 0 10303 442 3 1 4 }'));
ENDSEC;

DATA;
#10=SHAPE_REPRESENTATION_RELATIONSHIP('','',#2741,#11);
#11=ADVANCED_BREP_SHAPE_REPRESENTATION('',(#2739),#4723);
#12=B_SPLINE_SURFACE_WITH_KNOTS('',3,1,((#4373,#4374),(#4375,#4376),(#4377,
#4378),(#4379,#4380)),.SURF_OF_LINEAR_EXTRUSION.,.F.,.F.,.F.,(4,4),(2,2),
(0.,1.),(0.,1.),.PIECEWISE_BEZIER_KNOTS.);
#13=B_SPLINE_SURFACE_WITH_KNOTS('',3,1,((#4382,#4383),(#4384,#4385),(#4386,
#4387),(#4388,#4389)),.SURF_OF_LINEAR_EXTRUSION.,.F.,.F.,.F.,(4,4),(2,2),
(0.,1.),(0.,1.),.PIECEWISE_BEZIER_KNOTS.);
#14=B_SPLINE_SURFACE_WITH_KNOTS('',3,1,((#4408,#4409),(#4410,#4411),(#4412,
#4413),(#4414,#4415)),.SURF_OF_LINEAR_EXTRUSION.,.F.,.F.,.F.,(4,4),(2,2),
(0.,1.),(0.,1.),.PIECEWISE_BEZIER_KNOTS.);
#15=B_SPLINE_SURFACE_WITH_KNOTS('',3,1,((#4417,#4418),(#4419,#4420),(#4421,
#4422),(#4423,#4424)),.SURF_OF_LINEAR_EXTRUSION.,.F.,.F.,.F.,(4,4),(2,2),
(0.,1.),(0.,1.),.PIECEWISE_BEZIER_KNOTS.);
#16=B_SPLINE_SURFACE_WITH_KNOTS('',3,1,((#4426,#4427),(#4428,#4429),(#4430,
#4431),(#4432,#4433)),.SURF_OF_LINEAR_EXTRUSION.,.F.,.F.,.F.,(4,4),(2,2),
(0.,1.),(0.,1.),.PIECEWISE_BEZIER_KNOTS.);
#17=B_SPLINE_SURFACE_WITH_KNOTS('',3,1,((#4435,#4436),(#4437,#4438),(#4439,
#4440),(#4441,#4442)),.SURF_OF_LINEAR_EXTRUSION.,.F.,.F.,.F.,(4,4),(2,2),
(0.,1.),(0.,1.),.PIECEWISE_BEZIER_KNOTS.);
#18=B_SPLINE_SURFACE_WITH_KNOTS('',3,1,((#4444,#4445),(#4446,#4447),(#4448,
#4449),(#4450,#4451)),.SURF_OF_LINEAR_EXTRUSION.,.F.,.F.,.F.,(4,4),(2,2),
(0.,1.),(0.,1.),.PIECEWISE_BEZIER_KNOTS.);
#19=B_SPLINE_SURFACE_WITH_KNOTS('',3,1,((#4455,#4456),(#4457,#4458),(#4459,
#4460),(#4461,#4462)),.SURF_OF_LINEAR_EXTRUSION.,.F.,.F.,.F.,(4,4),(2,2),
(0.,1.),(0.,1.),.PIECEWISE_BEZIER_KNOTS.);
#20=B_SPLINE_SURFACE_WITH_KNOTS('',3,1,((#4466,#4467),(#4468,#4469),(#4470,
#4471),(#4472,#4473)),.SURF_OF_LINEAR_EXTRUSION.,.F.,.F.,.F.,(4,4),(2,2),
(0.,1.),(0.,1.),.PIECEWISE_BEZIER_KNOTS.);
#21=B_SPLINE_SURFACE_WITH_KNOTS('',3,1,((#4475,#4476),(#4477,#4478),(#4479,
#4480),(#4481,#4482)),.SURF_OF_LINEAR_EXTRUSION.,.F.,.F.,.F.,(4,4),(2,2),
(0.,1.),(0.,1.),.PIECEWISE_BEZIER_KNOTS.);
#22=B_SPLINE_SURFACE_WITH_KNOTS('',3,1,((#4486,#4487),(#4488,#4489),(#4490,
#4491),(#4492,#4493)),.SURF_OF_LINEAR_EXTRUSION.,.F.,.F.,.F.,(4,4),(2,2),
(0.,1.),(0.,1.),.PIECEWISE_BEZIER_KNOTS.);
#23=B_SPLINE_SURFACE_WITH_KNOTS('',3,1,((#4495,#4496),(#4497,#4498),(#4499,
#4500),(#4501,#4502)),.SURF_OF_LINEAR_EXTRUSION.,.F.,.F.,.F.,(4,4),(2,2),
(0.,1.),(0.,1.),.PIECEWISE_BEZIER_KNOTS.);
#24=B_SPLINE_SURFACE_WITH_KNOTS('',3,1,((#4507,#4508),(#4509,#4510),(#4511,
#4512),(#4513,#4514)),.SURF_OF_LINEAR_EXTRUSION.,.F.,.F.,.F.,(4,4),(2,2),
(0.,1.),(0.,1.),.PIECEWISE_BEZIER_KNOTS.);
#25=B_SPLINE_SURFACE_WITH_KNOTS('',3,1,((#4517,#4518),(#4519,#4520),(#4521,
#4522),(#4523,#4524)),.SURF_OF_LINEAR_EXTRUSION.,.F.,.F.,.F.,(4,4),(2,2),
(0.,1.),(0.,1.),.PIECEWISE_BEZIER_KNOTS.);
#26=B_SPLINE_SURFACE_WITH_KNOTS('',3,1,((#4526,#4527),(#4528,#4529),(#4530,
#4531),(#4532,#4533)),.SURF_OF_LINEAR_EXTRUSION.,.F.,.F.,.F.,(4,4),(2,2),
(0.,1.),(0.,1.),.PIECEWISE_BEZIER_KNOTS.);
#27=B_SPLINE_SURFACE_WITH_KNOTS('',3,1,((#4537,#4538),(#4539,#4540),(#4541,
#4542),(#4543,#4544)),.SURF_OF_LINEAR_EXTRUSION.,.F.,.F.,.F.,(4,4),(2,2),
(0.,1.),(0.,1.),.PIECEWISE_BEZIER_KNOTS.);
#28=B_SPLINE_SURFACE_WITH_KNOTS('',3,1,((#4548,#4549),(#4550,#4551),(#4552,
#4553),(#4554,#4555)),.SURF_OF_LINEAR_EXTRUSION.,.F.,.F.,.F.,(4,4),(2,2),
(0.,1.),(0.,1.),.PIECEWISE_BEZIER_KNOTS.);
#29=B_SPLINE_SURFACE_WITH_KNOTS('',3,1,((#4559,#4560),(#4561,#4562),(#4563,
#4564),(#4565,#4566)),.SURF_OF_LINEAR_EXTRUSION.,.F.,.F.,.F.,(4,4),(2,2),
(0.,1.),(0.,1.),.PIECEWISE_BEZIER_KNOTS.);
#30=B_SPLINE_SURFACE_WITH_KNOTS('',3,1,((#4568,#4569),(#4570,#4571),(#4572,
#4573),(#4574,#4575)),.SURF_OF_LINEAR_EXTRUSION.,.F.,.F.,.F.,(4,4),(2,2),
(0.,1.),(0.,1.),.PIECEWISE_BEZIER_KNOTS.);
#31=B_SPLINE_SURFACE_WITH_KNOTS('',3,1,((#4577,#4578),(#4579,#4580),(#4581,
#4582),(#4583,#4584)),.SURF_OF_LINEAR_EXTRUSION.,.F.,.F.,.F.,(4,4),(2,2),
(0.,1.),(0.,1.),.PIECEWISE_BEZIER_KNOTS.);
#32=B_SPLINE_SURFACE_WITH_KNOTS('',3,1,((#4586,#4587),(#4588,#4589),(#4590,
#4591),(#4592,#4593)),.SURF_OF_LINEAR_EXTRUSION.,.F.,.F.,.F.,(4,4),(2,2),
(0.,1.),(0.,1.),.PIECEWISE_BEZIER_KNOTS.);
#33=B_SPLINE_SURFACE_WITH_KNOTS('',3,1,((#4601,#4602),(#4603,#4604),(#4605,
#4606),(#4607,#4608)),.SURF_OF_LINEAR_EXTRUSION.,.F.,.F.,.F.,(4,4),(2,2),
(0.,1.),(0.,1.),.PIECEWISE_BEZIER_KNOTS.);
#34=B_SPLINE_SURFACE_WITH_KNOTS('',3,1,((#4610,#4611),(#4612,#4613),(#4614,
#4615),(#4616,#4617)),.SURF_OF_LINEAR_EXTRUSION.,.F.,.F.,.F.,(4,4),(2,2),
(0.,1.),(0.,1.),.PIECEWISE_BEZIER_KNOTS.);
#35=B_SPLINE_SURFACE_WITH_KNOTS('',3,1,((#4629,#4630),(#4631,#4632),(#4633,
#4634),(#4635,#4636)),.SURF_OF_LINEAR_EXTRUSION.,.F.,.F.,.F.,(4,4),(2,2),
(0.,1.),(0.,1.),.PIECEWISE_BEZIER_KNOTS.);
#36=B_SPLINE_SURFACE_WITH_KNOTS('',3,1,((#4638,#4639),(#4640,#4641),(#4642,
#4643),(#4644,#4645)),.SURF_OF_LINEAR_EXTRUSION.,.F.,.F.,.F.,(4,4),(2,2),
(0.,1.),(0.,1.),.PIECEWISE_BEZIER_KNOTS.);
#37=B_SPLINE_SURFACE_WITH_KNOTS('',3,1,((#4647,#4648),(#4649,#4650),(#4651,
#4652),(#4653,#4654)),.SURF_OF_LINEAR_EXTRUSION.,.F.,.F.,.F.,(4,4),(2,2),
(0.,1.),(0.,1.),.PIECEWISE_BEZIER_KNOTS.);
#38=B_SPLINE_SURFACE_WITH_KNOTS('',3,1,((#4656,#4657),(#4658,#4659),(#4660,
#4661),(#4662,#4663)),.SURF_OF_LINEAR_EXTRUSION.,.F.,.F.,.F.,(4,4),(2,2),
(0.,1.),(0.,1.),.PIECEWISE_BEZIER_KNOTS.);
#39=B_SPLINE_SURFACE_WITH_KNOTS('',3,1,((#4667,#4668),(#4669,#4670),(#4671,
#4672),(#4673,#4674)),.SURF_OF_LINEAR_EXTRUSION.,.F.,.F.,.F.,(4,4),(2,2),
(0.,1.),(0.,1.),.PIECEWISE_BEZIER_KNOTS.);
#40=B_SPLINE_SURFACE_WITH_KNOTS('',3,1,((#4708,#4709),(#4710,#4711),(#4712,
#4713),(#4714,#4715)),.SURF_OF_LINEAR_EXTRUSION.,.F.,.F.,.F.,(4,4),(2,2),
(0.,1.),(0.,1.),.PIECEWISE_BEZIER_KNOTS.);
#41=TOROIDAL_SURFACE('',#2869,0.0075,0.0005);
#42=TOROIDAL_SURFACE('',#2871,0.00657106781186547,0.0005);
#43=TOROIDAL_SURFACE('',#2874,0.00657106781186546,0.0005);
#44=TOROIDAL_SURFACE('',#2875,0.00631725894550831,0.0005);
#45=TOROIDAL_SURFACE('',#2879,0.00631725894550832,0.0005);
#46=TOROIDAL_SURFACE('',#2881,0.0063172589455083,0.0005);
#47=CONICAL_SURFACE('',#2830,0.006,0.0523598775598298);
#48=CONICAL_SURFACE('',#2835,0.006,0.0523598775598298);
#49=CONICAL_SURFACE('',#2837,0.006,0.0523598775598298);
#50=CONICAL_SURFACE('',#2850,0.007,0.785398163397449);
#51=CONICAL_SURFACE('',#2851,0.00607106781186547,0.785398163397448);
#52=CONICAL_SURFACE('',#2854,0.00607106781186546,0.785398163397448);
#53=CONICAL_SURFACE('',#2856,0.0042,0.785398163397449);
#54=CONICAL_SURFACE('',#2857,0.0042,0.785398163397449);
#55=CONICAL_SURFACE('',#2860,0.0042,0.785398163397448);
#56=CONICAL_SURFACE('',#2861,0.0042,0.785398163397448);
#57=ELLIPSE('',#2782,0.000531828120804375,0.0005);
#58=ELLIPSE('',#2783,0.000531604742127014,0.0005);
#59=ELLIPSE('',#2864,0.000541196100146197,0.0005);
#60=ELLIPSE('',#2865,0.000541196100146197,0.0005);
#61=ELLIPSE('',#2884,0.000541196100146197,0.0005);
#62=ELLIPSE('',#2886,0.000541196100146197,0.0005);
#63=CYLINDRICAL_SURFACE('',#2781,0.0005);
#64=CYLINDRICAL_SURFACE('',#2787,0.00707106781186546);
#65=CYLINDRICAL_SURFACE('',#2791,0.00707106781186547);
#66=CYLINDRICAL_SURFACE('',#2798,0.0042);
#67=CYLINDRICAL_SURFACE('',#2802,0.0042);
#68=CYLINDRICAL_SURFACE('',#2806,0.0042);
#69=CYLINDRICAL_SURFACE('',#2809,0.0042);
#70=CYLINDRICAL_SURFACE('',#2813,0.008);
#71=CYLINDRICAL_SURFACE('',#2817,0.0065);
#72=CYLINDRICAL_SURFACE('',#2820,0.0065);
#73=CYLINDRICAL_SURFACE('',#2824,0.0065);
#74=CYLINDRICAL_SURFACE('',#2827,0.0065);
#75=CYLINDRICAL_SURFACE('',#2863,0.0005);
#76=CYLINDRICAL_SURFACE('',#2866,0.0005);
#77=CYLINDRICAL_SURFACE('',#2868,0.0005);
#78=CYLINDRICAL_SURFACE('',#2872,0.0005);
#79=CYLINDRICAL_SURFACE('',#2873,0.0005);
#80=CYLINDRICAL_SURFACE('',#2877,0.0005);
#81=CYLINDRICAL_SURFACE('',#2883,0.0005);
#82=CYLINDRICAL_SURFACE('',#2885,0.0005);
#83=CYLINDRICAL_SURFACE('',#2887,0.0005);
#84=CYLINDRICAL_SURFACE('',#2901,0.00268302114980405);
#85=CYLINDRICAL_SURFACE('',#2902,0.00229804950228936);
#86=CYLINDRICAL_SURFACE('',#2905,0.00409374052059981);
#87=CYLINDRICAL_SURFACE('',#2907,0.00332912735476934);
#88=CYLINDRICAL_SURFACE('',#2911,0.00499025243625656);
#89=CYLINDRICAL_SURFACE('',#2912,0.00493939081491264);
#90=CYLINDRICAL_SURFACE('',#2914,0.00397031225427458);
#91=CYLINDRICAL_SURFACE('',#2915,0.00646507954677734);
#92=CYLINDRICAL_SURFACE('',#2933,0.00481938751386908);
#93=CYLINDRICAL_SURFACE('',#2934,0.0194460913509919);
#94=CIRCLE('',#2744,0.00409374052059981);
#95=CIRCLE('',#2745,0.00332912735476934);
#96=CIRCLE('',#2746,0.00499025243625656);
#97=CIRCLE('',#2747,0.00493939081491264);
#98=CIRCLE('',#2748,0.00397031225427458);
#99=CIRCLE('',#2749,0.00646507954677734);
#100=CIRCLE('',#2750,0.0065);
#101=CIRCLE('',#2751,0.0065);
#102=CIRCLE('',#2752,0.0065);
#103=CIRCLE('',#2753,0.0065);
#104=CIRCLE('',#2754,0.00268302114980405);
#105=CIRCLE('',#2755,0.00229804950228936);
#106=CIRCLE('',#2756,0.006);
#107=CIRCLE('',#2757,0.006);
#108=CIRCLE('',#2758,0.006);
#109=CIRCLE('',#2759,0.00481938751386908);
#110=CIRCLE('',#2760,0.0194460913509919);
#111=CIRCLE('',#2762,0.00607106781186546);
#112=CIRCLE('',#2763,0.00607106781186547);
#113=CIRCLE('',#2764,0.007);
#114=CIRCLE('',#2765,0.0052);
#115=CIRCLE('',#2766,0.0052);
#116=CIRCLE('',#2767,0.0052);
#117=CIRCLE('',#2768,0.0052);
#118=CIRCLE('',#2769,0.00229804950228936);
#119=CIRCLE('',#2770,0.00268302114980405);
#120=CIRCLE('',#2771,0.00646507954677734);
#121=CIRCLE('',#2772,0.00397031225427458);
#122=CIRCLE('',#2773,0.00493939081491264);
#123=CIRCLE('',#2774,0.00499025243625656);
#124=CIRCLE('',#2775,0.00332912735476934);
#125=CIRCLE('',#2776,0.00409374052059981);
#126=CIRCLE('',#2777,0.0194460913509919);
#127=CIRCLE('',#2778,0.00481938751386908);
#128=CIRCLE('',#2784,0.0005);
#129=CIRCLE('',#2785,0.0005);
#130=CIRCLE('',#2788,0.00707106781186546);
#131=CIRCLE('',#2789,0.00707106781186546);
#132=CIRCLE('',#2792,0.00707106781186547);
#133=CIRCLE('',#2793,0.00707106781186547);
#134=CIRCLE('',#2799,0.0042);
#135=CIRCLE('',#2800,0.0042);
#136=CIRCLE('',#2803,0.0042);
#137=CIRCLE('',#2804,0.0042);
#138=CIRCLE('',#2807,0.0042);
#139=CIRCLE('',#2808,0.0042);
#140=CIRCLE('',#2810,0.0042);
#141=CIRCLE('',#2811,0.0042);
#142=CIRCLE('',#2814,0.008);
#143=CIRCLE('',#2815,0.008);
#144=CIRCLE('',#2818,0.0065);
#145=CIRCLE('',#2821,0.0065);
#146=CIRCLE('',#2825,0.0065);
#147=CIRCLE('',#2828,0.0065);
#148=CIRCLE('',#2831,0.00581794417813103);
#149=CIRCLE('',#2836,0.00581794417813102);
#150=CIRCLE('',#2838,0.00581794417813102);
#151=CIRCLE('',#2841,0.00657106781186547);
#152=CIRCLE('',#2842,0.00657106781186546);
#153=CIRCLE('',#2843,0.0075);
#154=CIRCLE('',#2844,0.00631725894550832);
#155=CIRCLE('',#2845,0.00631725894550831);
#156=CIRCLE('',#2846,0.0063172589455083);
#157=CIRCLE('',#2867,0.0005);
#158=CIRCLE('',#2870,0.0005);
#159=CIRCLE('',#2876,0.0005);
#160=CIRCLE('',#2878,0.0005);
#161=CIRCLE('',#2880,0.0005);
#162=CIRCLE('',#2882,0.0005);
#163=B_SPLINE_CURVE_WITH_KNOTS('',2,(#3604,#3605,#3606),.UNSPECIFIED.,.F.,
 .F.,(3,3),(0.,1.),.PIECEWISE_BEZIER_KNOTS.);
#164=B_SPLINE_CURVE_WITH_KNOTS('',2,(#3609,#3610,#3611),.UNSPECIFIED.,.F.,
 .F.,(3,3),(0.,1.),.PIECEWISE_BEZIER_KNOTS.);
#165=B_SPLINE_CURVE_WITH_KNOTS('',2,(#3613,#3614,#3615),.UNSPECIFIED.,.F.,
 .F.,(3,3),(0.,1.),.PIECEWISE_BEZIER_KNOTS.);
#166=B_SPLINE_CURVE_WITH_KNOTS('',2,(#3619,#3620,#3621),.UNSPECIFIED.,.F.,
 .F.,(3,3),(0.,1.),.PIECEWISE_BEZIER_KNOTS.);
#167=B_SPLINE_CURVE_WITH_KNOTS('',2,(#3625,#3626,#3627),.UNSPECIFIED.,.F.,
 .F.,(3,3),(0.,1.),.PIECEWISE_BEZIER_KNOTS.);
#168=B_SPLINE_CURVE_WITH_KNOTS('',2,(#3631,#3632,#3633),.UNSPECIFIED.,.F.,
 .F.,(3,3),(0.,1.),.PIECEWISE_BEZIER_KNOTS.);
#169=B_SPLINE_CURVE_WITH_KNOTS('',2,(#3635,#3636,#3637),.UNSPECIFIED.,.F.,
 .F.,(3,3),(0.,1.),.PIECEWISE_BEZIER_KNOTS.);
#170=B_SPLINE_CURVE_WITH_KNOTS('',2,(#3639,#3640,#3641),.UNSPECIFIED.,.F.,
 .F.,(3,3),(0.,1.),.PIECEWISE_BEZIER_KNOTS.);
#171=B_SPLINE_CURVE_WITH_KNOTS('',2,(#3643,#3644,#3645),.UNSPECIFIED.,.F.,
 .F.,(3,3),(0.,1.),.PIECEWISE_BEZIER_KNOTS.);
#172=B_SPLINE_CURVE_WITH_KNOTS('',2,(#3653,#3654,#3655),.UNSPECIFIED.,.F.,
 .F.,(3,3),(0.,1.),.PIECEWISE_BEZIER_KNOTS.);
#173=B_SPLINE_CURVE_WITH_KNOTS('',2,(#3657,#3658,#3659),.UNSPECIFIED.,.F.,
 .F.,(3,3),(0.,1.),.PIECEWISE_BEZIER_KNOTS.);
#174=B_SPLINE_CURVE_WITH_KNOTS('',2,(#3671,#3672,#3673),.UNSPECIFIED.,.F.,
 .F.,(3,3),(0.,1.),.PIECEWISE_BEZIER_KNOTS.);
#175=B_SPLINE_CURVE_WITH_KNOTS('',2,(#3675,#3676,#3677),.UNSPECIFIED.,.F.,
 .F.,(3,3),(0.,1.),.PIECEWISE_BEZIER_KNOTS.);
#176=B_SPLINE_CURVE_WITH_KNOTS('',2,(#3679,#3680,#3681),.UNSPECIFIED.,.F.,
 .F.,(3,3),(0.,1.),.PIECEWISE_BEZIER_KNOTS.);
#177=B_SPLINE_CURVE_WITH_KNOTS('',2,(#3683,#3684,#3685),.UNSPECIFIED.,.F.,
 .F.,(3,3),(0.,1.),.PIECEWISE_BEZIER_KNOTS.);
#178=B_SPLINE_CURVE_WITH_KNOTS('',2,(#3689,#3690,#3691),.UNSPECIFIED.,.F.,
 .F.,(3,3),(0.,1.),.PIECEWISE_BEZIER_KNOTS.);
#179=B_SPLINE_CURVE_WITH_KNOTS('',2,(#3719,#3720,#3721),.UNSPECIFIED.,.F.,
 .F.,(3,3),(0.,1.),.PIECEWISE_BEZIER_KNOTS.);
#180=B_SPLINE_CURVE_WITH_KNOTS('',2,(#3723,#3724,#3725),.UNSPECIFIED.,.F.,
 .F.,(3,3),(0.,1.),.PIECEWISE_BEZIER_KNOTS.);
#181=B_SPLINE_CURVE_WITH_KNOTS('',2,(#3727,#3728,#3729),.UNSPECIFIED.,.F.,
 .F.,(3,3),(0.,1.),.PIECEWISE_BEZIER_KNOTS.);
#182=B_SPLINE_CURVE_WITH_KNOTS('',2,(#3731,#3732,#3733),.UNSPECIFIED.,.F.,
 .F.,(3,3),(0.,1.),.PIECEWISE_BEZIER_KNOTS.);
#183=B_SPLINE_CURVE_WITH_KNOTS('',2,(#3735,#3736,#3737),.UNSPECIFIED.,.F.,
 .F.,(3,3),(0.,1.),.PIECEWISE_BEZIER_KNOTS.);
#184=B_SPLINE_CURVE_WITH_KNOTS('',2,(#3741,#3742,#3743),.UNSPECIFIED.,.F.,
 .F.,(3,3),(0.,1.),.PIECEWISE_BEZIER_KNOTS.);
#185=B_SPLINE_CURVE_WITH_KNOTS('',2,(#3747,#3748,#3749),.UNSPECIFIED.,.F.,
 .F.,(3,3),(0.,1.),.PIECEWISE_BEZIER_KNOTS.);
#186=B_SPLINE_CURVE_WITH_KNOTS('',2,(#3751,#3752,#3753),.UNSPECIFIED.,.F.,
 .F.,(3,3),(0.,1.),.PIECEWISE_BEZIER_KNOTS.);
#187=B_SPLINE_CURVE_WITH_KNOTS('',2,(#3757,#3758,#3759),.UNSPECIFIED.,.F.,
 .F.,(3,3),(0.,1.),.PIECEWISE_BEZIER_KNOTS.);
#188=B_SPLINE_CURVE_WITH_KNOTS('',2,(#3761,#3762,#3763),.UNSPECIFIED.,.F.,
 .F.,(3,3),(0.,1.),.PIECEWISE_BEZIER_KNOTS.);
#189=B_SPLINE_CURVE_WITH_KNOTS('',2,(#3795,#3796,#3797),.UNSPECIFIED.,.F.,
 .F.,(3,3),(0.,1.),.PIECEWISE_BEZIER_KNOTS.);
#190=B_SPLINE_CURVE_WITH_KNOTS('',2,(#3799,#3800,#3801),.UNSPECIFIED.,.F.,
 .F.,(3,3),(0.,1.),.PIECEWISE_BEZIER_KNOTS.);
#191=B_SPLINE_CURVE_WITH_KNOTS('',2,(#3817,#3818,#3819),.UNSPECIFIED.,.F.,
 .F.,(3,3),(0.,1.),.PIECEWISE_BEZIER_KNOTS.);
#192=B_SPLINE_CURVE_WITH_KNOTS('',2,(#3868,#3869,#3870),.UNSPECIFIED.,.F.,
 .F.,(3,3),(0.,1.),.PIECEWISE_BEZIER_KNOTS.);
#193=B_SPLINE_CURVE_WITH_KNOTS('',2,(#3872,#3873,#3874),.UNSPECIFIED.,.F.,
 .F.,(3,3),(0.,1.),.PIECEWISE_BEZIER_KNOTS.);
#194=B_SPLINE_CURVE_WITH_KNOTS('',2,(#3878,#3879,#3880),.UNSPECIFIED.,.F.,
 .F.,(3,3),(0.,1.),.PIECEWISE_BEZIER_KNOTS.);
#195=B_SPLINE_CURVE_WITH_KNOTS('',2,(#3882,#3883,#3884),.UNSPECIFIED.,.F.,
 .F.,(3,3),(0.,1.),.PIECEWISE_BEZIER_KNOTS.);
#196=B_SPLINE_CURVE_WITH_KNOTS('',2,(#3888,#3889,#3890),.UNSPECIFIED.,.F.,
 .F.,(3,3),(0.,1.),.PIECEWISE_BEZIER_KNOTS.);
#197=B_SPLINE_CURVE_WITH_KNOTS('',2,(#3894,#3895,#3896),.UNSPECIFIED.,.F.,
 .F.,(3,3),(0.,1.),.PIECEWISE_BEZIER_KNOTS.);
#198=B_SPLINE_CURVE_WITH_KNOTS('',2,(#3898,#3899,#3900),.UNSPECIFIED.,.F.,
 .F.,(3,3),(0.,1.),.PIECEWISE_BEZIER_KNOTS.);
#199=B_SPLINE_CURVE_WITH_KNOTS('',2,(#3902,#3903,#3904),.UNSPECIFIED.,.F.,
 .F.,(3,3),(0.,1.),.PIECEWISE_BEZIER_KNOTS.);
#200=B_SPLINE_CURVE_WITH_KNOTS('',2,(#3906,#3907,#3908),.UNSPECIFIED.,.F.,
 .F.,(3,3),(0.,1.),.PIECEWISE_BEZIER_KNOTS.);
#201=B_SPLINE_CURVE_WITH_KNOTS('',2,(#3910,#3911,#3912),.UNSPECIFIED.,.F.,
 .F.,(3,3),(0.,1.),.PIECEWISE_BEZIER_KNOTS.);
#202=B_SPLINE_CURVE_WITH_KNOTS('',2,(#3919,#3920,#3921),.UNSPECIFIED.,.F.,
 .F.,(3,3),(0.,1.),.PIECEWISE_BEZIER_KNOTS.);
#203=B_SPLINE_CURVE_WITH_KNOTS('',2,(#3924,#3925,#3926),.UNSPECIFIED.,.F.,
 .F.,(3,3),(0.,1.),.PIECEWISE_BEZIER_KNOTS.);
#204=B_SPLINE_CURVE_WITH_KNOTS('',2,(#3928,#3929,#3930),.UNSPECIFIED.,.F.,
 .F.,(3,3),(0.,1.),.PIECEWISE_BEZIER_KNOTS.);
#205=B_SPLINE_CURVE_WITH_KNOTS('',2,(#3934,#3935,#3936),.UNSPECIFIED.,.F.,
 .F.,(3,3),(0.,1.),.PIECEWISE_BEZIER_KNOTS.);
#206=B_SPLINE_CURVE_WITH_KNOTS('',2,(#3938,#3939,#3940),.UNSPECIFIED.,.F.,
 .F.,(3,3),(0.,1.),.PIECEWISE_BEZIER_KNOTS.);
#207=B_SPLINE_CURVE_WITH_KNOTS('',2,(#3942,#3943,#3944),.UNSPECIFIED.,.F.,
 .F.,(3,3),(0.,1.),.PIECEWISE_BEZIER_KNOTS.);
#208=B_SPLINE_CURVE_WITH_KNOTS('',2,(#3946,#3947,#3948),.UNSPECIFIED.,.F.,
 .F.,(3,3),(0.,1.),.PIECEWISE_BEZIER_KNOTS.);
#209=B_SPLINE_CURVE_WITH_KNOTS('',2,(#3960,#3961,#3962),.UNSPECIFIED.,.F.,
 .F.,(3,3),(0.,1.),.PIECEWISE_BEZIER_KNOTS.);
#210=B_SPLINE_CURVE_WITH_KNOTS('',2,(#3964,#3965,#3966),.UNSPECIFIED.,.F.,
 .F.,(3,3),(0.,1.),.PIECEWISE_BEZIER_KNOTS.);
#211=B_SPLINE_CURVE_WITH_KNOTS('',2,(#3974,#3975,#3976),.UNSPECIFIED.,.F.,
 .F.,(3,3),(0.,1.),.PIECEWISE_BEZIER_KNOTS.);
#212=B_SPLINE_CURVE_WITH_KNOTS('',2,(#3978,#3979,#3980),.UNSPECIFIED.,.F.,
 .F.,(3,3),(0.,1.),.PIECEWISE_BEZIER_KNOTS.);
#213=B_SPLINE_CURVE_WITH_KNOTS('',2,(#3982,#3983,#3984),.UNSPECIFIED.,.F.,
 .F.,(3,3),(0.,1.),.PIECEWISE_BEZIER_KNOTS.);
#214=B_SPLINE_CURVE_WITH_KNOTS('',2,(#3986,#3987,#3988),.UNSPECIFIED.,.F.,
 .F.,(3,3),(0.,1.),.PIECEWISE_BEZIER_KNOTS.);
#215=B_SPLINE_CURVE_WITH_KNOTS('',2,(#3992,#3993,#3994),.UNSPECIFIED.,.F.,
 .F.,(3,3),(0.,1.),.PIECEWISE_BEZIER_KNOTS.);
#216=B_SPLINE_CURVE_WITH_KNOTS('',2,(#3998,#3999,#4000),.UNSPECIFIED.,.F.,
 .F.,(3,3),(0.,1.),.PIECEWISE_BEZIER_KNOTS.);
#217=B_SPLINE_CURVE_WITH_KNOTS('',2,(#4004,#4005,#4006),.UNSPECIFIED.,.F.,
 .F.,(3,3),(0.,1.),.PIECEWISE_BEZIER_KNOTS.);
#218=B_SPLINE_CURVE_WITH_KNOTS('',2,(#4014,#4015,#4016),.UNSPECIFIED.,.F.,
 .F.,(3,3),(0.,1.),.PIECEWISE_BEZIER_KNOTS.);
#219=B_SPLINE_CURVE_WITH_KNOTS('',2,(#4018,#4019,#4020),.UNSPECIFIED.,.F.,
 .F.,(3,3),(0.,1.),.PIECEWISE_BEZIER_KNOTS.);
#220=B_SPLINE_CURVE_WITH_KNOTS('',2,(#4062,#4063,#4064),.UNSPECIFIED.,.F.,
 .F.,(3,3),(0.,1.),.PIECEWISE_BEZIER_KNOTS.);
#221=B_SPLINE_CURVE_WITH_KNOTS('',3,(#4286,#4287,#4288,#4289),
 .UNSPECIFIED.,.F.,.F.,(4,4),(0.,0.00141613735595567),.UNSPECIFIED.);
#222=B_SPLINE_CURVE_WITH_KNOTS('',3,(#4293,#4294,#4295,#4296),
 .UNSPECIFIED.,.F.,.F.,(4,4),(0.,0.00141613735595482),.UNSPECIFIED.);
#223=B_SPLINE_CURVE_WITH_KNOTS('',3,(#4298,#4299,#4300,#4301),
 .UNSPECIFIED.,.F.,.F.,(4,4),(0.,0.00141613735595483),.UNSPECIFIED.);
#224=B_SPLINE_CURVE_WITH_KNOTS('',3,(#4303,#4304,#4305,#4306),
 .UNSPECIFIED.,.F.,.F.,(4,4),(8.46264183545227E-16,0.00141613735595567),
 .UNSPECIFIED.);
#225=B_SPLINE_CURVE_WITH_KNOTS('',3,(#4330,#4331,#4332,#4333),
 .UNSPECIFIED.,.F.,.F.,(4,4),(0.,0.000782141600464643),.UNSPECIFIED.);
#226=B_SPLINE_CURVE_WITH_KNOTS('',3,(#4337,#4338,#4339,#4340),
 .UNSPECIFIED.,.F.,.F.,(4,4),(0.,0.000782141600464642),.UNSPECIFIED.);
#227=B_SPLINE_CURVE_WITH_KNOTS('',3,(#4342,#4343,#4344,#4345),
 .UNSPECIFIED.,.F.,.F.,(4,4),(0.,0.000782141600464644),.UNSPECIFIED.);
#228=B_SPLINE_CURVE_WITH_KNOTS('',3,(#4347,#4348,#4349,#4350),
 .UNSPECIFIED.,.F.,.F.,(4,4),(0.,0.000782141600464643),.UNSPECIFIED.);
#229=ORIENTED_EDGE('',*,*,#1023,.F.);
#230=ORIENTED_EDGE('',*,*,#1024,.F.);
#231=ORIENTED_EDGE('',*,*,#1025,.F.);
#232=ORIENTED_EDGE('',*,*,#1026,.F.);
#233=ORIENTED_EDGE('',*,*,#1027,.F.);
#234=ORIENTED_EDGE('',*,*,#1028,.F.);
#235=ORIENTED_EDGE('',*,*,#1029,.F.);
#236=ORIENTED_EDGE('',*,*,#1030,.F.);
#237=ORIENTED_EDGE('',*,*,#1031,.F.);
#238=ORIENTED_EDGE('',*,*,#1032,.F.);
#239=ORIENTED_EDGE('',*,*,#1033,.F.);
#240=ORIENTED_EDGE('',*,*,#1034,.F.);
#241=ORIENTED_EDGE('',*,*,#1035,.F.);
#242=ORIENTED_EDGE('',*,*,#1036,.F.);
#243=ORIENTED_EDGE('',*,*,#1037,.F.);
#244=ORIENTED_EDGE('',*,*,#1038,.F.);
#245=ORIENTED_EDGE('',*,*,#1039,.F.);
#246=ORIENTED_EDGE('',*,*,#1040,.F.);
#247=ORIENTED_EDGE('',*,*,#1041,.F.);
#248=ORIENTED_EDGE('',*,*,#1042,.F.);
#249=ORIENTED_EDGE('',*,*,#1043,.F.);
#250=ORIENTED_EDGE('',*,*,#1044,.F.);
#251=ORIENTED_EDGE('',*,*,#1045,.F.);
#252=ORIENTED_EDGE('',*,*,#1046,.F.);
#253=ORIENTED_EDGE('',*,*,#1047,.F.);
#254=ORIENTED_EDGE('',*,*,#1048,.F.);
#255=ORIENTED_EDGE('',*,*,#1049,.F.);
#256=ORIENTED_EDGE('',*,*,#1050,.F.);
#257=ORIENTED_EDGE('',*,*,#1051,.F.);
#258=ORIENTED_EDGE('',*,*,#1052,.F.);
#259=ORIENTED_EDGE('',*,*,#1053,.F.);
#260=ORIENTED_EDGE('',*,*,#1054,.F.);
#261=ORIENTED_EDGE('',*,*,#1055,.F.);
#262=ORIENTED_EDGE('',*,*,#1056,.F.);
#263=ORIENTED_EDGE('',*,*,#1057,.F.);
#264=ORIENTED_EDGE('',*,*,#1058,.F.);
#265=ORIENTED_EDGE('',*,*,#1059,.F.);
#266=ORIENTED_EDGE('',*,*,#1060,.F.);
#267=ORIENTED_EDGE('',*,*,#1061,.F.);
#268=ORIENTED_EDGE('',*,*,#1062,.T.);
#269=ORIENTED_EDGE('',*,*,#1063,.T.);
#270=ORIENTED_EDGE('',*,*,#1064,.F.);
#271=ORIENTED_EDGE('',*,*,#1065,.T.);
#272=ORIENTED_EDGE('',*,*,#1066,.T.);
#273=ORIENTED_EDGE('',*,*,#1067,.F.);
#274=ORIENTED_EDGE('',*,*,#1068,.T.);
#275=ORIENTED_EDGE('',*,*,#1069,.T.);
#276=ORIENTED_EDGE('',*,*,#1070,.F.);
#277=ORIENTED_EDGE('',*,*,#1071,.F.);
#278=ORIENTED_EDGE('',*,*,#1072,.F.);
#279=ORIENTED_EDGE('',*,*,#1073,.F.);
#280=ORIENTED_EDGE('',*,*,#1074,.F.);
#281=ORIENTED_EDGE('',*,*,#1075,.F.);
#282=ORIENTED_EDGE('',*,*,#1076,.F.);
#283=ORIENTED_EDGE('',*,*,#1077,.F.);
#284=ORIENTED_EDGE('',*,*,#1078,.F.);
#285=ORIENTED_EDGE('',*,*,#1079,.F.);
#286=ORIENTED_EDGE('',*,*,#1080,.F.);
#287=ORIENTED_EDGE('',*,*,#1081,.F.);
#288=ORIENTED_EDGE('',*,*,#1082,.F.);
#289=ORIENTED_EDGE('',*,*,#1083,.F.);
#290=ORIENTED_EDGE('',*,*,#1084,.F.);
#291=ORIENTED_EDGE('',*,*,#1085,.F.);
#292=ORIENTED_EDGE('',*,*,#1086,.F.);
#293=ORIENTED_EDGE('',*,*,#1087,.F.);
#294=ORIENTED_EDGE('',*,*,#1088,.F.);
#295=ORIENTED_EDGE('',*,*,#1089,.F.);
#296=ORIENTED_EDGE('',*,*,#1090,.F.);
#297=ORIENTED_EDGE('',*,*,#1091,.F.);
#298=ORIENTED_EDGE('',*,*,#1092,.F.);
#299=ORIENTED_EDGE('',*,*,#1093,.F.);
#300=ORIENTED_EDGE('',*,*,#1094,.F.);
#301=ORIENTED_EDGE('',*,*,#1095,.T.);
#302=ORIENTED_EDGE('',*,*,#1096,.T.);
#303=ORIENTED_EDGE('',*,*,#1097,.T.);
#304=ORIENTED_EDGE('',*,*,#1098,.F.);
#305=ORIENTED_EDGE('',*,*,#1099,.F.);
#306=ORIENTED_EDGE('',*,*,#1100,.F.);
#307=ORIENTED_EDGE('',*,*,#1101,.F.);
#308=ORIENTED_EDGE('',*,*,#1102,.F.);
#309=ORIENTED_EDGE('',*,*,#1103,.F.);
#310=ORIENTED_EDGE('',*,*,#1104,.F.);
#311=ORIENTED_EDGE('',*,*,#1105,.F.);
#312=ORIENTED_EDGE('',*,*,#1106,.F.);
#313=ORIENTED_EDGE('',*,*,#1107,.F.);
#314=ORIENTED_EDGE('',*,*,#1108,.F.);
#315=ORIENTED_EDGE('',*,*,#1109,.F.);
#316=ORIENTED_EDGE('',*,*,#1110,.F.);
#317=ORIENTED_EDGE('',*,*,#1111,.F.);
#318=ORIENTED_EDGE('',*,*,#1112,.F.);
#319=ORIENTED_EDGE('',*,*,#1113,.F.);
#320=ORIENTED_EDGE('',*,*,#1114,.F.);
#321=ORIENTED_EDGE('',*,*,#1115,.F.);
#322=ORIENTED_EDGE('',*,*,#1116,.T.);
#323=ORIENTED_EDGE('',*,*,#1117,.T.);
#324=ORIENTED_EDGE('',*,*,#1118,.T.);
#325=ORIENTED_EDGE('',*,*,#1119,.T.);
#326=ORIENTED_EDGE('',*,*,#1120,.T.);
#327=ORIENTED_EDGE('',*,*,#1121,.T.);
#328=ORIENTED_EDGE('',*,*,#1122,.T.);
#329=ORIENTED_EDGE('',*,*,#1123,.T.);
#330=ORIENTED_EDGE('',*,*,#1124,.T.);
#331=ORIENTED_EDGE('',*,*,#1125,.T.);
#332=ORIENTED_EDGE('',*,*,#1126,.T.);
#333=ORIENTED_EDGE('',*,*,#1127,.T.);
#334=ORIENTED_EDGE('',*,*,#1128,.T.);
#335=ORIENTED_EDGE('',*,*,#1129,.T.);
#336=ORIENTED_EDGE('',*,*,#1130,.T.);
#337=ORIENTED_EDGE('',*,*,#1131,.T.);
#338=ORIENTED_EDGE('',*,*,#1132,.T.);
#339=ORIENTED_EDGE('',*,*,#1133,.T.);
#340=ORIENTED_EDGE('',*,*,#1134,.T.);
#341=ORIENTED_EDGE('',*,*,#1135,.T.);
#342=ORIENTED_EDGE('',*,*,#1136,.T.);
#343=ORIENTED_EDGE('',*,*,#1137,.T.);
#344=ORIENTED_EDGE('',*,*,#1138,.T.);
#345=ORIENTED_EDGE('',*,*,#1139,.T.);
#346=ORIENTED_EDGE('',*,*,#1140,.T.);
#347=ORIENTED_EDGE('',*,*,#1141,.T.);
#348=ORIENTED_EDGE('',*,*,#1142,.T.);
#349=ORIENTED_EDGE('',*,*,#1143,.T.);
#350=ORIENTED_EDGE('',*,*,#1144,.T.);
#351=ORIENTED_EDGE('',*,*,#1145,.T.);
#352=ORIENTED_EDGE('',*,*,#1146,.T.);
#353=ORIENTED_EDGE('',*,*,#1147,.T.);
#354=ORIENTED_EDGE('',*,*,#1148,.T.);
#355=ORIENTED_EDGE('',*,*,#1149,.T.);
#356=ORIENTED_EDGE('',*,*,#1150,.T.);
#357=ORIENTED_EDGE('',*,*,#1151,.T.);
#358=ORIENTED_EDGE('',*,*,#1152,.T.);
#359=ORIENTED_EDGE('',*,*,#1153,.T.);
#360=ORIENTED_EDGE('',*,*,#1154,.T.);
#361=ORIENTED_EDGE('',*,*,#1155,.T.);
#362=ORIENTED_EDGE('',*,*,#1156,.T.);
#363=ORIENTED_EDGE('',*,*,#1157,.T.);
#364=ORIENTED_EDGE('',*,*,#1158,.T.);
#365=ORIENTED_EDGE('',*,*,#1159,.T.);
#366=ORIENTED_EDGE('',*,*,#1160,.T.);
#367=ORIENTED_EDGE('',*,*,#1161,.T.);
#368=ORIENTED_EDGE('',*,*,#1162,.T.);
#369=ORIENTED_EDGE('',*,*,#1163,.T.);
#370=ORIENTED_EDGE('',*,*,#1164,.T.);
#371=ORIENTED_EDGE('',*,*,#1165,.T.);
#372=ORIENTED_EDGE('',*,*,#1166,.T.);
#373=ORIENTED_EDGE('',*,*,#1167,.T.);
#374=ORIENTED_EDGE('',*,*,#1168,.T.);
#375=ORIENTED_EDGE('',*,*,#1169,.T.);
#376=ORIENTED_EDGE('',*,*,#1170,.T.);
#377=ORIENTED_EDGE('',*,*,#1171,.T.);
#378=ORIENTED_EDGE('',*,*,#1172,.T.);
#379=ORIENTED_EDGE('',*,*,#1173,.T.);
#380=ORIENTED_EDGE('',*,*,#1174,.T.);
#381=ORIENTED_EDGE('',*,*,#1175,.T.);
#382=ORIENTED_EDGE('',*,*,#1176,.T.);
#383=ORIENTED_EDGE('',*,*,#1177,.T.);
#384=ORIENTED_EDGE('',*,*,#1178,.T.);
#385=ORIENTED_EDGE('',*,*,#1179,.T.);
#386=ORIENTED_EDGE('',*,*,#1180,.T.);
#387=ORIENTED_EDGE('',*,*,#1181,.T.);
#388=ORIENTED_EDGE('',*,*,#1182,.T.);
#389=ORIENTED_EDGE('',*,*,#1183,.T.);
#390=ORIENTED_EDGE('',*,*,#1184,.T.);
#391=ORIENTED_EDGE('',*,*,#1185,.T.);
#392=ORIENTED_EDGE('',*,*,#1186,.T.);
#393=ORIENTED_EDGE('',*,*,#1187,.T.);
#394=ORIENTED_EDGE('',*,*,#1188,.T.);
#395=ORIENTED_EDGE('',*,*,#1189,.T.);
#396=ORIENTED_EDGE('',*,*,#1190,.T.);
#397=ORIENTED_EDGE('',*,*,#1191,.T.);
#398=ORIENTED_EDGE('',*,*,#1192,.T.);
#399=ORIENTED_EDGE('',*,*,#1193,.T.);
#400=ORIENTED_EDGE('',*,*,#1194,.T.);
#401=ORIENTED_EDGE('',*,*,#1195,.T.);
#402=ORIENTED_EDGE('',*,*,#1196,.T.);
#403=ORIENTED_EDGE('',*,*,#1197,.T.);
#404=ORIENTED_EDGE('',*,*,#1198,.T.);
#405=ORIENTED_EDGE('',*,*,#1199,.T.);
#406=ORIENTED_EDGE('',*,*,#1200,.T.);
#407=ORIENTED_EDGE('',*,*,#1201,.T.);
#408=ORIENTED_EDGE('',*,*,#1202,.T.);
#409=ORIENTED_EDGE('',*,*,#1203,.T.);
#410=ORIENTED_EDGE('',*,*,#1204,.T.);
#411=ORIENTED_EDGE('',*,*,#1205,.T.);
#412=ORIENTED_EDGE('',*,*,#1206,.T.);
#413=ORIENTED_EDGE('',*,*,#1207,.T.);
#414=ORIENTED_EDGE('',*,*,#1208,.T.);
#415=ORIENTED_EDGE('',*,*,#1209,.F.);
#416=ORIENTED_EDGE('',*,*,#1210,.T.);
#417=ORIENTED_EDGE('',*,*,#1211,.T.);
#418=ORIENTED_EDGE('',*,*,#1091,.T.);
#419=ORIENTED_EDGE('',*,*,#1212,.F.);
#420=ORIENTED_EDGE('',*,*,#1099,.T.);
#421=ORIENTED_EDGE('',*,*,#1213,.F.);
#422=ORIENTED_EDGE('',*,*,#1214,.T.);
#423=ORIENTED_EDGE('',*,*,#1210,.F.);
#424=ORIENTED_EDGE('',*,*,#1215,.T.);
#425=ORIENTED_EDGE('',*,*,#1216,.T.);
#426=ORIENTED_EDGE('',*,*,#1217,.T.);
#427=ORIENTED_EDGE('',*,*,#1214,.F.);
#428=ORIENTED_EDGE('',*,*,#1218,.F.);
#429=ORIENTED_EDGE('',*,*,#1219,.F.);
#430=ORIENTED_EDGE('',*,*,#1220,.T.);
#431=ORIENTED_EDGE('',*,*,#1221,.T.);
#432=ORIENTED_EDGE('',*,*,#1222,.T.);
#433=ORIENTED_EDGE('',*,*,#1223,.F.);
#434=ORIENTED_EDGE('',*,*,#1224,.T.);
#435=ORIENTED_EDGE('',*,*,#1223,.T.);
#436=ORIENTED_EDGE('',*,*,#1225,.T.);
#437=ORIENTED_EDGE('',*,*,#1226,.F.);
#438=ORIENTED_EDGE('',*,*,#1227,.T.);
#439=ORIENTED_EDGE('',*,*,#1226,.T.);
#440=ORIENTED_EDGE('',*,*,#1228,.T.);
#441=ORIENTED_EDGE('',*,*,#1229,.F.);
#442=ORIENTED_EDGE('',*,*,#1230,.T.);
#443=ORIENTED_EDGE('',*,*,#1229,.T.);
#444=ORIENTED_EDGE('',*,*,#1231,.T.);
#445=ORIENTED_EDGE('',*,*,#1232,.F.);
#446=ORIENTED_EDGE('',*,*,#1233,.T.);
#447=ORIENTED_EDGE('',*,*,#1232,.T.);
#448=ORIENTED_EDGE('',*,*,#1234,.T.);
#449=ORIENTED_EDGE('',*,*,#1235,.F.);
#450=ORIENTED_EDGE('',*,*,#1236,.T.);
#451=ORIENTED_EDGE('',*,*,#1235,.T.);
#452=ORIENTED_EDGE('',*,*,#1237,.T.);
#453=ORIENTED_EDGE('',*,*,#1238,.F.);
#454=ORIENTED_EDGE('',*,*,#1239,.T.);
#455=ORIENTED_EDGE('',*,*,#1238,.T.);
#456=ORIENTED_EDGE('',*,*,#1240,.T.);
#457=ORIENTED_EDGE('',*,*,#1241,.F.);
#458=ORIENTED_EDGE('',*,*,#1242,.T.);
#459=ORIENTED_EDGE('',*,*,#1243,.F.);
#460=ORIENTED_EDGE('',*,*,#1244,.T.);
#461=ORIENTED_EDGE('',*,*,#1245,.T.);
#462=ORIENTED_EDGE('',*,*,#1246,.F.);
#463=ORIENTED_EDGE('',*,*,#1247,.F.);
#464=ORIENTED_EDGE('',*,*,#1248,.T.);
#465=ORIENTED_EDGE('',*,*,#1243,.T.);
#466=ORIENTED_EDGE('',*,*,#1249,.F.);
#467=ORIENTED_EDGE('',*,*,#1250,.F.);
#468=ORIENTED_EDGE('',*,*,#1251,.T.);
#469=ORIENTED_EDGE('',*,*,#1247,.T.);
#470=ORIENTED_EDGE('',*,*,#1252,.F.);
#471=ORIENTED_EDGE('',*,*,#1253,.F.);
#472=ORIENTED_EDGE('',*,*,#1254,.T.);
#473=ORIENTED_EDGE('',*,*,#1255,.T.);
#474=ORIENTED_EDGE('',*,*,#1256,.F.);
#475=ORIENTED_EDGE('',*,*,#1257,.F.);
#476=ORIENTED_EDGE('',*,*,#1258,.T.);
#477=ORIENTED_EDGE('',*,*,#1253,.T.);
#478=ORIENTED_EDGE('',*,*,#1259,.T.);
#479=ORIENTED_EDGE('',*,*,#1260,.F.);
#480=ORIENTED_EDGE('',*,*,#1261,.T.);
#481=ORIENTED_EDGE('',*,*,#1257,.T.);
#482=ORIENTED_EDGE('',*,*,#1262,.F.);
#483=ORIENTED_EDGE('',*,*,#1245,.F.);
#484=ORIENTED_EDGE('',*,*,#1263,.T.);
#485=ORIENTED_EDGE('',*,*,#1250,.T.);
#486=ORIENTED_EDGE('',*,*,#1264,.F.);
#487=ORIENTED_EDGE('',*,*,#1255,.F.);
#488=ORIENTED_EDGE('',*,*,#1265,.T.);
#489=ORIENTED_EDGE('',*,*,#1260,.T.);
#490=ORIENTED_EDGE('',*,*,#1266,.T.);
#491=ORIENTED_EDGE('',*,*,#1241,.T.);
#492=ORIENTED_EDGE('',*,*,#1267,.T.);
#493=ORIENTED_EDGE('',*,*,#1221,.F.);
#494=ORIENTED_EDGE('',*,*,#1268,.T.);
#495=ORIENTED_EDGE('',*,*,#1067,.T.);
#496=ORIENTED_EDGE('',*,*,#1269,.F.);
#497=ORIENTED_EDGE('',*,*,#1270,.F.);
#498=ORIENTED_EDGE('',*,*,#1271,.T.);
#499=ORIENTED_EDGE('',*,*,#1068,.F.);
#500=ORIENTED_EDGE('',*,*,#1271,.F.);
#501=ORIENTED_EDGE('',*,*,#1272,.T.);
#502=ORIENTED_EDGE('',*,*,#1273,.T.);
#503=ORIENTED_EDGE('',*,*,#1069,.F.);
#504=ORIENTED_EDGE('',*,*,#1273,.F.);
#505=ORIENTED_EDGE('',*,*,#1274,.T.);
#506=ORIENTED_EDGE('',*,*,#1275,.T.);
#507=ORIENTED_EDGE('',*,*,#1066,.F.);
#508=ORIENTED_EDGE('',*,*,#1275,.F.);
#509=ORIENTED_EDGE('',*,*,#1276,.T.);
#510=ORIENTED_EDGE('',*,*,#1269,.T.);
#511=ORIENTED_EDGE('',*,*,#1270,.T.);
#512=ORIENTED_EDGE('',*,*,#1276,.F.);
#513=ORIENTED_EDGE('',*,*,#1274,.F.);
#514=ORIENTED_EDGE('',*,*,#1272,.F.);
#515=ORIENTED_EDGE('',*,*,#1246,.T.);
#516=ORIENTED_EDGE('',*,*,#1264,.T.);
#517=ORIENTED_EDGE('',*,*,#1252,.T.);
#518=ORIENTED_EDGE('',*,*,#1249,.T.);
#519=ORIENTED_EDGE('',*,*,#1062,.F.);
#520=ORIENTED_EDGE('',*,*,#1277,.F.);
#521=ORIENTED_EDGE('',*,*,#1278,.T.);
#522=ORIENTED_EDGE('',*,*,#1279,.T.);
#523=ORIENTED_EDGE('',*,*,#1063,.F.);
#524=ORIENTED_EDGE('',*,*,#1279,.F.);
#525=ORIENTED_EDGE('',*,*,#1280,.T.);
#526=ORIENTED_EDGE('',*,*,#1281,.T.);
#527=ORIENTED_EDGE('',*,*,#1064,.T.);
#528=ORIENTED_EDGE('',*,*,#1281,.F.);
#529=ORIENTED_EDGE('',*,*,#1282,.F.);
#530=ORIENTED_EDGE('',*,*,#1283,.T.);
#531=ORIENTED_EDGE('',*,*,#1065,.F.);
#532=ORIENTED_EDGE('',*,*,#1283,.F.);
#533=ORIENTED_EDGE('',*,*,#1284,.T.);
#534=ORIENTED_EDGE('',*,*,#1277,.T.);
#535=ORIENTED_EDGE('',*,*,#1278,.F.);
#536=ORIENTED_EDGE('',*,*,#1284,.F.);
#537=ORIENTED_EDGE('',*,*,#1282,.T.);
#538=ORIENTED_EDGE('',*,*,#1280,.F.);
#539=ORIENTED_EDGE('',*,*,#1256,.T.);
#540=ORIENTED_EDGE('',*,*,#1266,.F.);
#541=ORIENTED_EDGE('',*,*,#1262,.T.);
#542=ORIENTED_EDGE('',*,*,#1259,.F.);
#543=ORIENTED_EDGE('',*,*,#1285,.F.);
#544=ORIENTED_EDGE('',*,*,#1286,.T.);
#545=ORIENTED_EDGE('',*,*,#1287,.T.);
#546=ORIENTED_EDGE('',*,*,#1094,.T.);
#547=ORIENTED_EDGE('',*,*,#1287,.F.);
#548=ORIENTED_EDGE('',*,*,#1288,.T.);
#549=ORIENTED_EDGE('',*,*,#1289,.T.);
#550=ORIENTED_EDGE('',*,*,#1095,.F.);
#551=ORIENTED_EDGE('',*,*,#1289,.F.);
#552=ORIENTED_EDGE('',*,*,#1290,.T.);
#553=ORIENTED_EDGE('',*,*,#1291,.T.);
#554=ORIENTED_EDGE('',*,*,#1096,.F.);
#555=ORIENTED_EDGE('',*,*,#1291,.F.);
#556=ORIENTED_EDGE('',*,*,#1292,.T.);
#557=ORIENTED_EDGE('',*,*,#1293,.T.);
#558=ORIENTED_EDGE('',*,*,#1097,.F.);
#559=ORIENTED_EDGE('',*,*,#1293,.F.);
#560=ORIENTED_EDGE('',*,*,#1294,.T.);
#561=ORIENTED_EDGE('',*,*,#1213,.T.);
#562=ORIENTED_EDGE('',*,*,#1098,.T.);
#563=ORIENTED_EDGE('',*,*,#1211,.F.);
#564=ORIENTED_EDGE('',*,*,#1295,.T.);
#565=ORIENTED_EDGE('',*,*,#1296,.T.);
#566=ORIENTED_EDGE('',*,*,#1092,.T.);
#567=ORIENTED_EDGE('',*,*,#1296,.F.);
#568=ORIENTED_EDGE('',*,*,#1297,.T.);
#569=ORIENTED_EDGE('',*,*,#1285,.T.);
#570=ORIENTED_EDGE('',*,*,#1093,.T.);
#571=ORIENTED_EDGE('',*,*,#1298,.T.);
#572=ORIENTED_EDGE('',*,*,#1299,.T.);
#573=ORIENTED_EDGE('',*,*,#1300,.T.);
#574=ORIENTED_EDGE('',*,*,#1301,.T.);
#575=ORIENTED_EDGE('',*,*,#1302,.T.);
#576=ORIENTED_EDGE('',*,*,#1303,.T.);
#577=ORIENTED_EDGE('',*,*,#1304,.T.);
#578=ORIENTED_EDGE('',*,*,#1305,.T.);
#579=ORIENTED_EDGE('',*,*,#1306,.T.);
#580=ORIENTED_EDGE('',*,*,#1307,.T.);
#581=ORIENTED_EDGE('',*,*,#1308,.T.);
#582=ORIENTED_EDGE('',*,*,#1309,.T.);
#583=ORIENTED_EDGE('',*,*,#1310,.T.);
#584=ORIENTED_EDGE('',*,*,#1311,.T.);
#585=ORIENTED_EDGE('',*,*,#1219,.T.);
#586=ORIENTED_EDGE('',*,*,#1312,.T.);
#587=ORIENTED_EDGE('',*,*,#1313,.F.);
#588=ORIENTED_EDGE('',*,*,#1239,.F.);
#589=ORIENTED_EDGE('',*,*,#1314,.F.);
#590=ORIENTED_EDGE('',*,*,#1121,.F.);
#591=ORIENTED_EDGE('',*,*,#1314,.T.);
#592=ORIENTED_EDGE('',*,*,#1242,.F.);
#593=ORIENTED_EDGE('',*,*,#1315,.F.);
#594=ORIENTED_EDGE('',*,*,#1122,.F.);
#595=ORIENTED_EDGE('',*,*,#1313,.T.);
#596=ORIENTED_EDGE('',*,*,#1120,.F.);
#597=ORIENTED_EDGE('',*,*,#1316,.F.);
#598=ORIENTED_EDGE('',*,*,#1236,.F.);
#599=ORIENTED_EDGE('',*,*,#1315,.T.);
#600=ORIENTED_EDGE('',*,*,#1268,.F.);
#601=ORIENTED_EDGE('',*,*,#1317,.F.);
#602=ORIENTED_EDGE('',*,*,#1123,.F.);
#603=ORIENTED_EDGE('',*,*,#1316,.T.);
#604=ORIENTED_EDGE('',*,*,#1119,.F.);
#605=ORIENTED_EDGE('',*,*,#1318,.F.);
#606=ORIENTED_EDGE('',*,*,#1233,.F.);
#607=ORIENTED_EDGE('',*,*,#1317,.T.);
#608=ORIENTED_EDGE('',*,*,#1224,.F.);
#609=ORIENTED_EDGE('',*,*,#1319,.F.);
#610=ORIENTED_EDGE('',*,*,#1116,.F.);
#611=ORIENTED_EDGE('',*,*,#1318,.T.);
#612=ORIENTED_EDGE('',*,*,#1118,.F.);
#613=ORIENTED_EDGE('',*,*,#1320,.F.);
#614=ORIENTED_EDGE('',*,*,#1230,.F.);
#615=ORIENTED_EDGE('',*,*,#1319,.T.);
#616=ORIENTED_EDGE('',*,*,#1227,.F.);
#617=ORIENTED_EDGE('',*,*,#1320,.T.);
#618=ORIENTED_EDGE('',*,*,#1117,.F.);
#619=ORIENTED_EDGE('',*,*,#1321,.F.);
#620=ORIENTED_EDGE('',*,*,#1127,.F.);
#621=ORIENTED_EDGE('',*,*,#1322,.F.);
#622=ORIENTED_EDGE('',*,*,#1244,.F.);
#623=ORIENTED_EDGE('',*,*,#1322,.T.);
#624=ORIENTED_EDGE('',*,*,#1126,.F.);
#625=ORIENTED_EDGE('',*,*,#1323,.F.);
#626=ORIENTED_EDGE('',*,*,#1263,.F.);
#627=ORIENTED_EDGE('',*,*,#1321,.T.);
#628=ORIENTED_EDGE('',*,*,#1248,.F.);
#629=ORIENTED_EDGE('',*,*,#1324,.F.);
#630=ORIENTED_EDGE('',*,*,#1124,.F.);
#631=ORIENTED_EDGE('',*,*,#1323,.T.);
#632=ORIENTED_EDGE('',*,*,#1125,.F.);
#633=ORIENTED_EDGE('',*,*,#1324,.T.);
#634=ORIENTED_EDGE('',*,*,#1251,.F.);
#635=ORIENTED_EDGE('',*,*,#1325,.F.);
#636=ORIENTED_EDGE('',*,*,#1265,.F.);
#637=ORIENTED_EDGE('',*,*,#1326,.F.);
#638=ORIENTED_EDGE('',*,*,#1131,.F.);
#639=ORIENTED_EDGE('',*,*,#1326,.T.);
#640=ORIENTED_EDGE('',*,*,#1254,.F.);
#641=ORIENTED_EDGE('',*,*,#1327,.F.);
#642=ORIENTED_EDGE('',*,*,#1128,.F.);
#643=ORIENTED_EDGE('',*,*,#1325,.T.);
#644=ORIENTED_EDGE('',*,*,#1130,.F.);
#645=ORIENTED_EDGE('',*,*,#1328,.F.);
#646=ORIENTED_EDGE('',*,*,#1261,.F.);
#647=ORIENTED_EDGE('',*,*,#1327,.T.);
#648=ORIENTED_EDGE('',*,*,#1258,.F.);
#649=ORIENTED_EDGE('',*,*,#1328,.T.);
#650=ORIENTED_EDGE('',*,*,#1129,.F.);
#651=ORIENTED_EDGE('',*,*,#1329,.F.);
#652=ORIENTED_EDGE('',*,*,#1305,.F.);
#653=ORIENTED_EDGE('',*,*,#1330,.F.);
#654=ORIENTED_EDGE('',*,*,#1237,.F.);
#655=ORIENTED_EDGE('',*,*,#1330,.T.);
#656=ORIENTED_EDGE('',*,*,#1304,.F.);
#657=ORIENTED_EDGE('',*,*,#1331,.F.);
#658=ORIENTED_EDGE('',*,*,#1240,.F.);
#659=ORIENTED_EDGE('',*,*,#1329,.T.);
#660=ORIENTED_EDGE('',*,*,#1234,.F.);
#661=ORIENTED_EDGE('',*,*,#1332,.F.);
#662=ORIENTED_EDGE('',*,*,#1298,.F.);
#663=ORIENTED_EDGE('',*,*,#1331,.T.);
#664=ORIENTED_EDGE('',*,*,#1303,.F.);
#665=ORIENTED_EDGE('',*,*,#1333,.F.);
#666=ORIENTED_EDGE('',*,*,#1267,.F.);
#667=ORIENTED_EDGE('',*,*,#1332,.T.);
#668=ORIENTED_EDGE('',*,*,#1231,.F.);
#669=ORIENTED_EDGE('',*,*,#1334,.F.);
#670=ORIENTED_EDGE('',*,*,#1299,.F.);
#671=ORIENTED_EDGE('',*,*,#1333,.T.);
#672=ORIENTED_EDGE('',*,*,#1302,.F.);
#673=ORIENTED_EDGE('',*,*,#1335,.F.);
#674=ORIENTED_EDGE('',*,*,#1222,.F.);
#675=ORIENTED_EDGE('',*,*,#1334,.T.);
#676=ORIENTED_EDGE('',*,*,#1228,.F.);
#677=ORIENTED_EDGE('',*,*,#1336,.F.);
#678=ORIENTED_EDGE('',*,*,#1300,.F.);
#679=ORIENTED_EDGE('',*,*,#1335,.T.);
#680=ORIENTED_EDGE('',*,*,#1301,.F.);
#681=ORIENTED_EDGE('',*,*,#1336,.T.);
#682=ORIENTED_EDGE('',*,*,#1225,.F.);
#683=ORIENTED_EDGE('',*,*,#1220,.F.);
#684=ORIENTED_EDGE('',*,*,#1311,.F.);
#685=ORIENTED_EDGE('',*,*,#1337,.F.);
#686=ORIENTED_EDGE('',*,*,#1295,.F.);
#687=ORIENTED_EDGE('',*,*,#1337,.T.);
#688=ORIENTED_EDGE('',*,*,#1310,.F.);
#689=ORIENTED_EDGE('',*,*,#1338,.F.);
#690=ORIENTED_EDGE('',*,*,#1297,.F.);
#691=ORIENTED_EDGE('',*,*,#1338,.T.);
#692=ORIENTED_EDGE('',*,*,#1309,.F.);
#693=ORIENTED_EDGE('',*,*,#1339,.F.);
#694=ORIENTED_EDGE('',*,*,#1286,.F.);
#695=ORIENTED_EDGE('',*,*,#1218,.T.);
#696=ORIENTED_EDGE('',*,*,#1294,.F.);
#697=ORIENTED_EDGE('',*,*,#1340,.F.);
#698=ORIENTED_EDGE('',*,*,#1312,.F.);
#699=ORIENTED_EDGE('',*,*,#1339,.T.);
#700=ORIENTED_EDGE('',*,*,#1308,.F.);
#701=ORIENTED_EDGE('',*,*,#1341,.F.);
#702=ORIENTED_EDGE('',*,*,#1288,.F.);
#703=ORIENTED_EDGE('',*,*,#1340,.T.);
#704=ORIENTED_EDGE('',*,*,#1292,.F.);
#705=ORIENTED_EDGE('',*,*,#1342,.F.);
#706=ORIENTED_EDGE('',*,*,#1306,.F.);
#707=ORIENTED_EDGE('',*,*,#1341,.T.);
#708=ORIENTED_EDGE('',*,*,#1307,.F.);
#709=ORIENTED_EDGE('',*,*,#1342,.T.);
#710=ORIENTED_EDGE('',*,*,#1290,.F.);
#711=ORIENTED_EDGE('',*,*,#1106,.T.);
#712=ORIENTED_EDGE('',*,*,#1343,.T.);
#713=ORIENTED_EDGE('',*,*,#1181,.F.);
#714=ORIENTED_EDGE('',*,*,#1344,.F.);
#715=ORIENTED_EDGE('',*,*,#1101,.T.);
#716=ORIENTED_EDGE('',*,*,#1345,.T.);
#717=ORIENTED_EDGE('',*,*,#1186,.F.);
#718=ORIENTED_EDGE('',*,*,#1346,.F.);
#719=ORIENTED_EDGE('',*,*,#1102,.T.);
#720=ORIENTED_EDGE('',*,*,#1346,.T.);
#721=ORIENTED_EDGE('',*,*,#1185,.F.);
#722=ORIENTED_EDGE('',*,*,#1347,.F.);
#723=ORIENTED_EDGE('',*,*,#1103,.T.);
#724=ORIENTED_EDGE('',*,*,#1347,.T.);
#725=ORIENTED_EDGE('',*,*,#1184,.F.);
#726=ORIENTED_EDGE('',*,*,#1348,.F.);
#727=ORIENTED_EDGE('',*,*,#1104,.T.);
#728=ORIENTED_EDGE('',*,*,#1348,.T.);
#729=ORIENTED_EDGE('',*,*,#1183,.F.);
#730=ORIENTED_EDGE('',*,*,#1349,.F.);
#731=ORIENTED_EDGE('',*,*,#1105,.T.);
#732=ORIENTED_EDGE('',*,*,#1349,.T.);
#733=ORIENTED_EDGE('',*,*,#1182,.F.);
#734=ORIENTED_EDGE('',*,*,#1343,.F.);
#735=ORIENTED_EDGE('',*,*,#1090,.T.);
#736=ORIENTED_EDGE('',*,*,#1344,.T.);
#737=ORIENTED_EDGE('',*,*,#1180,.F.);
#738=ORIENTED_EDGE('',*,*,#1350,.F.);
#739=ORIENTED_EDGE('',*,*,#1215,.F.);
#740=ORIENTED_EDGE('',*,*,#1209,.T.);
#741=ORIENTED_EDGE('',*,*,#1100,.T.);
#742=ORIENTED_EDGE('',*,*,#1212,.T.);
#743=ORIENTED_EDGE('',*,*,#1217,.F.);
#744=ORIENTED_EDGE('',*,*,#1351,.T.);
#745=ORIENTED_EDGE('',*,*,#1187,.F.);
#746=ORIENTED_EDGE('',*,*,#1345,.F.);
#747=ORIENTED_EDGE('',*,*,#1350,.T.);
#748=ORIENTED_EDGE('',*,*,#1188,.F.);
#749=ORIENTED_EDGE('',*,*,#1351,.F.);
#750=ORIENTED_EDGE('',*,*,#1216,.F.);
#751=ORIENTED_EDGE('',*,*,#1070,.T.);
#752=ORIENTED_EDGE('',*,*,#1352,.T.);
#753=ORIENTED_EDGE('',*,*,#1133,.F.);
#754=ORIENTED_EDGE('',*,*,#1353,.F.);
#755=ORIENTED_EDGE('',*,*,#1071,.T.);
#756=ORIENTED_EDGE('',*,*,#1353,.T.);
#757=ORIENTED_EDGE('',*,*,#1132,.F.);
#758=ORIENTED_EDGE('',*,*,#1354,.F.);
#759=ORIENTED_EDGE('',*,*,#1072,.T.);
#760=ORIENTED_EDGE('',*,*,#1354,.T.);
#761=ORIENTED_EDGE('',*,*,#1151,.F.);
#762=ORIENTED_EDGE('',*,*,#1355,.F.);
#763=ORIENTED_EDGE('',*,*,#1073,.T.);
#764=ORIENTED_EDGE('',*,*,#1355,.T.);
#765=ORIENTED_EDGE('',*,*,#1150,.F.);
#766=ORIENTED_EDGE('',*,*,#1356,.F.);
#767=ORIENTED_EDGE('',*,*,#1074,.T.);
#768=ORIENTED_EDGE('',*,*,#1356,.T.);
#769=ORIENTED_EDGE('',*,*,#1149,.F.);
#770=ORIENTED_EDGE('',*,*,#1357,.F.);
#771=ORIENTED_EDGE('',*,*,#1075,.T.);
#772=ORIENTED_EDGE('',*,*,#1357,.T.);
#773=ORIENTED_EDGE('',*,*,#1148,.F.);
#774=ORIENTED_EDGE('',*,*,#1358,.F.);
#775=ORIENTED_EDGE('',*,*,#1076,.T.);
#776=ORIENTED_EDGE('',*,*,#1358,.T.);
#777=ORIENTED_EDGE('',*,*,#1147,.F.);
#778=ORIENTED_EDGE('',*,*,#1359,.F.);
#779=ORIENTED_EDGE('',*,*,#1077,.T.);
#780=ORIENTED_EDGE('',*,*,#1359,.T.);
#781=ORIENTED_EDGE('',*,*,#1146,.F.);
#782=ORIENTED_EDGE('',*,*,#1360,.F.);
#783=ORIENTED_EDGE('',*,*,#1078,.T.);
#784=ORIENTED_EDGE('',*,*,#1360,.T.);
#785=ORIENTED_EDGE('',*,*,#1145,.F.);
#786=ORIENTED_EDGE('',*,*,#1361,.F.);
#787=ORIENTED_EDGE('',*,*,#1079,.T.);
#788=ORIENTED_EDGE('',*,*,#1361,.T.);
#789=ORIENTED_EDGE('',*,*,#1144,.F.);
#790=ORIENTED_EDGE('',*,*,#1362,.F.);
#791=ORIENTED_EDGE('',*,*,#1080,.T.);
#792=ORIENTED_EDGE('',*,*,#1362,.T.);
#793=ORIENTED_EDGE('',*,*,#1143,.F.);
#794=ORIENTED_EDGE('',*,*,#1363,.F.);
#795=ORIENTED_EDGE('',*,*,#1081,.T.);
#796=ORIENTED_EDGE('',*,*,#1363,.T.);
#797=ORIENTED_EDGE('',*,*,#1142,.F.);
#798=ORIENTED_EDGE('',*,*,#1364,.F.);
#799=ORIENTED_EDGE('',*,*,#1082,.T.);
#800=ORIENTED_EDGE('',*,*,#1364,.T.);
#801=ORIENTED_EDGE('',*,*,#1141,.F.);
#802=ORIENTED_EDGE('',*,*,#1365,.F.);
#803=ORIENTED_EDGE('',*,*,#1083,.T.);
#804=ORIENTED_EDGE('',*,*,#1365,.T.);
#805=ORIENTED_EDGE('',*,*,#1140,.F.);
#806=ORIENTED_EDGE('',*,*,#1366,.F.);
#807=ORIENTED_EDGE('',*,*,#1084,.T.);
#808=ORIENTED_EDGE('',*,*,#1366,.T.);
#809=ORIENTED_EDGE('',*,*,#1139,.F.);
#810=ORIENTED_EDGE('',*,*,#1367,.F.);
#811=ORIENTED_EDGE('',*,*,#1085,.T.);
#812=ORIENTED_EDGE('',*,*,#1367,.T.);
#813=ORIENTED_EDGE('',*,*,#1138,.F.);
#814=ORIENTED_EDGE('',*,*,#1368,.F.);
#815=ORIENTED_EDGE('',*,*,#1086,.T.);
#816=ORIENTED_EDGE('',*,*,#1368,.T.);
#817=ORIENTED_EDGE('',*,*,#1137,.F.);
#818=ORIENTED_EDGE('',*,*,#1369,.F.);
#819=ORIENTED_EDGE('',*,*,#1087,.T.);
#820=ORIENTED_EDGE('',*,*,#1369,.T.);
#821=ORIENTED_EDGE('',*,*,#1136,.F.);
#822=ORIENTED_EDGE('',*,*,#1370,.F.);
#823=ORIENTED_EDGE('',*,*,#1088,.T.);
#824=ORIENTED_EDGE('',*,*,#1370,.T.);
#825=ORIENTED_EDGE('',*,*,#1135,.F.);
#826=ORIENTED_EDGE('',*,*,#1371,.F.);
#827=ORIENTED_EDGE('',*,*,#1089,.T.);
#828=ORIENTED_EDGE('',*,*,#1371,.T.);
#829=ORIENTED_EDGE('',*,*,#1134,.F.);
#830=ORIENTED_EDGE('',*,*,#1352,.F.);
#831=ORIENTED_EDGE('',*,*,#1034,.T.);
#832=ORIENTED_EDGE('',*,*,#1372,.T.);
#833=ORIENTED_EDGE('',*,*,#1153,.F.);
#834=ORIENTED_EDGE('',*,*,#1373,.F.);
#835=ORIENTED_EDGE('',*,*,#1035,.T.);
#836=ORIENTED_EDGE('',*,*,#1373,.T.);
#837=ORIENTED_EDGE('',*,*,#1152,.F.);
#838=ORIENTED_EDGE('',*,*,#1374,.F.);
#839=ORIENTED_EDGE('',*,*,#1036,.T.);
#840=ORIENTED_EDGE('',*,*,#1374,.T.);
#841=ORIENTED_EDGE('',*,*,#1179,.F.);
#842=ORIENTED_EDGE('',*,*,#1375,.F.);
#843=ORIENTED_EDGE('',*,*,#1037,.T.);
#844=ORIENTED_EDGE('',*,*,#1375,.T.);
#845=ORIENTED_EDGE('',*,*,#1178,.F.);
#846=ORIENTED_EDGE('',*,*,#1376,.F.);
#847=ORIENTED_EDGE('',*,*,#1038,.T.);
#848=ORIENTED_EDGE('',*,*,#1376,.T.);
#849=ORIENTED_EDGE('',*,*,#1177,.F.);
#850=ORIENTED_EDGE('',*,*,#1377,.F.);
#851=ORIENTED_EDGE('',*,*,#1039,.T.);
#852=ORIENTED_EDGE('',*,*,#1377,.T.);
#853=ORIENTED_EDGE('',*,*,#1176,.F.);
#854=ORIENTED_EDGE('',*,*,#1378,.F.);
#855=ORIENTED_EDGE('',*,*,#1040,.T.);
#856=ORIENTED_EDGE('',*,*,#1378,.T.);
#857=ORIENTED_EDGE('',*,*,#1175,.F.);
#858=ORIENTED_EDGE('',*,*,#1379,.F.);
#859=ORIENTED_EDGE('',*,*,#1041,.T.);
#860=ORIENTED_EDGE('',*,*,#1379,.T.);
#861=ORIENTED_EDGE('',*,*,#1174,.F.);
#862=ORIENTED_EDGE('',*,*,#1380,.F.);
#863=ORIENTED_EDGE('',*,*,#1042,.T.);
#864=ORIENTED_EDGE('',*,*,#1380,.T.);
#865=ORIENTED_EDGE('',*,*,#1173,.F.);
#866=ORIENTED_EDGE('',*,*,#1381,.F.);
#867=ORIENTED_EDGE('',*,*,#1043,.T.);
#868=ORIENTED_EDGE('',*,*,#1381,.T.);
#869=ORIENTED_EDGE('',*,*,#1172,.F.);
#870=ORIENTED_EDGE('',*,*,#1382,.F.);
#871=ORIENTED_EDGE('',*,*,#1044,.T.);
#872=ORIENTED_EDGE('',*,*,#1382,.T.);
#873=ORIENTED_EDGE('',*,*,#1171,.F.);
#874=ORIENTED_EDGE('',*,*,#1383,.F.);
#875=ORIENTED_EDGE('',*,*,#1045,.T.);
#876=ORIENTED_EDGE('',*,*,#1383,.T.);
#877=ORIENTED_EDGE('',*,*,#1170,.F.);
#878=ORIENTED_EDGE('',*,*,#1384,.F.);
#879=ORIENTED_EDGE('',*,*,#1046,.T.);
#880=ORIENTED_EDGE('',*,*,#1384,.T.);
#881=ORIENTED_EDGE('',*,*,#1169,.F.);
#882=ORIENTED_EDGE('',*,*,#1385,.F.);
#883=ORIENTED_EDGE('',*,*,#1047,.T.);
#884=ORIENTED_EDGE('',*,*,#1385,.T.);
#885=ORIENTED_EDGE('',*,*,#1168,.F.);
#886=ORIENTED_EDGE('',*,*,#1386,.F.);
#887=ORIENTED_EDGE('',*,*,#1048,.T.);
#888=ORIENTED_EDGE('',*,*,#1386,.T.);
#889=ORIENTED_EDGE('',*,*,#1167,.F.);
#890=ORIENTED_EDGE('',*,*,#1387,.F.);
#891=ORIENTED_EDGE('',*,*,#1049,.T.);
#892=ORIENTED_EDGE('',*,*,#1387,.T.);
#893=ORIENTED_EDGE('',*,*,#1166,.F.);
#894=ORIENTED_EDGE('',*,*,#1388,.F.);
#895=ORIENTED_EDGE('',*,*,#1050,.T.);
#896=ORIENTED_EDGE('',*,*,#1388,.T.);
#897=ORIENTED_EDGE('',*,*,#1165,.F.);
#898=ORIENTED_EDGE('',*,*,#1389,.F.);
#899=ORIENTED_EDGE('',*,*,#1051,.T.);
#900=ORIENTED_EDGE('',*,*,#1389,.T.);
#901=ORIENTED_EDGE('',*,*,#1164,.F.);
#902=ORIENTED_EDGE('',*,*,#1390,.F.);
#903=ORIENTED_EDGE('',*,*,#1052,.T.);
#904=ORIENTED_EDGE('',*,*,#1390,.T.);
#905=ORIENTED_EDGE('',*,*,#1163,.F.);
#906=ORIENTED_EDGE('',*,*,#1391,.F.);
#907=ORIENTED_EDGE('',*,*,#1053,.T.);
#908=ORIENTED_EDGE('',*,*,#1391,.T.);
#909=ORIENTED_EDGE('',*,*,#1162,.F.);
#910=ORIENTED_EDGE('',*,*,#1392,.F.);
#911=ORIENTED_EDGE('',*,*,#1054,.T.);
#912=ORIENTED_EDGE('',*,*,#1392,.T.);
#913=ORIENTED_EDGE('',*,*,#1161,.F.);
#914=ORIENTED_EDGE('',*,*,#1393,.F.);
#915=ORIENTED_EDGE('',*,*,#1055,.T.);
#916=ORIENTED_EDGE('',*,*,#1393,.T.);
#917=ORIENTED_EDGE('',*,*,#1160,.F.);
#918=ORIENTED_EDGE('',*,*,#1394,.F.);
#919=ORIENTED_EDGE('',*,*,#1056,.T.);
#920=ORIENTED_EDGE('',*,*,#1394,.T.);
#921=ORIENTED_EDGE('',*,*,#1159,.F.);
#922=ORIENTED_EDGE('',*,*,#1395,.F.);
#923=ORIENTED_EDGE('',*,*,#1057,.T.);
#924=ORIENTED_EDGE('',*,*,#1395,.T.);
#925=ORIENTED_EDGE('',*,*,#1158,.F.);
#926=ORIENTED_EDGE('',*,*,#1396,.F.);
#927=ORIENTED_EDGE('',*,*,#1058,.T.);
#928=ORIENTED_EDGE('',*,*,#1396,.T.);
#929=ORIENTED_EDGE('',*,*,#1157,.F.);
#930=ORIENTED_EDGE('',*,*,#1397,.F.);
#931=ORIENTED_EDGE('',*,*,#1059,.T.);
#932=ORIENTED_EDGE('',*,*,#1397,.T.);
#933=ORIENTED_EDGE('',*,*,#1156,.F.);
#934=ORIENTED_EDGE('',*,*,#1398,.F.);
#935=ORIENTED_EDGE('',*,*,#1060,.T.);
#936=ORIENTED_EDGE('',*,*,#1398,.T.);
#937=ORIENTED_EDGE('',*,*,#1155,.F.);
#938=ORIENTED_EDGE('',*,*,#1399,.F.);
#939=ORIENTED_EDGE('',*,*,#1061,.T.);
#940=ORIENTED_EDGE('',*,*,#1399,.T.);
#941=ORIENTED_EDGE('',*,*,#1154,.F.);
#942=ORIENTED_EDGE('',*,*,#1372,.F.);
#943=ORIENTED_EDGE('',*,*,#1023,.T.);
#944=ORIENTED_EDGE('',*,*,#1400,.T.);
#945=ORIENTED_EDGE('',*,*,#1190,.F.);
#946=ORIENTED_EDGE('',*,*,#1401,.F.);
#947=ORIENTED_EDGE('',*,*,#1024,.T.);
#948=ORIENTED_EDGE('',*,*,#1401,.T.);
#949=ORIENTED_EDGE('',*,*,#1189,.F.);
#950=ORIENTED_EDGE('',*,*,#1402,.F.);
#951=ORIENTED_EDGE('',*,*,#1025,.T.);
#952=ORIENTED_EDGE('',*,*,#1402,.T.);
#953=ORIENTED_EDGE('',*,*,#1199,.F.);
#954=ORIENTED_EDGE('',*,*,#1403,.F.);
#955=ORIENTED_EDGE('',*,*,#1026,.T.);
#956=ORIENTED_EDGE('',*,*,#1403,.T.);
#957=ORIENTED_EDGE('',*,*,#1198,.F.);
#958=ORIENTED_EDGE('',*,*,#1404,.F.);
#959=ORIENTED_EDGE('',*,*,#1027,.T.);
#960=ORIENTED_EDGE('',*,*,#1404,.T.);
#961=ORIENTED_EDGE('',*,*,#1197,.F.);
#962=ORIENTED_EDGE('',*,*,#1405,.F.);
#963=ORIENTED_EDGE('',*,*,#1028,.T.);
#964=ORIENTED_EDGE('',*,*,#1405,.T.);
#965=ORIENTED_EDGE('',*,*,#1196,.F.);
#966=ORIENTED_EDGE('',*,*,#1406,.F.);
#967=ORIENTED_EDGE('',*,*,#1029,.T.);
#968=ORIENTED_EDGE('',*,*,#1406,.T.);
#969=ORIENTED_EDGE('',*,*,#1195,.F.);
#970=ORIENTED_EDGE('',*,*,#1407,.F.);
#971=ORIENTED_EDGE('',*,*,#1030,.T.);
#972=ORIENTED_EDGE('',*,*,#1407,.T.);
#973=ORIENTED_EDGE('',*,*,#1194,.F.);
#974=ORIENTED_EDGE('',*,*,#1408,.F.);
#975=ORIENTED_EDGE('',*,*,#1031,.T.);
#976=ORIENTED_EDGE('',*,*,#1408,.T.);
#977=ORIENTED_EDGE('',*,*,#1193,.F.);
#978=ORIENTED_EDGE('',*,*,#1409,.F.);
#979=ORIENTED_EDGE('',*,*,#1032,.T.);
#980=ORIENTED_EDGE('',*,*,#1409,.T.);
#981=ORIENTED_EDGE('',*,*,#1192,.F.);
#982=ORIENTED_EDGE('',*,*,#1410,.F.);
#983=ORIENTED_EDGE('',*,*,#1033,.T.);
#984=ORIENTED_EDGE('',*,*,#1410,.T.);
#985=ORIENTED_EDGE('',*,*,#1191,.F.);
#986=ORIENTED_EDGE('',*,*,#1400,.F.);
#987=ORIENTED_EDGE('',*,*,#1107,.T.);
#988=ORIENTED_EDGE('',*,*,#1411,.T.);
#989=ORIENTED_EDGE('',*,*,#1201,.F.);
#990=ORIENTED_EDGE('',*,*,#1412,.F.);
#991=ORIENTED_EDGE('',*,*,#1108,.T.);
#992=ORIENTED_EDGE('',*,*,#1412,.T.);
#993=ORIENTED_EDGE('',*,*,#1200,.F.);
#994=ORIENTED_EDGE('',*,*,#1413,.F.);
#995=ORIENTED_EDGE('',*,*,#1109,.T.);
#996=ORIENTED_EDGE('',*,*,#1413,.T.);
#997=ORIENTED_EDGE('',*,*,#1208,.F.);
#998=ORIENTED_EDGE('',*,*,#1414,.F.);
#999=ORIENTED_EDGE('',*,*,#1110,.T.);
#1000=ORIENTED_EDGE('',*,*,#1414,.T.);
#1001=ORIENTED_EDGE('',*,*,#1207,.F.);
#1002=ORIENTED_EDGE('',*,*,#1415,.F.);
#1003=ORIENTED_EDGE('',*,*,#1111,.T.);
#1004=ORIENTED_EDGE('',*,*,#1415,.T.);
#1005=ORIENTED_EDGE('',*,*,#1206,.F.);
#1006=ORIENTED_EDGE('',*,*,#1416,.F.);
#1007=ORIENTED_EDGE('',*,*,#1112,.T.);
#1008=ORIENTED_EDGE('',*,*,#1416,.T.);
#1009=ORIENTED_EDGE('',*,*,#1205,.F.);
#1010=ORIENTED_EDGE('',*,*,#1417,.F.);
#1011=ORIENTED_EDGE('',*,*,#1113,.T.);
#1012=ORIENTED_EDGE('',*,*,#1417,.T.);
#1013=ORIENTED_EDGE('',*,*,#1204,.F.);
#1014=ORIENTED_EDGE('',*,*,#1418,.F.);
#1015=ORIENTED_EDGE('',*,*,#1114,.T.);
#1016=ORIENTED_EDGE('',*,*,#1418,.T.);
#1017=ORIENTED_EDGE('',*,*,#1203,.F.);
#1018=ORIENTED_EDGE('',*,*,#1419,.F.);
#1019=ORIENTED_EDGE('',*,*,#1115,.T.);
#1020=ORIENTED_EDGE('',*,*,#1419,.T.);
#1021=ORIENTED_EDGE('',*,*,#1202,.F.);
#1022=ORIENTED_EDGE('',*,*,#1411,.F.);
#1023=EDGE_CURVE('',#1420,#1421,#1674,.T.);
#1024=EDGE_CURVE('',#1422,#1420,#1675,.T.);
#1025=EDGE_CURVE('',#1423,#1422,#1676,.T.);
#1026=EDGE_CURVE('',#1424,#1423,#1677,.T.);
#1027=EDGE_CURVE('',#1425,#1424,#1678,.T.);
#1028=EDGE_CURVE('',#1426,#1425,#1679,.T.);
#1029=EDGE_CURVE('',#1427,#1426,#1680,.T.);
#1030=EDGE_CURVE('',#1428,#1427,#1681,.T.);
#1031=EDGE_CURVE('',#1429,#1428,#1682,.T.);
#1032=EDGE_CURVE('',#1430,#1429,#1683,.T.);
#1033=EDGE_CURVE('',#1421,#1430,#1684,.T.);
#1034=EDGE_CURVE('',#1431,#1432,#163,.T.);
#1035=EDGE_CURVE('',#1433,#1431,#164,.T.);
#1036=EDGE_CURVE('',#1434,#1433,#165,.T.);
#1037=EDGE_CURVE('',#1435,#1434,#94,.F.);
#1038=EDGE_CURVE('',#1436,#1435,#166,.T.);
#1039=EDGE_CURVE('',#1437,#1436,#1685,.T.);
#1040=EDGE_CURVE('',#1438,#1437,#167,.T.);
#1041=EDGE_CURVE('',#1439,#1438,#95,.T.);
#1042=EDGE_CURVE('',#1440,#1439,#168,.T.);
#1043=EDGE_CURVE('',#1441,#1440,#169,.T.);
#1044=EDGE_CURVE('',#1442,#1441,#170,.T.);
#1045=EDGE_CURVE('',#1443,#1442,#171,.T.);
#1046=EDGE_CURVE('',#1444,#1443,#1686,.T.);
#1047=EDGE_CURVE('',#1445,#1444,#1687,.T.);
#1048=EDGE_CURVE('',#1446,#1445,#1688,.T.);
#1049=EDGE_CURVE('',#1447,#1446,#172,.T.);
#1050=EDGE_CURVE('',#1448,#1447,#173,.T.);
#1051=EDGE_CURVE('',#1449,#1448,#96,.T.);
#1052=EDGE_CURVE('',#1450,#1449,#97,.T.);
#1053=EDGE_CURVE('',#1451,#1450,#1689,.T.);
#1054=EDGE_CURVE('',#1452,#1451,#98,.F.);
#1055=EDGE_CURVE('',#1453,#1452,#99,.F.);
#1056=EDGE_CURVE('',#1454,#1453,#174,.T.);
#1057=EDGE_CURVE('',#1455,#1454,#175,.T.);
#1058=EDGE_CURVE('',#1456,#1455,#176,.T.);
#1059=EDGE_CURVE('',#1457,#1456,#177,.T.);
#1060=EDGE_CURVE('',#1458,#1457,#1690,.T.);
#1061=EDGE_CURVE('',#1432,#1458,#178,.T.);
#1062=EDGE_CURVE('',#1459,#1460,#1691,.T.);
#1063=EDGE_CURVE('',#1460,#1461,#100,.T.);
#1064=EDGE_CURVE('',#1462,#1461,#1692,.T.);
#1065=EDGE_CURVE('',#1462,#1459,#101,.T.);
#1066=EDGE_CURVE('',#1463,#1464,#102,.T.);
#1067=EDGE_CURVE('',#1465,#1464,#1693,.T.);
#1068=EDGE_CURVE('',#1465,#1466,#103,.T.);
#1069=EDGE_CURVE('',#1466,#1463,#1694,.T.);
#1070=EDGE_CURVE('',#1467,#1468,#1695,.T.);
#1071=EDGE_CURVE('',#1469,#1467,#1696,.T.);
#1072=EDGE_CURVE('',#1470,#1469,#1697,.T.);
#1073=EDGE_CURVE('',#1471,#1470,#1698,.T.);
#1074=EDGE_CURVE('',#1472,#1471,#1699,.T.);
#1075=EDGE_CURVE('',#1473,#1472,#179,.T.);
#1076=EDGE_CURVE('',#1474,#1473,#180,.T.);
#1077=EDGE_CURVE('',#1475,#1474,#181,.T.);
#1078=EDGE_CURVE('',#1476,#1475,#182,.T.);
#1079=EDGE_CURVE('',#1477,#1476,#183,.T.);
#1080=EDGE_CURVE('',#1478,#1477,#1700,.T.);
#1081=EDGE_CURVE('',#1479,#1478,#184,.T.);
#1082=EDGE_CURVE('',#1480,#1479,#104,.T.);
#1083=EDGE_CURVE('',#1481,#1480,#185,.T.);
#1084=EDGE_CURVE('',#1482,#1481,#186,.T.);
#1085=EDGE_CURVE('',#1483,#1482,#105,.T.);
#1086=EDGE_CURVE('',#1484,#1483,#187,.T.);
#1087=EDGE_CURVE('',#1485,#1484,#188,.T.);
#1088=EDGE_CURVE('',#1486,#1485,#1701,.T.);
#1089=EDGE_CURVE('',#1468,#1486,#1702,.T.);
#1090=EDGE_CURVE('',#1487,#1488,#1703,.T.);
#1091=EDGE_CURVE('',#1489,#1487,#1704,.F.);
#1092=EDGE_CURVE('',#1490,#1489,#106,.T.);
#1093=EDGE_CURVE('',#1491,#1490,#1705,.F.);
#1094=EDGE_CURVE('',#1492,#1491,#107,.T.);
#1095=EDGE_CURVE('',#1492,#1493,#1706,.T.);
#1096=EDGE_CURVE('',#1493,#1494,#1707,.T.);
#1097=EDGE_CURVE('',#1494,#1495,#1708,.T.);
#1098=EDGE_CURVE('',#1496,#1495,#108,.T.);
#1099=EDGE_CURVE('',#1497,#1496,#1709,.F.);
#1100=EDGE_CURVE('',#1498,#1497,#1710,.T.);
#1101=EDGE_CURVE('',#1499,#1498,#1711,.T.);
#1102=EDGE_CURVE('',#1500,#1499,#1712,.T.);
#1103=EDGE_CURVE('',#1501,#1500,#189,.T.);
#1104=EDGE_CURVE('',#1502,#1501,#190,.T.);
#1105=EDGE_CURVE('',#1503,#1502,#1713,.T.);
#1106=EDGE_CURVE('',#1488,#1503,#1714,.T.);
#1107=EDGE_CURVE('',#1504,#1505,#1715,.T.);
#1108=EDGE_CURVE('',#1506,#1504,#1716,.T.);
#1109=EDGE_CURVE('',#1507,#1506,#1717,.T.);
#1110=EDGE_CURVE('',#1508,#1507,#1718,.T.);
#1111=EDGE_CURVE('',#1509,#1508,#1719,.T.);
#1112=EDGE_CURVE('',#1510,#1509,#191,.T.);
#1113=EDGE_CURVE('',#1511,#1510,#109,.F.);
#1114=EDGE_CURVE('',#1512,#1511,#110,.F.);
#1115=EDGE_CURVE('',#1505,#1512,#1720,.T.);
#1116=EDGE_CURVE('',#1513,#1514,#1721,.T.);
#1117=EDGE_CURVE('',#1514,#1515,#111,.T.);
#1118=EDGE_CURVE('',#1515,#1516,#1722,.T.);
#1119=EDGE_CURVE('',#1516,#1517,#112,.T.);
#1120=EDGE_CURVE('',#1517,#1518,#1723,.T.);
#1121=EDGE_CURVE('',#1518,#1519,#1724,.T.);
#1122=EDGE_CURVE('',#1519,#1520,#1725,.T.);
#1123=EDGE_CURVE('',#1520,#1513,#113,.T.);
#1124=EDGE_CURVE('',#1521,#1522,#114,.F.);
#1125=EDGE_CURVE('',#1522,#1523,#1726,.T.);
#1126=EDGE_CURVE('',#1523,#1524,#115,.F.);
#1127=EDGE_CURVE('',#1524,#1521,#1727,.T.);
#1128=EDGE_CURVE('',#1525,#1526,#116,.F.);
#1129=EDGE_CURVE('',#1526,#1527,#1728,.T.);
#1130=EDGE_CURVE('',#1527,#1528,#117,.F.);
#1131=EDGE_CURVE('',#1528,#1525,#1729,.T.);
#1132=EDGE_CURVE('',#1529,#1530,#1730,.T.);
#1133=EDGE_CURVE('',#1530,#1531,#1731,.T.);
#1134=EDGE_CURVE('',#1531,#1532,#1732,.T.);
#1135=EDGE_CURVE('',#1532,#1533,#1733,.T.);
#1136=EDGE_CURVE('',#1533,#1534,#192,.T.);
#1137=EDGE_CURVE('',#1534,#1535,#193,.T.);
#1138=EDGE_CURVE('',#1535,#1536,#118,.T.);
#1139=EDGE_CURVE('',#1536,#1537,#194,.T.);
#1140=EDGE_CURVE('',#1537,#1538,#195,.T.);
#1141=EDGE_CURVE('',#1538,#1539,#119,.T.);
#1142=EDGE_CURVE('',#1539,#1540,#196,.T.);
#1143=EDGE_CURVE('',#1540,#1541,#1734,.T.);
#1144=EDGE_CURVE('',#1541,#1542,#197,.T.);
#1145=EDGE_CURVE('',#1542,#1543,#198,.T.);
#1146=EDGE_CURVE('',#1543,#1544,#199,.T.);
#1147=EDGE_CURVE('',#1544,#1545,#200,.T.);
#1148=EDGE_CURVE('',#1545,#1546,#201,.T.);
#1149=EDGE_CURVE('',#1546,#1547,#1735,.T.);
#1150=EDGE_CURVE('',#1547,#1548,#1736,.T.);
#1151=EDGE_CURVE('',#1548,#1529,#1737,.T.);
#1152=EDGE_CURVE('',#1549,#1550,#202,.T.);
#1153=EDGE_CURVE('',#1550,#1551,#203,.T.);
#1154=EDGE_CURVE('',#1551,#1552,#204,.T.);
#1155=EDGE_CURVE('',#1552,#1553,#1738,.T.);
#1156=EDGE_CURVE('',#1553,#1554,#205,.T.);
#1157=EDGE_CURVE('',#1554,#1555,#206,.T.);
#1158=EDGE_CURVE('',#1555,#1556,#207,.T.);
#1159=EDGE_CURVE('',#1556,#1557,#208,.T.);
#1160=EDGE_CURVE('',#1557,#1558,#120,.F.);
#1161=EDGE_CURVE('',#1558,#1559,#121,.F.);
#1162=EDGE_CURVE('',#1559,#1560,#1739,.T.);
#1163=EDGE_CURVE('',#1560,#1561,#122,.T.);
#1164=EDGE_CURVE('',#1561,#1562,#123,.T.);
#1165=EDGE_CURVE('',#1562,#1563,#209,.T.);
#1166=EDGE_CURVE('',#1563,#1564,#210,.T.);
#1167=EDGE_CURVE('',#1564,#1565,#1740,.T.);
#1168=EDGE_CURVE('',#1565,#1566,#1741,.T.);
#1169=EDGE_CURVE('',#1566,#1567,#1742,.T.);
#1170=EDGE_CURVE('',#1567,#1568,#211,.T.);
#1171=EDGE_CURVE('',#1568,#1569,#212,.T.);
#1172=EDGE_CURVE('',#1569,#1570,#213,.T.);
#1173=EDGE_CURVE('',#1570,#1571,#214,.T.);
#1174=EDGE_CURVE('',#1571,#1572,#124,.T.);
#1175=EDGE_CURVE('',#1572,#1573,#215,.T.);
#1176=EDGE_CURVE('',#1573,#1574,#1743,.T.);
#1177=EDGE_CURVE('',#1574,#1575,#216,.T.);
#1178=EDGE_CURVE('',#1575,#1576,#125,.F.);
#1179=EDGE_CURVE('',#1576,#1549,#217,.T.);
#1180=EDGE_CURVE('',#1577,#1578,#1744,.T.);
#1181=EDGE_CURVE('',#1578,#1579,#1745,.T.);
#1182=EDGE_CURVE('',#1579,#1580,#1746,.T.);
#1183=EDGE_CURVE('',#1580,#1581,#218,.T.);
#1184=EDGE_CURVE('',#1581,#1582,#219,.T.);
#1185=EDGE_CURVE('',#1582,#1583,#1747,.T.);
#1186=EDGE_CURVE('',#1583,#1584,#1748,.T.);
#1187=EDGE_CURVE('',#1584,#1585,#1749,.T.);
#1188=EDGE_CURVE('',#1585,#1577,#1750,.T.);
#1189=EDGE_CURVE('',#1586,#1587,#1751,.T.);
#1190=EDGE_CURVE('',#1587,#1588,#1752,.T.);
#1191=EDGE_CURVE('',#1588,#1589,#1753,.T.);
#1192=EDGE_CURVE('',#1589,#1590,#1754,.T.);
#1193=EDGE_CURVE('',#1590,#1591,#1755,.T.);
#1194=EDGE_CURVE('',#1591,#1592,#1756,.T.);
#1195=EDGE_CURVE('',#1592,#1593,#1757,.T.);
#1196=EDGE_CURVE('',#1593,#1594,#1758,.T.);
#1197=EDGE_CURVE('',#1594,#1595,#1759,.T.);
#1198=EDGE_CURVE('',#1595,#1596,#1760,.T.);
#1199=EDGE_CURVE('',#1596,#1586,#1761,.T.);
#1200=EDGE_CURVE('',#1597,#1598,#1762,.T.);
#1201=EDGE_CURVE('',#1598,#1599,#1763,.T.);
#1202=EDGE_CURVE('',#1599,#1600,#1764,.T.);
#1203=EDGE_CURVE('',#1600,#1601,#126,.F.);
#1204=EDGE_CURVE('',#1601,#1602,#127,.F.);
#1205=EDGE_CURVE('',#1602,#1603,#220,.T.);
#1206=EDGE_CURVE('',#1603,#1604,#1765,.T.);
#1207=EDGE_CURVE('',#1604,#1605,#1766,.T.);
#1208=EDGE_CURVE('',#1605,#1597,#1767,.T.);
#1209=EDGE_CURVE('',#1606,#1487,#1768,.F.);
#1210=EDGE_CURVE('',#1606,#1607,#1769,.F.);
#1211=EDGE_CURVE('',#1607,#1489,#1770,.F.);
#1212=EDGE_CURVE('',#1497,#1608,#1771,.F.);
#1213=EDGE_CURVE('',#1609,#1496,#1772,.F.);
#1214=EDGE_CURVE('',#1609,#1608,#1773,.F.);
#1215=EDGE_CURVE('',#1606,#1610,#57,.F.);
#1216=EDGE_CURVE('',#1610,#1611,#1774,.F.);
#1217=EDGE_CURVE('',#1611,#1608,#58,.F.);
#1218=EDGE_CURVE('',#1612,#1609,#128,.T.);
#1219=EDGE_CURVE('',#1613,#1612,#1775,.F.);
#1220=EDGE_CURVE('',#1613,#1607,#129,.T.);
#1221=EDGE_CURVE('',#1614,#1615,#1776,.T.);
#1222=EDGE_CURVE('',#1615,#1616,#1777,.T.);
#1223=EDGE_CURVE('',#1617,#1616,#1778,.T.);
#1224=EDGE_CURVE('',#1617,#1614,#1779,.T.);
#1225=EDGE_CURVE('',#1616,#1618,#130,.T.);
#1226=EDGE_CURVE('',#1619,#1618,#1780,.T.);
#1227=EDGE_CURVE('',#1619,#1617,#131,.F.);
#1228=EDGE_CURVE('',#1618,#1620,#1781,.T.);
#1229=EDGE_CURVE('',#1621,#1620,#1782,.T.);
#1230=EDGE_CURVE('',#1621,#1619,#1783,.T.);
#1231=EDGE_CURVE('',#1620,#1622,#132,.T.);
#1232=EDGE_CURVE('',#1623,#1622,#1784,.T.);
#1233=EDGE_CURVE('',#1623,#1621,#133,.F.);
#1234=EDGE_CURVE('',#1622,#1624,#1785,.F.);
#1235=EDGE_CURVE('',#1625,#1624,#1786,.T.);
#1236=EDGE_CURVE('',#1625,#1623,#1787,.T.);
#1237=EDGE_CURVE('',#1624,#1626,#1788,.T.);
#1238=EDGE_CURVE('',#1627,#1626,#1789,.T.);
#1239=EDGE_CURVE('',#1627,#1625,#1790,.T.);
#1240=EDGE_CURVE('',#1626,#1628,#1791,.T.);
#1241=EDGE_CURVE('',#1629,#1628,#1792,.T.);
#1242=EDGE_CURVE('',#1629,#1627,#1793,.T.);
#1243=EDGE_CURVE('',#1630,#1631,#1794,.T.);
#1244=EDGE_CURVE('',#1630,#1632,#1795,.T.);
#1245=EDGE_CURVE('',#1632,#1633,#1796,.T.);
#1246=EDGE_CURVE('',#1631,#1633,#1797,.T.);
#1247=EDGE_CURVE('',#1634,#1635,#1798,.T.);
#1248=EDGE_CURVE('',#1634,#1630,#134,.T.);
#1249=EDGE_CURVE('',#1635,#1631,#135,.T.);
#1250=EDGE_CURVE('',#1636,#1637,#1799,.T.);
#1251=EDGE_CURVE('',#1636,#1634,#1800,.T.);
#1252=EDGE_CURVE('',#1637,#1635,#1801,.T.);
#1253=EDGE_CURVE('',#1638,#1639,#1802,.T.);
#1254=EDGE_CURVE('',#1638,#1640,#136,.T.);
#1255=EDGE_CURVE('',#1640,#1641,#1803,.T.);
#1256=EDGE_CURVE('',#1639,#1641,#137,.T.);
#1257=EDGE_CURVE('',#1642,#1643,#1804,.T.);
#1258=EDGE_CURVE('',#1642,#1638,#1805,.T.);
#1259=EDGE_CURVE('',#1639,#1643,#1806,.T.);
#1260=EDGE_CURVE('',#1644,#1645,#1807,.T.);
#1261=EDGE_CURVE('',#1644,#1642,#138,.T.);
#1262=EDGE_CURVE('',#1645,#1643,#139,.T.);
#1263=EDGE_CURVE('',#1632,#1636,#140,.T.);
#1264=EDGE_CURVE('',#1633,#1637,#141,.T.);
#1265=EDGE_CURVE('',#1640,#1644,#1808,.T.);
#1266=EDGE_CURVE('',#1645,#1641,#1809,.T.);
#1267=EDGE_CURVE('',#1628,#1615,#142,.T.);
#1268=EDGE_CURVE('',#1614,#1629,#143,.F.);
#1269=EDGE_CURVE('',#1646,#1464,#1810,.T.);
#1270=EDGE_CURVE('',#1647,#1646,#1811,.T.);
#1271=EDGE_CURVE('',#1647,#1465,#1812,.T.);
#1272=EDGE_CURVE('',#1647,#1648,#144,.T.);
#1273=EDGE_CURVE('',#1648,#1466,#1813,.T.);
#1274=EDGE_CURVE('',#1648,#1649,#1814,.T.);
#1275=EDGE_CURVE('',#1649,#1463,#1815,.T.);
#1276=EDGE_CURVE('',#1649,#1646,#145,.T.);
#1277=EDGE_CURVE('',#1650,#1459,#1816,.T.);
#1278=EDGE_CURVE('',#1650,#1651,#1817,.T.);
#1279=EDGE_CURVE('',#1651,#1460,#1818,.T.);
#1280=EDGE_CURVE('',#1651,#1652,#146,.T.);
#1281=EDGE_CURVE('',#1652,#1461,#1819,.T.);
#1282=EDGE_CURVE('',#1653,#1652,#1820,.T.);
#1283=EDGE_CURVE('',#1653,#1462,#1821,.T.);
#1284=EDGE_CURVE('',#1653,#1650,#147,.T.);
#1285=EDGE_CURVE('',#1654,#1491,#1822,.F.);
#1286=EDGE_CURVE('',#1654,#1655,#148,.T.);
#1287=EDGE_CURVE('',#1655,#1492,#1823,.F.);
#1288=EDGE_CURVE('',#1655,#1656,#1824,.T.);
#1289=EDGE_CURVE('',#1656,#1493,#1825,.T.);
#1290=EDGE_CURVE('',#1656,#1657,#1826,.T.);
#1291=EDGE_CURVE('',#1657,#1494,#1827,.T.);
#1292=EDGE_CURVE('',#1657,#1658,#1828,.T.);
#1293=EDGE_CURVE('',#1658,#1495,#1829,.F.);
#1294=EDGE_CURVE('',#1658,#1609,#149,.T.);
#1295=EDGE_CURVE('',#1607,#1659,#150,.T.);
#1296=EDGE_CURVE('',#1659,#1490,#1830,.F.);
#1297=EDGE_CURVE('',#1659,#1654,#1831,.F.);
#1298=EDGE_CURVE('',#1660,#1661,#1832,.T.);
#1299=EDGE_CURVE('',#1661,#1662,#151,.F.);
#1300=EDGE_CURVE('',#1662,#1663,#1833,.F.);
#1301=EDGE_CURVE('',#1663,#1664,#152,.F.);
#1302=EDGE_CURVE('',#1664,#1665,#1834,.F.);
#1303=EDGE_CURVE('',#1665,#1666,#153,.F.);
#1304=EDGE_CURVE('',#1666,#1667,#1835,.F.);
#1305=EDGE_CURVE('',#1667,#1660,#1836,.F.);
#1306=EDGE_CURVE('',#1668,#1669,#1837,.F.);
#1307=EDGE_CURVE('',#1669,#1670,#1838,.F.);
#1308=EDGE_CURVE('',#1670,#1671,#1839,.F.);
#1309=EDGE_CURVE('',#1671,#1672,#154,.T.);
#1310=EDGE_CURVE('',#1672,#1673,#1840,.F.);
#1311=EDGE_CURVE('',#1673,#1613,#155,.T.);
#1312=EDGE_CURVE('',#1612,#1668,#156,.T.);
#1313=EDGE_CURVE('',#1625,#1518,#1841,.F.);
#1314=EDGE_CURVE('',#1519,#1627,#1842,.F.);
#1315=EDGE_CURVE('',#1520,#1629,#1843,.T.);
#1316=EDGE_CURVE('',#1623,#1517,#221,.T.);
#1317=EDGE_CURVE('',#1513,#1614,#1844,.T.);
#1318=EDGE_CURVE('',#1621,#1516,#222,.T.);
#1319=EDGE_CURVE('',#1514,#1617,#223,.F.);
#1320=EDGE_CURVE('',#1619,#1515,#224,.F.);
#1321=EDGE_CURVE('',#1521,#1630,#1845,.T.);
#1322=EDGE_CURVE('',#1632,#1524,#1846,.T.);
#1323=EDGE_CURVE('',#1636,#1523,#1847,.T.);
#1324=EDGE_CURVE('',#1522,#1634,#1848,.T.);
#1325=EDGE_CURVE('',#1644,#1528,#1849,.T.);
#1326=EDGE_CURVE('',#1525,#1640,#1850,.T.);
#1327=EDGE_CURVE('',#1526,#1638,#1851,.T.);
#1328=EDGE_CURVE('',#1642,#1527,#1852,.T.);
#1329=EDGE_CURVE('',#1660,#1624,#59,.F.);
#1330=EDGE_CURVE('',#1626,#1667,#60,.T.);
#1331=EDGE_CURVE('',#1628,#1666,#157,.T.);
#1332=EDGE_CURVE('',#1661,#1622,#225,.F.);
#1333=EDGE_CURVE('',#1615,#1665,#158,.T.);
#1334=EDGE_CURVE('',#1662,#1620,#226,.F.);
#1335=EDGE_CURVE('',#1616,#1664,#227,.T.);
#1336=EDGE_CURVE('',#1663,#1618,#228,.F.);
#1337=EDGE_CURVE('',#1659,#1673,#159,.T.);
#1338=EDGE_CURVE('',#1654,#1672,#160,.T.);
#1339=EDGE_CURVE('',#1655,#1671,#161,.T.);
#1340=EDGE_CURVE('',#1668,#1658,#162,.T.);
#1341=EDGE_CURVE('',#1656,#1670,#61,.F.);
#1342=EDGE_CURVE('',#1669,#1657,#62,.T.);
#1343=EDGE_CURVE('',#1503,#1579,#1853,.T.);
#1344=EDGE_CURVE('',#1488,#1578,#1854,.T.);
#1345=EDGE_CURVE('',#1498,#1584,#1855,.T.);
#1346=EDGE_CURVE('',#1499,#1583,#1856,.T.);
#1347=EDGE_CURVE('',#1500,#1582,#1857,.T.);
#1348=EDGE_CURVE('',#1501,#1581,#1858,.T.);
#1349=EDGE_CURVE('',#1502,#1580,#1859,.T.);
#1350=EDGE_CURVE('',#1610,#1577,#1860,.T.);
#1351=EDGE_CURVE('',#1611,#1585,#1861,.T.);
#1352=EDGE_CURVE('',#1468,#1531,#1862,.T.);
#1353=EDGE_CURVE('',#1467,#1530,#1863,.T.);
#1354=EDGE_CURVE('',#1469,#1529,#1864,.T.);
#1355=EDGE_CURVE('',#1470,#1548,#1865,.T.);
#1356=EDGE_CURVE('',#1471,#1547,#1866,.T.);
#1357=EDGE_CURVE('',#1472,#1546,#1867,.T.);
#1358=EDGE_CURVE('',#1473,#1545,#1868,.T.);
#1359=EDGE_CURVE('',#1474,#1544,#1869,.T.);
#1360=EDGE_CURVE('',#1475,#1543,#1870,.T.);
#1361=EDGE_CURVE('',#1476,#1542,#1871,.T.);
#1362=EDGE_CURVE('',#1477,#1541,#1872,.T.);
#1363=EDGE_CURVE('',#1478,#1540,#1873,.T.);
#1364=EDGE_CURVE('',#1479,#1539,#1874,.T.);
#1365=EDGE_CURVE('',#1480,#1538,#1875,.T.);
#1366=EDGE_CURVE('',#1481,#1537,#1876,.T.);
#1367=EDGE_CURVE('',#1482,#1536,#1877,.T.);
#1368=EDGE_CURVE('',#1483,#1535,#1878,.T.);
#1369=EDGE_CURVE('',#1484,#1534,#1879,.T.);
#1370=EDGE_CURVE('',#1485,#1533,#1880,.T.);
#1371=EDGE_CURVE('',#1486,#1532,#1881,.T.);
#1372=EDGE_CURVE('',#1432,#1551,#1882,.T.);
#1373=EDGE_CURVE('',#1431,#1550,#1883,.T.);
#1374=EDGE_CURVE('',#1433,#1549,#1884,.T.);
#1375=EDGE_CURVE('',#1434,#1576,#1885,.T.);
#1376=EDGE_CURVE('',#1435,#1575,#1886,.T.);
#1377=EDGE_CURVE('',#1436,#1574,#1887,.T.);
#1378=EDGE_CURVE('',#1437,#1573,#1888,.T.);
#1379=EDGE_CURVE('',#1438,#1572,#1889,.T.);
#1380=EDGE_CURVE('',#1439,#1571,#1890,.T.);
#1381=EDGE_CURVE('',#1440,#1570,#1891,.T.);
#1382=EDGE_CURVE('',#1441,#1569,#1892,.T.);
#1383=EDGE_CURVE('',#1442,#1568,#1893,.T.);
#1384=EDGE_CURVE('',#1443,#1567,#1894,.T.);
#1385=EDGE_CURVE('',#1444,#1566,#1895,.T.);
#1386=EDGE_CURVE('',#1445,#1565,#1896,.T.);
#1387=EDGE_CURVE('',#1446,#1564,#1897,.T.);
#1388=EDGE_CURVE('',#1447,#1563,#1898,.T.);
#1389=EDGE_CURVE('',#1448,#1562,#1899,.T.);
#1390=EDGE_CURVE('',#1449,#1561,#1900,.T.);
#1391=EDGE_CURVE('',#1450,#1560,#1901,.T.);
#1392=EDGE_CURVE('',#1451,#1559,#1902,.T.);
#1393=EDGE_CURVE('',#1452,#1558,#1903,.T.);
#1394=EDGE_CURVE('',#1453,#1557,#1904,.T.);
#1395=EDGE_CURVE('',#1454,#1556,#1905,.T.);
#1396=EDGE_CURVE('',#1455,#1555,#1906,.T.);
#1397=EDGE_CURVE('',#1456,#1554,#1907,.T.);
#1398=EDGE_CURVE('',#1457,#1553,#1908,.T.);
#1399=EDGE_CURVE('',#1458,#1552,#1909,.T.);
#1400=EDGE_CURVE('',#1421,#1588,#1910,.T.);
#1401=EDGE_CURVE('',#1420,#1587,#1911,.T.);
#1402=EDGE_CURVE('',#1422,#1586,#1912,.T.);
#1403=EDGE_CURVE('',#1423,#1596,#1913,.T.);
#1404=EDGE_CURVE('',#1424,#1595,#1914,.T.);
#1405=EDGE_CURVE('',#1425,#1594,#1915,.T.);
#1406=EDGE_CURVE('',#1426,#1593,#1916,.T.);
#1407=EDGE_CURVE('',#1427,#1592,#1917,.T.);
#1408=EDGE_CURVE('',#1428,#1591,#1918,.T.);
#1409=EDGE_CURVE('',#1429,#1590,#1919,.T.);
#1410=EDGE_CURVE('',#1430,#1589,#1920,.T.);
#1411=EDGE_CURVE('',#1505,#1599,#1921,.T.);
#1412=EDGE_CURVE('',#1504,#1598,#1922,.T.);
#1413=EDGE_CURVE('',#1506,#1597,#1923,.T.);
#1414=EDGE_CURVE('',#1507,#1605,#1924,.T.);
#1415=EDGE_CURVE('',#1508,#1604,#1925,.T.);
#1416=EDGE_CURVE('',#1509,#1603,#1926,.T.);
#1417=EDGE_CURVE('',#1510,#1602,#1927,.T.);
#1418=EDGE_CURVE('',#1511,#1601,#1928,.T.);
#1419=EDGE_CURVE('',#1512,#1600,#1929,.T.);
#1420=VERTEX_POINT('',#3583);
#1421=VERTEX_POINT('',#3584);
#1422=VERTEX_POINT('',#3586);
#1423=VERTEX_POINT('',#3588);
#1424=VERTEX_POINT('',#3590);
#1425=VERTEX_POINT('',#3592);
#1426=VERTEX_POINT('',#3594);
#1427=VERTEX_POINT('',#3596);
#1428=VERTEX_POINT('',#3598);
#1429=VERTEX_POINT('',#3600);
#1430=VERTEX_POINT('',#3602);
#1431=VERTEX_POINT('',#3607);
#1432=VERTEX_POINT('',#3608);
#1433=VERTEX_POINT('',#3612);
#1434=VERTEX_POINT('',#3616);
#1435=VERTEX_POINT('',#3618);
#1436=VERTEX_POINT('',#3622);
#1437=VERTEX_POINT('',#3624);
#1438=VERTEX_POINT('',#3628);
#1439=VERTEX_POINT('',#3630);
#1440=VERTEX_POINT('',#3634);
#1441=VERTEX_POINT('',#3638);
#1442=VERTEX_POINT('',#3642);
#1443=VERTEX_POINT('',#3646);
#1444=VERTEX_POINT('',#3648);
#1445=VERTEX_POINT('',#3650);
#1446=VERTEX_POINT('',#3652);
#1447=VERTEX_POINT('',#3656);
#1448=VERTEX_POINT('',#3660);
#1449=VERTEX_POINT('',#3662);
#1450=VERTEX_POINT('',#3664);
#1451=VERTEX_POINT('',#3666);
#1452=VERTEX_POINT('',#3668);
#1453=VERTEX_POINT('',#3670);
#1454=VERTEX_POINT('',#3674);
#1455=VERTEX_POINT('',#3678);
#1456=VERTEX_POINT('',#3682);
#1457=VERTEX_POINT('',#3686);
#1458=VERTEX_POINT('',#3688);
#1459=VERTEX_POINT('',#3693);
#1460=VERTEX_POINT('',#3694);
#1461=VERTEX_POINT('',#3696);
#1462=VERTEX_POINT('',#3698);
#1463=VERTEX_POINT('',#3701);
#1464=VERTEX_POINT('',#3702);
#1465=VERTEX_POINT('',#3704);
#1466=VERTEX_POINT('',#3706);
#1467=VERTEX_POINT('',#3709);
#1468=VERTEX_POINT('',#3710);
#1469=VERTEX_POINT('',#3712);
#1470=VERTEX_POINT('',#3714);
#1471=VERTEX_POINT('',#3716);
#1472=VERTEX_POINT('',#3718);
#1473=VERTEX_POINT('',#3722);
#1474=VERTEX_POINT('',#3726);
#1475=VERTEX_POINT('',#3730);
#1476=VERTEX_POINT('',#3734);
#1477=VERTEX_POINT('',#3738);
#1478=VERTEX_POINT('',#3740);
#1479=VERTEX_POINT('',#3744);
#1480=VERTEX_POINT('',#3746);
#1481=VERTEX_POINT('',#3750);
#1482=VERTEX_POINT('',#3754);
#1483=VERTEX_POINT('',#3756);
#1484=VERTEX_POINT('',#3760);
#1485=VERTEX_POINT('',#3764);
#1486=VERTEX_POINT('',#3766);
#1487=VERTEX_POINT('',#3769);
#1488=VERTEX_POINT('',#3770);
#1489=VERTEX_POINT('',#3772);
#1490=VERTEX_POINT('',#3774);
#1491=VERTEX_POINT('',#3776);
#1492=VERTEX_POINT('',#3778);
#1493=VERTEX_POINT('',#3780);
#1494=VERTEX_POINT('',#3782);
#1495=VERTEX_POINT('',#3784);
#1496=VERTEX_POINT('',#3786);
#1497=VERTEX_POINT('',#3788);
#1498=VERTEX_POINT('',#3790);
#1499=VERTEX_POINT('',#3792);
#1500=VERTEX_POINT('',#3794);
#1501=VERTEX_POINT('',#3798);
#1502=VERTEX_POINT('',#3802);
#1503=VERTEX_POINT('',#3804);
#1504=VERTEX_POINT('',#3807);
#1505=VERTEX_POINT('',#3808);
#1506=VERTEX_POINT('',#3810);
#1507=VERTEX_POINT('',#3812);
#1508=VERTEX_POINT('',#3814);
#1509=VERTEX_POINT('',#3816);
#1510=VERTEX_POINT('',#3820);
#1511=VERTEX_POINT('',#3822);
#1512=VERTEX_POINT('',#3824);
#1513=VERTEX_POINT('',#3828);
#1514=VERTEX_POINT('',#3829);
#1515=VERTEX_POINT('',#3831);
#1516=VERTEX_POINT('',#3833);
#1517=VERTEX_POINT('',#3835);
#1518=VERTEX_POINT('',#3837);
#1519=VERTEX_POINT('',#3839);
#1520=VERTEX_POINT('',#3841);
#1521=VERTEX_POINT('',#3844);
#1522=VERTEX_POINT('',#3845);
#1523=VERTEX_POINT('',#3847);
#1524=VERTEX_POINT('',#3849);
#1525=VERTEX_POINT('',#3852);
#1526=VERTEX_POINT('',#3853);
#1527=VERTEX_POINT('',#3855);
#1528=VERTEX_POINT('',#3857);
#1529=VERTEX_POINT('',#3860);
#1530=VERTEX_POINT('',#3861);
#1531=VERTEX_POINT('',#3863);
#1532=VERTEX_POINT('',#3865);
#1533=VERTEX_POINT('',#3867);
#1534=VERTEX_POINT('',#3871);
#1535=VERTEX_POINT('',#3875);
#1536=VERTEX_POINT('',#3877);
#1537=VERTEX_POINT('',#3881);
#1538=VERTEX_POINT('',#3885);
#1539=VERTEX_POINT('',#3887);
#1540=VERTEX_POINT('',#3891);
#1541=VERTEX_POINT('',#3893);
#1542=VERTEX_POINT('',#3897);
#1543=VERTEX_POINT('',#3901);
#1544=VERTEX_POINT('',#3905);
#1545=VERTEX_POINT('',#3909);
#1546=VERTEX_POINT('',#3913);
#1547=VERTEX_POINT('',#3915);
#1548=VERTEX_POINT('',#3917);
#1549=VERTEX_POINT('',#3922);
#1550=VERTEX_POINT('',#3923);
#1551=VERTEX_POINT('',#3927);
#1552=VERTEX_POINT('',#3931);
#1553=VERTEX_POINT('',#3933);
#1554=VERTEX_POINT('',#3937);
#1555=VERTEX_POINT('',#3941);
#1556=VERTEX_POINT('',#3945);
#1557=VERTEX_POINT('',#3949);
#1558=VERTEX_POINT('',#3951);
#1559=VERTEX_POINT('',#3953);
#1560=VERTEX_POINT('',#3955);
#1561=VERTEX_POINT('',#3957);
#1562=VERTEX_POINT('',#3959);
#1563=VERTEX_POINT('',#3963);
#1564=VERTEX_POINT('',#3967);
#1565=VERTEX_POINT('',#3969);
#1566=VERTEX_POINT('',#3971);
#1567=VERTEX_POINT('',#3973);
#1568=VERTEX_POINT('',#3977);
#1569=VERTEX_POINT('',#3981);
#1570=VERTEX_POINT('',#3985);
#1571=VERTEX_POINT('',#3989);
#1572=VERTEX_POINT('',#3991);
#1573=VERTEX_POINT('',#3995);
#1574=VERTEX_POINT('',#3997);
#1575=VERTEX_POINT('',#4001);
#1576=VERTEX_POINT('',#4003);
#1577=VERTEX_POINT('',#4008);
#1578=VERTEX_POINT('',#4009);
#1579=VERTEX_POINT('',#4011);
#1580=VERTEX_POINT('',#4013);
#1581=VERTEX_POINT('',#4017);
#1582=VERTEX_POINT('',#4021);
#1583=VERTEX_POINT('',#4023);
#1584=VERTEX_POINT('',#4025);
#1585=VERTEX_POINT('',#4027);
#1586=VERTEX_POINT('',#4030);
#1587=VERTEX_POINT('',#4031);
#1588=VERTEX_POINT('',#4033);
#1589=VERTEX_POINT('',#4035);
#1590=VERTEX_POINT('',#4037);
#1591=VERTEX_POINT('',#4039);
#1592=VERTEX_POINT('',#4041);
#1593=VERTEX_POINT('',#4043);
#1594=VERTEX_POINT('',#4045);
#1595=VERTEX_POINT('',#4047);
#1596=VERTEX_POINT('',#4049);
#1597=VERTEX_POINT('',#4052);
#1598=VERTEX_POINT('',#4053);
#1599=VERTEX_POINT('',#4055);
#1600=VERTEX_POINT('',#4057);
#1601=VERTEX_POINT('',#4059);
#1602=VERTEX_POINT('',#4061);
#1603=VERTEX_POINT('',#4065);
#1604=VERTEX_POINT('',#4067);
#1605=VERTEX_POINT('',#4069);
#1606=VERTEX_POINT('',#4073);
#1607=VERTEX_POINT('',#4075);
#1608=VERTEX_POINT('',#4079);
#1609=VERTEX_POINT('',#4081);
#1610=VERTEX_POINT('',#4085);
#1611=VERTEX_POINT('',#4087);
#1612=VERTEX_POINT('',#4090);
#1613=VERTEX_POINT('',#4092);
#1614=VERTEX_POINT('',#4096);
#1615=VERTEX_POINT('',#4097);
#1616=VERTEX_POINT('',#4099);
#1617=VERTEX_POINT('',#4101);
#1618=VERTEX_POINT('',#4105);
#1619=VERTEX_POINT('',#4107);
#1620=VERTEX_POINT('',#4111);
#1621=VERTEX_POINT('',#4113);
#1622=VERTEX_POINT('',#4117);
#1623=VERTEX_POINT('',#4119);
#1624=VERTEX_POINT('',#4123);
#1625=VERTEX_POINT('',#4125);
#1626=VERTEX_POINT('',#4129);
#1627=VERTEX_POINT('',#4131);
#1628=VERTEX_POINT('',#4135);
#1629=VERTEX_POINT('',#4137);
#1630=VERTEX_POINT('',#4141);
#1631=VERTEX_POINT('',#4142);
#1632=VERTEX_POINT('',#4144);
#1633=VERTEX_POINT('',#4146);
#1634=VERTEX_POINT('',#4150);
#1635=VERTEX_POINT('',#4151);
#1636=VERTEX_POINT('',#4156);
#1637=VERTEX_POINT('',#4157);
#1638=VERTEX_POINT('',#4162);
#1639=VERTEX_POINT('',#4163);
#1640=VERTEX_POINT('',#4165);
#1641=VERTEX_POINT('',#4167);
#1642=VERTEX_POINT('',#4171);
#1643=VERTEX_POINT('',#4172);
#1644=VERTEX_POINT('',#4177);
#1645=VERTEX_POINT('',#4178);
#1646=VERTEX_POINT('',#4192);
#1647=VERTEX_POINT('',#4194);
#1648=VERTEX_POINT('',#4198);
#1649=VERTEX_POINT('',#4202);
#1650=VERTEX_POINT('',#4209);
#1651=VERTEX_POINT('',#4211);
#1652=VERTEX_POINT('',#4215);
#1653=VERTEX_POINT('',#4219);
#1654=VERTEX_POINT('',#4226);
#1655=VERTEX_POINT('',#4228);
#1656=VERTEX_POINT('',#4232);
#1657=VERTEX_POINT('',#4236);
#1658=VERTEX_POINT('',#4240);
#1659=VERTEX_POINT('',#4246);
#1660=VERTEX_POINT('',#4252);
#1661=VERTEX_POINT('',#4253);
#1662=VERTEX_POINT('',#4255);
#1663=VERTEX_POINT('',#4257);
#1664=VERTEX_POINT('',#4259);
#1665=VERTEX_POINT('',#4261);
#1666=VERTEX_POINT('',#4263);
#1667=VERTEX_POINT('',#4265);
#1668=VERTEX_POINT('',#4268);
#1669=VERTEX_POINT('',#4269);
#1670=VERTEX_POINT('',#4271);
#1671=VERTEX_POINT('',#4273);
#1672=VERTEX_POINT('',#4275);
#1673=VERTEX_POINT('',#4277);
#1674=LINE('',#3582,#1930);
#1675=LINE('',#3585,#1931);
#1676=LINE('',#3587,#1932);
#1677=LINE('',#3589,#1933);
#1678=LINE('',#3591,#1934);
#1679=LINE('',#3593,#1935);
#1680=LINE('',#3595,#1936);
#1681=LINE('',#3597,#1937);
#1682=LINE('',#3599,#1938);
#1683=LINE('',#3601,#1939);
#1684=LINE('',#3603,#1940);
#1685=LINE('',#3623,#1941);
#1686=LINE('',#3647,#1942);
#1687=LINE('',#3649,#1943);
#1688=LINE('',#3651,#1944);
#1689=LINE('',#3665,#1945);
#1690=LINE('',#3687,#1946);
#1691=LINE('',#3692,#1947);
#1692=LINE('',#3697,#1948);
#1693=LINE('',#3703,#1949);
#1694=LINE('',#3707,#1950);
#1695=LINE('',#3708,#1951);
#1696=LINE('',#3711,#1952);
#1697=LINE('',#3713,#1953);
#1698=LINE('',#3715,#1954);
#1699=LINE('',#3717,#1955);
#1700=LINE('',#3739,#1956);
#1701=LINE('',#3765,#1957);
#1702=LINE('',#3767,#1958);
#1703=LINE('',#3768,#1959);
#1704=LINE('',#3771,#1960);
#1705=LINE('',#3775,#1961);
#1706=LINE('',#3779,#1962);
#1707=LINE('',#3781,#1963);
#1708=LINE('',#3783,#1964);
#1709=LINE('',#3787,#1965);
#1710=LINE('',#3789,#1966);
#1711=LINE('',#3791,#1967);
#1712=LINE('',#3793,#1968);
#1713=LINE('',#3803,#1969);
#1714=LINE('',#3805,#1970);
#1715=LINE('',#3806,#1971);
#1716=LINE('',#3809,#1972);
#1717=LINE('',#3811,#1973);
#1718=LINE('',#3813,#1974);
#1719=LINE('',#3815,#1975);
#1720=LINE('',#3825,#1976);
#1721=LINE('',#3827,#1977);
#1722=LINE('',#3832,#1978);
#1723=LINE('',#3836,#1979);
#1724=LINE('',#3838,#1980);
#1725=LINE('',#3840,#1981);
#1726=LINE('',#3846,#1982);
#1727=LINE('',#3850,#1983);
#1728=LINE('',#3854,#1984);
#1729=LINE('',#3858,#1985);
#1730=LINE('',#3859,#1986);
#1731=LINE('',#3862,#1987);
#1732=LINE('',#3864,#1988);
#1733=LINE('',#3866,#1989);
#1734=LINE('',#3892,#1990);
#1735=LINE('',#3914,#1991);
#1736=LINE('',#3916,#1992);
#1737=LINE('',#3918,#1993);
#1738=LINE('',#3932,#1994);
#1739=LINE('',#3954,#1995);
#1740=LINE('',#3968,#1996);
#1741=LINE('',#3970,#1997);
#1742=LINE('',#3972,#1998);
#1743=LINE('',#3996,#1999);
#1744=LINE('',#4007,#2000);
#1745=LINE('',#4010,#2001);
#1746=LINE('',#4012,#2002);
#1747=LINE('',#4022,#2003);
#1748=LINE('',#4024,#2004);
#1749=LINE('',#4026,#2005);
#1750=LINE('',#4028,#2006);
#1751=LINE('',#4029,#2007);
#1752=LINE('',#4032,#2008);
#1753=LINE('',#4034,#2009);
#1754=LINE('',#4036,#2010);
#1755=LINE('',#4038,#2011);
#1756=LINE('',#4040,#2012);
#1757=LINE('',#4042,#2013);
#1758=LINE('',#4044,#2014);
#1759=LINE('',#4046,#2015);
#1760=LINE('',#4048,#2016);
#1761=LINE('',#4050,#2017);
#1762=LINE('',#4051,#2018);
#1763=LINE('',#4054,#2019);
#1764=LINE('',#4056,#2020);
#1765=LINE('',#4066,#2021);
#1766=LINE('',#4068,#2022);
#1767=LINE('',#4070,#2023);
#1768=LINE('',#4072,#2024);
#1769=LINE('',#4074,#2025);
#1770=LINE('',#4076,#2026);
#1771=LINE('',#4078,#2027);
#1772=LINE('',#4080,#2028);
#1773=LINE('',#4082,#2029);
#1774=LINE('',#4086,#2030);
#1775=LINE('',#4091,#2031);
#1776=LINE('',#4095,#2032);
#1777=LINE('',#4098,#2033);
#1778=LINE('',#4100,#2034);
#1779=LINE('',#4102,#2035);
#1780=LINE('',#4106,#2036);
#1781=LINE('',#4110,#2037);
#1782=LINE('',#4112,#2038);
#1783=LINE('',#4114,#2039);
#1784=LINE('',#4118,#2040);
#1785=LINE('',#4122,#2041);
#1786=LINE('',#4124,#2042);
#1787=LINE('',#4126,#2043);
#1788=LINE('',#4128,#2044);
#1789=LINE('',#4130,#2045);
#1790=LINE('',#4132,#2046);
#1791=LINE('',#4134,#2047);
#1792=LINE('',#4136,#2048);
#1793=LINE('',#4138,#2049);
#1794=LINE('',#4140,#2050);
#1795=LINE('',#4143,#2051);
#1796=LINE('',#4145,#2052);
#1797=LINE('',#4147,#2053);
#1798=LINE('',#4149,#2054);
#1799=LINE('',#4155,#2055);
#1800=LINE('',#4158,#2056);
#1801=LINE('',#4159,#2057);
#1802=LINE('',#4161,#2058);
#1803=LINE('',#4166,#2059);
#1804=LINE('',#4170,#2060);
#1805=LINE('',#4173,#2061);
#1806=LINE('',#4174,#2062);
#1807=LINE('',#4176,#2063);
#1808=LINE('',#4185,#2064);
#1809=LINE('',#4186,#2065);
#1810=LINE('',#4191,#2066);
#1811=LINE('',#4193,#2067);
#1812=LINE('',#4195,#2068);
#1813=LINE('',#4199,#2069);
#1814=LINE('',#4201,#2070);
#1815=LINE('',#4203,#2071);
#1816=LINE('',#4208,#2072);
#1817=LINE('',#4210,#2073);
#1818=LINE('',#4212,#2074);
#1819=LINE('',#4216,#2075);
#1820=LINE('',#4218,#2076);
#1821=LINE('',#4220,#2077);
#1822=LINE('',#4225,#2078);
#1823=LINE('',#4229,#2079);
#1824=LINE('',#4231,#2080);
#1825=LINE('',#4233,#2081);
#1826=LINE('',#4235,#2082);
#1827=LINE('',#4237,#2083);
#1828=LINE('',#4239,#2084);
#1829=LINE('',#4241,#2085);
#1830=LINE('',#4247,#2086);
#1831=LINE('',#4249,#2087);
#1832=LINE('',#4251,#2088);
#1833=LINE('',#4256,#2089);
#1834=LINE('',#4260,#2090);
#1835=LINE('',#4264,#2091);
#1836=LINE('',#4266,#2092);
#1837=LINE('',#4267,#2093);
#1838=LINE('',#4270,#2094);
#1839=LINE('',#4272,#2095);
#1840=LINE('',#4276,#2096);
#1841=LINE('',#4281,#2097);
#1842=LINE('',#4282,#2098);
#1843=LINE('',#4284,#2099);
#1844=LINE('',#4291,#2100);
#1845=LINE('',#4309,#2101);
#1846=LINE('',#4310,#2102);
#1847=LINE('',#4312,#2103);
#1848=LINE('',#4314,#2104);
#1849=LINE('',#4317,#2105);
#1850=LINE('',#4318,#2106);
#1851=LINE('',#4320,#2107);
#1852=LINE('',#4322,#2108);
#1853=LINE('',#4366,#2109);
#1854=LINE('',#4367,#2110);
#1855=LINE('',#4369,#2111);
#1856=LINE('',#4370,#2112);
#1857=LINE('',#4372,#2113);
#1858=LINE('',#4381,#2114);
#1859=LINE('',#4390,#2115);
#1860=LINE('',#4393,#2116);
#1861=LINE('',#4395,#2117);
#1862=LINE('',#4398,#2118);
#1863=LINE('',#4399,#2119);
#1864=LINE('',#4401,#2120);
#1865=LINE('',#4403,#2121);
#1866=LINE('',#4405,#2122);
#1867=LINE('',#4407,#2123);
#1868=LINE('',#4416,#2124);
#1869=LINE('',#4425,#2125);
#1870=LINE('',#4434,#2126);
#1871=LINE('',#4443,#2127);
#1872=LINE('',#4452,#2128);
#1873=LINE('',#4454,#2129);
#1874=LINE('',#4463,#2130);
#1875=LINE('',#4465,#2131);
#1876=LINE('',#4474,#2132);
#1877=LINE('',#4483,#2133);
#1878=LINE('',#4485,#2134);
#1879=LINE('',#4494,#2135);
#1880=LINE('',#4503,#2136);
#1881=LINE('',#4505,#2137);
#1882=LINE('',#4515,#2138);
#1883=LINE('',#4516,#2139);
#1884=LINE('',#4525,#2140);
#1885=LINE('',#4534,#2141);
#1886=LINE('',#4536,#2142);
#1887=LINE('',#4545,#2143);
#1888=LINE('',#4547,#2144);
#1889=LINE('',#4556,#2145);
#1890=LINE('',#4558,#2146);
#1891=LINE('',#4567,#2147);
#1892=LINE('',#4576,#2148);
#1893=LINE('',#4585,#2149);
#1894=LINE('',#4594,#2150);
#1895=LINE('',#4596,#2151);
#1896=LINE('',#4598,#2152);
#1897=LINE('',#4600,#2153);
#1898=LINE('',#4609,#2154);
#1899=LINE('',#4618,#2155);
#1900=LINE('',#4620,#2156);
#1901=LINE('',#4622,#2157);
#1902=LINE('',#4624,#2158);
#1903=LINE('',#4626,#2159);
#1904=LINE('',#4628,#2160);
#1905=LINE('',#4637,#2161);
#1906=LINE('',#4646,#2162);
#1907=LINE('',#4655,#2163);
#1908=LINE('',#4664,#2164);
#1909=LINE('',#4666,#2165);
#1910=LINE('',#4676,#2166);
#1911=LINE('',#4677,#2167);
#1912=LINE('',#4679,#2168);
#1913=LINE('',#4681,#2169);
#1914=LINE('',#4683,#2170);
#1915=LINE('',#4685,#2171);
#1916=LINE('',#4687,#2172);
#1917=LINE('',#4689,#2173);
#1918=LINE('',#4691,#2174);
#1919=LINE('',#4693,#2175);
#1920=LINE('',#4695,#2176);
#1921=LINE('',#4698,#2177);
#1922=LINE('',#4699,#2178);
#1923=LINE('',#4701,#2179);
#1924=LINE('',#4703,#2180);
#1925=LINE('',#4705,#2181);
#1926=LINE('',#4707,#2182);
#1927=LINE('',#4716,#2183);
#1928=LINE('',#4718,#2184);
#1929=LINE('',#4720,#2185);
#1930=VECTOR('',#2940,1.);
#1931=VECTOR('',#2941,1.);
#1932=VECTOR('',#2942,1.);
#1933=VECTOR('',#2943,1.);
#1934=VECTOR('',#2944,1.);
#1935=VECTOR('',#2945,1.);
#1936=VECTOR('',#2946,1.);
#1937=VECTOR('',#2947,1.);
#1938=VECTOR('',#2948,1.);
#1939=VECTOR('',#2949,1.);
#1940=VECTOR('',#2950,1.);
#1941=VECTOR('',#2953,1.);
#1942=VECTOR('',#2956,1.);
#1943=VECTOR('',#2957,1.);
#1944=VECTOR('',#2958,1.);
#1945=VECTOR('',#2963,1.);
#1946=VECTOR('',#2968,1.);
#1947=VECTOR('',#2969,1.);
#1948=VECTOR('',#2972,1.);
#1949=VECTOR('',#2977,1.);
#1950=VECTOR('',#2980,1.);
#1951=VECTOR('',#2981,1.);
#1952=VECTOR('',#2982,1.);
#1953=VECTOR('',#2983,1.);
#1954=VECTOR('',#2984,1.);
#1955=VECTOR('',#2985,1.);
#1956=VECTOR('',#2986,1.);
#1957=VECTOR('',#2991,1.);
#1958=VECTOR('',#2992,1.);
#1959=VECTOR('',#2993,1.);
#1960=VECTOR('',#2994,1.);
#1961=VECTOR('',#2997,1.);
#1962=VECTOR('',#3000,1.);
#1963=VECTOR('',#3001,1.);
#1964=VECTOR('',#3002,1.);
#1965=VECTOR('',#3005,1.);
#1966=VECTOR('',#3006,1.);
#1967=VECTOR('',#3007,1.);
#1968=VECTOR('',#3008,1.);
#1969=VECTOR('',#3009,1.);
#1970=VECTOR('',#3010,1.);
#1971=VECTOR('',#3011,1.);
#1972=VECTOR('',#3012,1.);
#1973=VECTOR('',#3013,1.);
#1974=VECTOR('',#3014,1.);
#1975=VECTOR('',#3015,1.);
#1976=VECTOR('',#3020,1.);
#1977=VECTOR('',#3023,1.);
#1978=VECTOR('',#3026,1.);
#1979=VECTOR('',#3029,1.);
#1980=VECTOR('',#3030,1.);
#1981=VECTOR('',#3031,1.);
#1982=VECTOR('',#3036,1.);
#1983=VECTOR('',#3039,1.);
#1984=VECTOR('',#3042,1.);
#1985=VECTOR('',#3045,1.);
#1986=VECTOR('',#3046,1.);
#1987=VECTOR('',#3047,1.);
#1988=VECTOR('',#3048,1.);
#1989=VECTOR('',#3049,1.);
#1990=VECTOR('',#3054,1.);
#1991=VECTOR('',#3055,1.);
#1992=VECTOR('',#3056,1.);
#1993=VECTOR('',#3057,1.);
#1994=VECTOR('',#3058,1.);
#1995=VECTOR('',#3063,1.);
#1996=VECTOR('',#3068,1.);
#1997=VECTOR('',#3069,1.);
#1998=VECTOR('',#3070,1.);
#1999=VECTOR('',#3073,1.);
#2000=VECTOR('',#3076,1.);
#2001=VECTOR('',#3077,1.);
#2002=VECTOR('',#3078,1.);
#2003=VECTOR('',#3079,1.);
#2004=VECTOR('',#3080,1.);
#2005=VECTOR('',#3081,1.);
#2006=VECTOR('',#3082,1.);
#2007=VECTOR('',#3083,1.);
#2008=VECTOR('',#3084,1.);
#2009=VECTOR('',#3085,1.);
#2010=VECTOR('',#3086,1.);
#2011=VECTOR('',#3087,1.);
#2012=VECTOR('',#3088,1.);
#2013=VECTOR('',#3089,1.);
#2014=VECTOR('',#3090,1.);
#2015=VECTOR('',#3091,1.);
#2016=VECTOR('',#3092,1.);
#2017=VECTOR('',#3093,1.);
#2018=VECTOR('',#3094,1.);
#2019=VECTOR('',#3095,1.);
#2020=VECTOR('',#3096,1.);
#2021=VECTOR('',#3101,1.);
#2022=VECTOR('',#3102,1.);
#2023=VECTOR('',#3103,1.);
#2024=VECTOR('',#3106,1.);
#2025=VECTOR('',#3107,1.);
#2026=VECTOR('',#3108,1.);
#2027=VECTOR('',#3111,1.);
#2028=VECTOR('',#3112,1.);
#2029=VECTOR('',#3113,1.);
#2030=VECTOR('',#3118,1.);
#2031=VECTOR('',#3123,1.);
#2032=VECTOR('',#3128,1.);
#2033=VECTOR('',#3129,1.);
#2034=VECTOR('',#3130,1.);
#2035=VECTOR('',#3131,1.);
#2036=VECTOR('',#3136,1.);
#2037=VECTOR('',#3141,1.);
#2038=VECTOR('',#3142,1.);
#2039=VECTOR('',#3143,1.);
#2040=VECTOR('',#3148,1.);
#2041=VECTOR('',#3153,1.);
#2042=VECTOR('',#3154,1.);
#2043=VECTOR('',#3155,1.);
#2044=VECTOR('',#3158,1.);
#2045=VECTOR('',#3159,1.);
#2046=VECTOR('',#3160,1.);
#2047=VECTOR('',#3163,1.);
#2048=VECTOR('',#3164,1.);
#2049=VECTOR('',#3165,1.);
#2050=VECTOR('',#3168,1.);
#2051=VECTOR('',#3169,1.);
#2052=VECTOR('',#3170,1.);
#2053=VECTOR('',#3171,1.);
#2054=VECTOR('',#3174,1.);
#2055=VECTOR('',#3181,1.);
#2056=VECTOR('',#3182,1.);
#2057=VECTOR('',#3183,1.);
#2058=VECTOR('',#3186,1.);
#2059=VECTOR('',#3189,1.);
#2060=VECTOR('',#3194,1.);
#2061=VECTOR('',#3195,1.);
#2062=VECTOR('',#3196,1.);
#2063=VECTOR('',#3199,1.);
#2064=VECTOR('',#3212,1.);
#2065=VECTOR('',#3213,1.);
#2066=VECTOR('',#3222,1.);
#2067=VECTOR('',#3223,1.);
#2068=VECTOR('',#3224,1.);
#2069=VECTOR('',#3229,1.);
#2070=VECTOR('',#3232,1.);
#2071=VECTOR('',#3233,1.);
#2072=VECTOR('',#3242,1.);
#2073=VECTOR('',#3243,1.);
#2074=VECTOR('',#3244,1.);
#2075=VECTOR('',#3249,1.);
#2076=VECTOR('',#3252,1.);
#2077=VECTOR('',#3253,1.);
#2078=VECTOR('',#3262,1.);
#2079=VECTOR('',#3265,1.);
#2080=VECTOR('',#3268,1.);
#2081=VECTOR('',#3269,1.);
#2082=VECTOR('',#3272,1.);
#2083=VECTOR('',#3273,1.);
#2084=VECTOR('',#3276,1.);
#2085=VECTOR('',#3277,1.);
#2086=VECTOR('',#3286,1.);
#2087=VECTOR('',#3289,1.);
#2088=VECTOR('',#3292,1.);
#2089=VECTOR('',#3295,1.);
#2090=VECTOR('',#3298,1.);
#2091=VECTOR('',#3301,1.);
#2092=VECTOR('',#3302,1.);
#2093=VECTOR('',#3303,1.);
#2094=VECTOR('',#3304,1.);
#2095=VECTOR('',#3305,1.);
#2096=VECTOR('',#3308,1.);
#2097=VECTOR('',#3315,1.);
#2098=VECTOR('',#3316,1.);
#2099=VECTOR('',#3319,1.);
#2100=VECTOR('',#3324,1.);
#2101=VECTOR('',#3335,1.);
#2102=VECTOR('',#3336,1.);
#2103=VECTOR('',#3339,1.);
#2104=VECTOR('',#3342,1.);
#2105=VECTOR('',#3347,1.);
#2106=VECTOR('',#3348,1.);
#2107=VECTOR('',#3351,1.);
#2108=VECTOR('',#3354,1.);
#2109=VECTOR('',#3409,1.);
#2110=VECTOR('',#3410,1.);
#2111=VECTOR('',#3413,1.);
#2112=VECTOR('',#3414,1.);
#2113=VECTOR('',#3417,1.);
#2114=VECTOR('',#3418,1.);
#2115=VECTOR('',#3419,1.);
#2116=VECTOR('',#3424,1.);
#2117=VECTOR('',#3427,1.);
#2118=VECTOR('',#3432,1.);
#2119=VECTOR('',#3433,1.);
#2120=VECTOR('',#3436,1.);
#2121=VECTOR('',#3439,1.);
#2122=VECTOR('',#3442,1.);
#2123=VECTOR('',#3445,1.);
#2124=VECTOR('',#3446,1.);
#2125=VECTOR('',#3447,1.);
#2126=VECTOR('',#3448,1.);
#2127=VECTOR('',#3449,1.);
#2128=VECTOR('',#3450,1.);
#2129=VECTOR('',#3453,1.);
#2130=VECTOR('',#3454,1.);
#2131=VECTOR('',#3457,1.);
#2132=VECTOR('',#3458,1.);
#2133=VECTOR('',#3459,1.);
#2134=VECTOR('',#3462,1.);
#2135=VECTOR('',#3463,1.);
#2136=VECTOR('',#3464,1.);
#2137=VECTOR('',#3467,1.);
#2138=VECTOR('',#3470,1.);
#2139=VECTOR('',#3471,1.);
#2140=VECTOR('',#3472,1.);
#2141=VECTOR('',#3473,1.);
#2142=VECTOR('',#3476,1.);
#2143=VECTOR('',#3477,1.);
#2144=VECTOR('',#3480,1.);
#2145=VECTOR('',#3481,1.);
#2146=VECTOR('',#3484,1.);
#2147=VECTOR('',#3485,1.);
#2148=VECTOR('',#3486,1.);
#2149=VECTOR('',#3487,1.);
#2150=VECTOR('',#3488,1.);
#2151=VECTOR('',#3491,1.);
#2152=VECTOR('',#3494,1.);
#2153=VECTOR('',#3497,1.);
#2154=VECTOR('',#3498,1.);
#2155=VECTOR('',#3499,1.);
#2156=VECTOR('',#3502,1.);
#2157=VECTOR('',#3505,1.);
#2158=VECTOR('',#3508,1.);
#2159=VECTOR('',#3511,1.);
#2160=VECTOR('',#3514,1.);
#2161=VECTOR('',#3515,1.);
#2162=VECTOR('',#3516,1.);
#2163=VECTOR('',#3517,1.);
#2164=VECTOR('',#3518,1.);
#2165=VECTOR('',#3521,1.);
#2166=VECTOR('',#3524,1.);
#2167=VECTOR('',#3525,1.);
#2168=VECTOR('',#3528,1.);
#2169=VECTOR('',#3531,1.);
#2170=VECTOR('',#3534,1.);
#2171=VECTOR('',#3537,1.);
#2172=VECTOR('',#3540,1.);
#2173=VECTOR('',#3543,1.);
#2174=VECTOR('',#3546,1.);
#2175=VECTOR('',#3549,1.);
#2176=VECTOR('',#3552,1.);
#2177=VECTOR('',#3557,1.);
#2178=VECTOR('',#3558,1.);
#2179=VECTOR('',#3561,1.);
#2180=VECTOR('',#3564,1.);
#2181=VECTOR('',#3567,1.);
#2182=VECTOR('',#3570,1.);
#2183=VECTOR('',#3571,1.);
#2184=VECTOR('',#3574,1.);
#2185=VECTOR('',#3577,1.);
#2186=EDGE_LOOP('',(#229,#230,#231,#232,#233,#234,#235,#236,#237,#238,#239));
#2187=EDGE_LOOP('',(#240,#241,#242,#243,#244,#245,#246,#247,#248,#249,#250,
#251,#252,#253,#254,#255,#256,#257,#258,#259,#260,#261,#262,#263,#264,#265,
#266,#267));
#2188=EDGE_LOOP('',(#268,#269,#270,#271));
#2189=EDGE_LOOP('',(#272,#273,#274,#275));
#2190=EDGE_LOOP('',(#276,#277,#278,#279,#280,#281,#282,#283,#284,#285,#286,
#287,#288,#289,#290,#291,#292,#293,#294,#295));
#2191=EDGE_LOOP('',(#296,#297,#298,#299,#300,#301,#302,#303,#304,#305,#306,
#307,#308,#309,#310,#311,#312));
#2192=EDGE_LOOP('',(#313,#314,#315,#316,#317,#318,#319,#320,#321));
#2193=EDGE_LOOP('',(#322,#323,#324,#325,#326,#327,#328,#329));
#2194=EDGE_LOOP('',(#330,#331,#332,#333));
#2195=EDGE_LOOP('',(#334,#335,#336,#337));
#2196=EDGE_LOOP('',(#338,#339,#340,#341,#342,#343,#344,#345,#346,#347,#348,
#349,#350,#351,#352,#353,#354,#355,#356,#357));
#2197=EDGE_LOOP('',(#358,#359,#360,#361,#362,#363,#364,#365,#366,#367,#368,
#369,#370,#371,#372,#373,#374,#375,#376,#377,#378,#379,#380,#381,#382,#383,
#384,#385));
#2198=EDGE_LOOP('',(#386,#387,#388,#389,#390,#391,#392,#393,#394));
#2199=EDGE_LOOP('',(#395,#396,#397,#398,#399,#400,#401,#402,#403,#404,#405));
#2200=EDGE_LOOP('',(#406,#407,#408,#409,#410,#411,#412,#413,#414));
#2201=EDGE_LOOP('',(#415,#416,#417,#418));
#2202=EDGE_LOOP('',(#419,#420,#421,#422));
#2203=EDGE_LOOP('',(#423,#424,#425,#426,#427,#428,#429,#430));
#2204=EDGE_LOOP('',(#431,#432,#433,#434));
#2205=EDGE_LOOP('',(#435,#436,#437,#438));
#2206=EDGE_LOOP('',(#439,#440,#441,#442));
#2207=EDGE_LOOP('',(#443,#444,#445,#446));
#2208=EDGE_LOOP('',(#447,#448,#449,#450));
#2209=EDGE_LOOP('',(#451,#452,#453,#454));
#2210=EDGE_LOOP('',(#455,#456,#457,#458));
#2211=EDGE_LOOP('',(#459,#460,#461,#462));
#2212=EDGE_LOOP('',(#463,#464,#465,#466));
#2213=EDGE_LOOP('',(#467,#468,#469,#470));
#2214=EDGE_LOOP('',(#471,#472,#473,#474));
#2215=EDGE_LOOP('',(#475,#476,#477,#478));
#2216=EDGE_LOOP('',(#479,#480,#481,#482));
#2217=EDGE_LOOP('',(#483,#484,#485,#486));
#2218=EDGE_LOOP('',(#487,#488,#489,#490));
#2219=EDGE_LOOP('',(#491,#492,#493,#494));
#2220=EDGE_LOOP('',(#495,#496,#497,#498));
#2221=EDGE_LOOP('',(#499,#500,#501,#502));
#2222=EDGE_LOOP('',(#503,#504,#505,#506));
#2223=EDGE_LOOP('',(#507,#508,#509,#510));
#2224=EDGE_LOOP('',(#511,#512,#513,#514));
#2225=EDGE_LOOP('',(#515,#516,#517,#518));
#2226=EDGE_LOOP('',(#519,#520,#521,#522));
#2227=EDGE_LOOP('',(#523,#524,#525,#526));
#2228=EDGE_LOOP('',(#527,#528,#529,#530));
#2229=EDGE_LOOP('',(#531,#532,#533,#534));
#2230=EDGE_LOOP('',(#535,#536,#537,#538));
#2231=EDGE_LOOP('',(#539,#540,#541,#542));
#2232=EDGE_LOOP('',(#543,#544,#545,#546));
#2233=EDGE_LOOP('',(#547,#548,#549,#550));
#2234=EDGE_LOOP('',(#551,#552,#553,#554));
#2235=EDGE_LOOP('',(#555,#556,#557,#558));
#2236=EDGE_LOOP('',(#559,#560,#561,#562));
#2237=EDGE_LOOP('',(#563,#564,#565,#566));
#2238=EDGE_LOOP('',(#567,#568,#569,#570));
#2239=EDGE_LOOP('',(#571,#572,#573,#574,#575,#576,#577,#578));
#2240=EDGE_LOOP('',(#579,#580,#581,#582,#583,#584,#585,#586));
#2241=EDGE_LOOP('',(#587,#588,#589,#590));
#2242=EDGE_LOOP('',(#591,#592,#593,#594));
#2243=EDGE_LOOP('',(#595,#596,#597,#598));
#2244=EDGE_LOOP('',(#599,#600,#601,#602));
#2245=EDGE_LOOP('',(#603,#604,#605,#606));
#2246=EDGE_LOOP('',(#607,#608,#609,#610));
#2247=EDGE_LOOP('',(#611,#612,#613,#614));
#2248=EDGE_LOOP('',(#615,#616,#617,#618));
#2249=EDGE_LOOP('',(#619,#620,#621,#622));
#2250=EDGE_LOOP('',(#623,#624,#625,#626));
#2251=EDGE_LOOP('',(#627,#628,#629,#630));
#2252=EDGE_LOOP('',(#631,#632,#633,#634));
#2253=EDGE_LOOP('',(#635,#636,#637,#638));
#2254=EDGE_LOOP('',(#639,#640,#641,#642));
#2255=EDGE_LOOP('',(#643,#644,#645,#646));
#2256=EDGE_LOOP('',(#647,#648,#649,#650));
#2257=EDGE_LOOP('',(#651,#652,#653,#654));
#2258=EDGE_LOOP('',(#655,#656,#657,#658));
#2259=EDGE_LOOP('',(#659,#660,#661,#662));
#2260=EDGE_LOOP('',(#663,#664,#665,#666));
#2261=EDGE_LOOP('',(#667,#668,#669,#670));
#2262=EDGE_LOOP('',(#671,#672,#673,#674));
#2263=EDGE_LOOP('',(#675,#676,#677,#678));
#2264=EDGE_LOOP('',(#679,#680,#681,#682));
#2265=EDGE_LOOP('',(#683,#684,#685,#686));
#2266=EDGE_LOOP('',(#687,#688,#689,#690));
#2267=EDGE_LOOP('',(#691,#692,#693,#694));
#2268=EDGE_LOOP('',(#695,#696,#697,#698));
#2269=EDGE_LOOP('',(#699,#700,#701,#702));
#2270=EDGE_LOOP('',(#703,#704,#705,#706));
#2271=EDGE_LOOP('',(#707,#708,#709,#710));
#2272=EDGE_LOOP('',(#711,#712,#713,#714));
#2273=EDGE_LOOP('',(#715,#716,#717,#718));
#2274=EDGE_LOOP('',(#719,#720,#721,#722));
#2275=EDGE_LOOP('',(#723,#724,#725,#726));
#2276=EDGE_LOOP('',(#727,#728,#729,#730));
#2277=EDGE_LOOP('',(#731,#732,#733,#734));
#2278=EDGE_LOOP('',(#735,#736,#737,#738,#739,#740));
#2279=EDGE_LOOP('',(#741,#742,#743,#744,#745,#746));
#2280=EDGE_LOOP('',(#747,#748,#749,#750));
#2281=EDGE_LOOP('',(#751,#752,#753,#754));
#2282=EDGE_LOOP('',(#755,#756,#757,#758));
#2283=EDGE_LOOP('',(#759,#760,#761,#762));
#2284=EDGE_LOOP('',(#763,#764,#765,#766));
#2285=EDGE_LOOP('',(#767,#768,#769,#770));
#2286=EDGE_LOOP('',(#771,#772,#773,#774));
#2287=EDGE_LOOP('',(#775,#776,#777,#778));
#2288=EDGE_LOOP('',(#779,#780,#781,#782));
#2289=EDGE_LOOP('',(#783,#784,#785,#786));
#2290=EDGE_LOOP('',(#787,#788,#789,#790));
#2291=EDGE_LOOP('',(#791,#792,#793,#794));
#2292=EDGE_LOOP('',(#795,#796,#797,#798));
#2293=EDGE_LOOP('',(#799,#800,#801,#802));
#2294=EDGE_LOOP('',(#803,#804,#805,#806));
#2295=EDGE_LOOP('',(#807,#808,#809,#810));
#2296=EDGE_LOOP('',(#811,#812,#813,#814));
#2297=EDGE_LOOP('',(#815,#816,#817,#818));
#2298=EDGE_LOOP('',(#819,#820,#821,#822));
#2299=EDGE_LOOP('',(#823,#824,#825,#826));
#2300=EDGE_LOOP('',(#827,#828,#829,#830));
#2301=EDGE_LOOP('',(#831,#832,#833,#834));
#2302=EDGE_LOOP('',(#835,#836,#837,#838));
#2303=EDGE_LOOP('',(#839,#840,#841,#842));
#2304=EDGE_LOOP('',(#843,#844,#845,#846));
#2305=EDGE_LOOP('',(#847,#848,#849,#850));
#2306=EDGE_LOOP('',(#851,#852,#853,#854));
#2307=EDGE_LOOP('',(#855,#856,#857,#858));
#2308=EDGE_LOOP('',(#859,#860,#861,#862));
#2309=EDGE_LOOP('',(#863,#864,#865,#866));
#2310=EDGE_LOOP('',(#867,#868,#869,#870));
#2311=EDGE_LOOP('',(#871,#872,#873,#874));
#2312=EDGE_LOOP('',(#875,#876,#877,#878));
#2313=EDGE_LOOP('',(#879,#880,#881,#882));
#2314=EDGE_LOOP('',(#883,#884,#885,#886));
#2315=EDGE_LOOP('',(#887,#888,#889,#890));
#2316=EDGE_LOOP('',(#891,#892,#893,#894));
#2317=EDGE_LOOP('',(#895,#896,#897,#898));
#2318=EDGE_LOOP('',(#899,#900,#901,#902));
#2319=EDGE_LOOP('',(#903,#904,#905,#906));
#2320=EDGE_LOOP('',(#907,#908,#909,#910));
#2321=EDGE_LOOP('',(#911,#912,#913,#914));
#2322=EDGE_LOOP('',(#915,#916,#917,#918));
#2323=EDGE_LOOP('',(#919,#920,#921,#922));
#2324=EDGE_LOOP('',(#923,#924,#925,#926));
#2325=EDGE_LOOP('',(#927,#928,#929,#930));
#2326=EDGE_LOOP('',(#931,#932,#933,#934));
#2327=EDGE_LOOP('',(#935,#936,#937,#938));
#2328=EDGE_LOOP('',(#939,#940,#941,#942));
#2329=EDGE_LOOP('',(#943,#944,#945,#946));
#2330=EDGE_LOOP('',(#947,#948,#949,#950));
#2331=EDGE_LOOP('',(#951,#952,#953,#954));
#2332=EDGE_LOOP('',(#955,#956,#957,#958));
#2333=EDGE_LOOP('',(#959,#960,#961,#962));
#2334=EDGE_LOOP('',(#963,#964,#965,#966));
#2335=EDGE_LOOP('',(#967,#968,#969,#970));
#2336=EDGE_LOOP('',(#971,#972,#973,#974));
#2337=EDGE_LOOP('',(#975,#976,#977,#978));
#2338=EDGE_LOOP('',(#979,#980,#981,#982));
#2339=EDGE_LOOP('',(#983,#984,#985,#986));
#2340=EDGE_LOOP('',(#987,#988,#989,#990));
#2341=EDGE_LOOP('',(#991,#992,#993,#994));
#2342=EDGE_LOOP('',(#995,#996,#997,#998));
#2343=EDGE_LOOP('',(#999,#1000,#1001,#1002));
#2344=EDGE_LOOP('',(#1003,#1004,#1005,#1006));
#2345=EDGE_LOOP('',(#1007,#1008,#1009,#1010));
#2346=EDGE_LOOP('',(#1011,#1012,#1013,#1014));
#2347=EDGE_LOOP('',(#1015,#1016,#1017,#1018));
#2348=EDGE_LOOP('',(#1019,#1020,#1021,#1022));
#2349=FACE_BOUND('',#2186,.T.);
#2350=FACE_BOUND('',#2187,.T.);
#2351=FACE_BOUND('',#2188,.T.);
#2352=FACE_BOUND('',#2189,.T.);
#2353=FACE_BOUND('',#2190,.T.);
#2354=FACE_BOUND('',#2191,.T.);
#2355=FACE_BOUND('',#2192,.T.);
#2356=FACE_BOUND('',#2193,.T.);
#2357=FACE_BOUND('',#2194,.T.);
#2358=FACE_BOUND('',#2195,.T.);
#2359=FACE_BOUND('',#2196,.T.);
#2360=FACE_BOUND('',#2197,.T.);
#2361=FACE_BOUND('',#2198,.T.);
#2362=FACE_BOUND('',#2199,.T.);
#2363=FACE_BOUND('',#2200,.T.);
#2364=FACE_BOUND('',#2201,.T.);
#2365=FACE_BOUND('',#2202,.T.);
#2366=FACE_BOUND('',#2203,.T.);
#2367=FACE_BOUND('',#2204,.T.);
#2368=FACE_BOUND('',#2205,.T.);
#2369=FACE_BOUND('',#2206,.T.);
#2370=FACE_BOUND('',#2207,.T.);
#2371=FACE_BOUND('',#2208,.T.);
#2372=FACE_BOUND('',#2209,.T.);
#2373=FACE_BOUND('',#2210,.T.);
#2374=FACE_BOUND('',#2211,.T.);
#2375=FACE_BOUND('',#2212,.T.);
#2376=FACE_BOUND('',#2213,.T.);
#2377=FACE_BOUND('',#2214,.T.);
#2378=FACE_BOUND('',#2215,.T.);
#2379=FACE_BOUND('',#2216,.T.);
#2380=FACE_BOUND('',#2217,.T.);
#2381=FACE_BOUND('',#2218,.T.);
#2382=FACE_BOUND('',#2219,.T.);
#2383=FACE_BOUND('',#2220,.T.);
#2384=FACE_BOUND('',#2221,.T.);
#2385=FACE_BOUND('',#2222,.T.);
#2386=FACE_BOUND('',#2223,.T.);
#2387=FACE_BOUND('',#2224,.T.);
#2388=FACE_BOUND('',#2225,.T.);
#2389=FACE_BOUND('',#2226,.T.);
#2390=FACE_BOUND('',#2227,.T.);
#2391=FACE_BOUND('',#2228,.T.);
#2392=FACE_BOUND('',#2229,.T.);
#2393=FACE_BOUND('',#2230,.T.);
#2394=FACE_BOUND('',#2231,.T.);
#2395=FACE_BOUND('',#2232,.T.);
#2396=FACE_BOUND('',#2233,.T.);
#2397=FACE_BOUND('',#2234,.T.);
#2398=FACE_BOUND('',#2235,.T.);
#2399=FACE_BOUND('',#2236,.T.);
#2400=FACE_BOUND('',#2237,.T.);
#2401=FACE_BOUND('',#2238,.T.);
#2402=FACE_BOUND('',#2239,.T.);
#2403=FACE_BOUND('',#2240,.T.);
#2404=FACE_BOUND('',#2241,.T.);
#2405=FACE_BOUND('',#2242,.T.);
#2406=FACE_BOUND('',#2243,.T.);
#2407=FACE_BOUND('',#2244,.T.);
#2408=FACE_BOUND('',#2245,.T.);
#2409=FACE_BOUND('',#2246,.T.);
#2410=FACE_BOUND('',#2247,.T.);
#2411=FACE_BOUND('',#2248,.T.);
#2412=FACE_BOUND('',#2249,.T.);
#2413=FACE_BOUND('',#2250,.T.);
#2414=FACE_BOUND('',#2251,.T.);
#2415=FACE_BOUND('',#2252,.T.);
#2416=FACE_BOUND('',#2253,.T.);
#2417=FACE_BOUND('',#2254,.T.);
#2418=FACE_BOUND('',#2255,.T.);
#2419=FACE_BOUND('',#2256,.T.);
#2420=FACE_BOUND('',#2257,.T.);
#2421=FACE_BOUND('',#2258,.T.);
#2422=FACE_BOUND('',#2259,.T.);
#2423=FACE_BOUND('',#2260,.T.);
#2424=FACE_BOUND('',#2261,.T.);
#2425=FACE_BOUND('',#2262,.T.);
#2426=FACE_BOUND('',#2263,.T.);
#2427=FACE_BOUND('',#2264,.T.);
#2428=FACE_BOUND('',#2265,.T.);
#2429=FACE_BOUND('',#2266,.T.);
#2430=FACE_BOUND('',#2267,.T.);
#2431=FACE_BOUND('',#2268,.T.);
#2432=FACE_BOUND('',#2269,.T.);
#2433=FACE_BOUND('',#2270,.T.);
#2434=FACE_BOUND('',#2271,.T.);
#2435=FACE_BOUND('',#2272,.T.);
#2436=FACE_BOUND('',#2273,.T.);
#2437=FACE_BOUND('',#2274,.T.);
#2438=FACE_BOUND('',#2275,.T.);
#2439=FACE_BOUND('',#2276,.T.);
#2440=FACE_BOUND('',#2277,.T.);
#2441=FACE_BOUND('',#2278,.T.);
#2442=FACE_BOUND('',#2279,.T.);
#2443=FACE_BOUND('',#2280,.T.);
#2444=FACE_BOUND('',#2281,.T.);
#2445=FACE_BOUND('',#2282,.T.);
#2446=FACE_BOUND('',#2283,.T.);
#2447=FACE_BOUND('',#2284,.T.);
#2448=FACE_BOUND('',#2285,.T.);
#2449=FACE_BOUND('',#2286,.T.);
#2450=FACE_BOUND('',#2287,.T.);
#2451=FACE_BOUND('',#2288,.T.);
#2452=FACE_BOUND('',#2289,.T.);
#2453=FACE_BOUND('',#2290,.T.);
#2454=FACE_BOUND('',#2291,.T.);
#2455=FACE_BOUND('',#2292,.T.);
#2456=FACE_BOUND('',#2293,.T.);
#2457=FACE_BOUND('',#2294,.T.);
#2458=FACE_BOUND('',#2295,.T.);
#2459=FACE_BOUND('',#2296,.T.);
#2460=FACE_BOUND('',#2297,.T.);
#2461=FACE_BOUND('',#2298,.T.);
#2462=FACE_BOUND('',#2299,.T.);
#2463=FACE_BOUND('',#2300,.T.);
#2464=FACE_BOUND('',#2301,.T.);
#2465=FACE_BOUND('',#2302,.T.);
#2466=FACE_BOUND('',#2303,.T.);
#2467=FACE_BOUND('',#2304,.T.);
#2468=FACE_BOUND('',#2305,.T.);
#2469=FACE_BOUND('',#2306,.T.);
#2470=FACE_BOUND('',#2307,.T.);
#2471=FACE_BOUND('',#2308,.T.);
#2472=FACE_BOUND('',#2309,.T.);
#2473=FACE_BOUND('',#2310,.T.);
#2474=FACE_BOUND('',#2311,.T.);
#2475=FACE_BOUND('',#2312,.T.);
#2476=FACE_BOUND('',#2313,.T.);
#2477=FACE_BOUND('',#2314,.T.);
#2478=FACE_BOUND('',#2315,.T.);
#2479=FACE_BOUND('',#2316,.T.);
#2480=FACE_BOUND('',#2317,.T.);
#2481=FACE_BOUND('',#2318,.T.);
#2482=FACE_BOUND('',#2319,.T.);
#2483=FACE_BOUND('',#2320,.T.);
#2484=FACE_BOUND('',#2321,.T.);
#2485=FACE_BOUND('',#2322,.T.);
#2486=FACE_BOUND('',#2323,.T.);
#2487=FACE_BOUND('',#2324,.T.);
#2488=FACE_BOUND('',#2325,.T.);
#2489=FACE_BOUND('',#2326,.T.);
#2490=FACE_BOUND('',#2327,.T.);
#2491=FACE_BOUND('',#2328,.T.);
#2492=FACE_BOUND('',#2329,.T.);
#2493=FACE_BOUND('',#2330,.T.);
#2494=FACE_BOUND('',#2331,.T.);
#2495=FACE_BOUND('',#2332,.T.);
#2496=FACE_BOUND('',#2333,.T.);
#2497=FACE_BOUND('',#2334,.T.);
#2498=FACE_BOUND('',#2335,.T.);
#2499=FACE_BOUND('',#2336,.T.);
#2500=FACE_BOUND('',#2337,.T.);
#2501=FACE_BOUND('',#2338,.T.);
#2502=FACE_BOUND('',#2339,.T.);
#2503=FACE_BOUND('',#2340,.T.);
#2504=FACE_BOUND('',#2341,.T.);
#2505=FACE_BOUND('',#2342,.T.);
#2506=FACE_BOUND('',#2343,.T.);
#2507=FACE_BOUND('',#2344,.T.);
#2508=FACE_BOUND('',#2345,.T.);
#2509=FACE_BOUND('',#2346,.T.);
#2510=FACE_BOUND('',#2347,.T.);
#2511=FACE_BOUND('',#2348,.T.);
#2512=PLANE('',#2743);
#2513=PLANE('',#2761);
#2514=PLANE('',#2779);
#2515=PLANE('',#2780);
#2516=PLANE('',#2786);
#2517=PLANE('',#2790);
#2518=PLANE('',#2794);
#2519=PLANE('',#2795);
#2520=PLANE('',#2796);
#2521=PLANE('',#2797);
#2522=PLANE('',#2801);
#2523=PLANE('',#2805);
#2524=PLANE('',#2812);
#2525=PLANE('',#2816);
#2526=PLANE('',#2819);
#2527=PLANE('',#2822);
#2528=PLANE('',#2823);
#2529=PLANE('',#2826);
#2530=PLANE('',#2829);
#2531=PLANE('',#2832);
#2532=PLANE('',#2833);
#2533=PLANE('',#2834);
#2534=PLANE('',#2839);
#2535=PLANE('',#2840);
#2536=PLANE('',#2847);
#2537=PLANE('',#2848);
#2538=PLANE('',#2849);
#2539=PLANE('',#2852);
#2540=PLANE('',#2853);
#2541=PLANE('',#2855);
#2542=PLANE('',#2858);
#2543=PLANE('',#2859);
#2544=PLANE('',#2862);
#2545=PLANE('',#2888);
#2546=PLANE('',#2889);
#2547=PLANE('',#2890);
#2548=PLANE('',#2891);
#2549=PLANE('',#2892);
#2550=PLANE('',#2893);
#2551=PLANE('',#2894);
#2552=PLANE('',#2895);
#2553=PLANE('',#2896);
#2554=PLANE('',#2897);
#2555=PLANE('',#2898);
#2556=PLANE('',#2899);
#2557=PLANE('',#2900);
#2558=PLANE('',#2903);
#2559=PLANE('',#2904);
#2560=PLANE('',#2906);
#2561=PLANE('',#2908);
#2562=PLANE('',#2909);
#2563=PLANE('',#2910);
#2564=PLANE('',#2913);
#2565=PLANE('',#2916);
#2566=PLANE('',#2917);
#2567=PLANE('',#2918);
#2568=PLANE('',#2919);
#2569=PLANE('',#2920);
#2570=PLANE('',#2921);
#2571=PLANE('',#2922);
#2572=PLANE('',#2923);
#2573=PLANE('',#2924);
#2574=PLANE('',#2925);
#2575=PLANE('',#2926);
#2576=PLANE('',#2927);
#2577=PLANE('',#2928);
#2578=PLANE('',#2929);
#2579=PLANE('',#2930);
#2580=PLANE('',#2931);
#2581=PLANE('',#2932);
#2582=PLANE('',#2935);
#2583=ADVANCED_FACE('',(#2349,#2350,#2351,#2352,#2353,#2354,#2355),#2512,
 .F.);
#2584=ADVANCED_FACE('',(#2356,#2357,#2358,#2359,#2360,#2361,#2362,#2363),
#2513,.T.);
#2585=ADVANCED_FACE('',(#2364),#2514,.T.);
#2586=ADVANCED_FACE('',(#2365),#2515,.T.);
#2587=ADVANCED_FACE('',(#2366),#63,.T.);
#2588=ADVANCED_FACE('',(#2367),#2516,.F.);
#2589=ADVANCED_FACE('',(#2368),#64,.T.);
#2590=ADVANCED_FACE('',(#2369),#2517,.F.);
#2591=ADVANCED_FACE('',(#2370),#65,.T.);
#2592=ADVANCED_FACE('',(#2371),#2518,.T.);
#2593=ADVANCED_FACE('',(#2372),#2519,.F.);
#2594=ADVANCED_FACE('',(#2373),#2520,.F.);
#2595=ADVANCED_FACE('',(#2374),#2521,.T.);
#2596=ADVANCED_FACE('',(#2375),#66,.F.);
#2597=ADVANCED_FACE('',(#2376),#2522,.T.);
#2598=ADVANCED_FACE('',(#2377),#67,.F.);
#2599=ADVANCED_FACE('',(#2378),#2523,.F.);
#2600=ADVANCED_FACE('',(#2379),#68,.F.);
#2601=ADVANCED_FACE('',(#2380),#69,.F.);
#2602=ADVANCED_FACE('',(#2381),#2524,.F.);
#2603=ADVANCED_FACE('',(#2382),#70,.T.);
#2604=ADVANCED_FACE('',(#2383),#2525,.F.);
#2605=ADVANCED_FACE('',(#2384),#71,.F.);
#2606=ADVANCED_FACE('',(#2385),#2526,.T.);
#2607=ADVANCED_FACE('',(#2386),#72,.F.);
#2608=ADVANCED_FACE('',(#2387,#2388),#2527,.F.);
#2609=ADVANCED_FACE('',(#2389),#2528,.T.);
#2610=ADVANCED_FACE('',(#2390),#73,.F.);
#2611=ADVANCED_FACE('',(#2391),#2529,.F.);
#2612=ADVANCED_FACE('',(#2392),#74,.F.);
#2613=ADVANCED_FACE('',(#2393,#2394),#2530,.F.);
#2614=ADVANCED_FACE('',(#2395),#47,.F.);
#2615=ADVANCED_FACE('',(#2396),#2531,.T.);
#2616=ADVANCED_FACE('',(#2397),#2532,.T.);
#2617=ADVANCED_FACE('',(#2398),#2533,.T.);
#2618=ADVANCED_FACE('',(#2399),#48,.F.);
#2619=ADVANCED_FACE('',(#2400),#49,.F.);
#2620=ADVANCED_FACE('',(#2401),#2534,.T.);
#2621=ADVANCED_FACE('',(#2402,#2403),#2535,.F.);
#2622=ADVANCED_FACE('',(#2404),#2536,.T.);
#2623=ADVANCED_FACE('',(#2405),#2537,.T.);
#2624=ADVANCED_FACE('',(#2406),#2538,.F.);
#2625=ADVANCED_FACE('',(#2407),#50,.T.);
#2626=ADVANCED_FACE('',(#2408),#51,.T.);
#2627=ADVANCED_FACE('',(#2409),#2539,.T.);
#2628=ADVANCED_FACE('',(#2410),#2540,.T.);
#2629=ADVANCED_FACE('',(#2411),#52,.T.);
#2630=ADVANCED_FACE('',(#2412),#2541,.F.);
#2631=ADVANCED_FACE('',(#2413),#53,.F.);
#2632=ADVANCED_FACE('',(#2414),#54,.F.);
#2633=ADVANCED_FACE('',(#2415),#2542,.F.);
#2634=ADVANCED_FACE('',(#2416),#2543,.T.);
#2635=ADVANCED_FACE('',(#2417),#55,.F.);
#2636=ADVANCED_FACE('',(#2418),#56,.F.);
#2637=ADVANCED_FACE('',(#2419),#2544,.T.);
#2638=ADVANCED_FACE('',(#2420),#75,.T.);
#2639=ADVANCED_FACE('',(#2421),#76,.T.);
#2640=ADVANCED_FACE('',(#2422),#77,.T.);
#2641=ADVANCED_FACE('',(#2423),#41,.T.);
#2642=ADVANCED_FACE('',(#2424),#42,.T.);
#2643=ADVANCED_FACE('',(#2425),#78,.T.);
#2644=ADVANCED_FACE('',(#2426),#79,.T.);
#2645=ADVANCED_FACE('',(#2427),#43,.T.);
#2646=ADVANCED_FACE('',(#2428),#44,.T.);
#2647=ADVANCED_FACE('',(#2429),#80,.T.);
#2648=ADVANCED_FACE('',(#2430),#45,.T.);
#2649=ADVANCED_FACE('',(#2431),#46,.T.);
#2650=ADVANCED_FACE('',(#2432),#81,.T.);
#2651=ADVANCED_FACE('',(#2433),#82,.T.);
#2652=ADVANCED_FACE('',(#2434),#83,.T.);
#2653=ADVANCED_FACE('',(#2435),#2545,.T.);
#2654=ADVANCED_FACE('',(#2436),#2546,.T.);
#2655=ADVANCED_FACE('',(#2437),#2547,.T.);
#2656=ADVANCED_FACE('',(#2438),#12,.T.);
#2657=ADVANCED_FACE('',(#2439),#13,.T.);
#2658=ADVANCED_FACE('',(#2440),#2548,.T.);
#2659=ADVANCED_FACE('',(#2441),#2549,.T.);
#2660=ADVANCED_FACE('',(#2442),#2550,.T.);
#2661=ADVANCED_FACE('',(#2443),#2551,.T.);
#2662=ADVANCED_FACE('',(#2444),#2552,.T.);
#2663=ADVANCED_FACE('',(#2445),#2553,.T.);
#2664=ADVANCED_FACE('',(#2446),#2554,.T.);
#2665=ADVANCED_FACE('',(#2447),#2555,.T.);
#2666=ADVANCED_FACE('',(#2448),#2556,.T.);
#2667=ADVANCED_FACE('',(#2449),#14,.T.);
#2668=ADVANCED_FACE('',(#2450),#15,.T.);
#2669=ADVANCED_FACE('',(#2451),#16,.T.);
#2670=ADVANCED_FACE('',(#2452),#17,.T.);
#2671=ADVANCED_FACE('',(#2453),#18,.T.);
#2672=ADVANCED_FACE('',(#2454),#2557,.T.);
#2673=ADVANCED_FACE('',(#2455),#19,.T.);
#2674=ADVANCED_FACE('',(#2456),#84,.T.);
#2675=ADVANCED_FACE('',(#2457),#20,.T.);
#2676=ADVANCED_FACE('',(#2458),#21,.T.);
#2677=ADVANCED_FACE('',(#2459),#85,.T.);
#2678=ADVANCED_FACE('',(#2460),#22,.T.);
#2679=ADVANCED_FACE('',(#2461),#23,.T.);
#2680=ADVANCED_FACE('',(#2462),#2558,.T.);
#2681=ADVANCED_FACE('',(#2463),#2559,.T.);
#2682=ADVANCED_FACE('',(#2464),#24,.T.);
#2683=ADVANCED_FACE('',(#2465),#25,.T.);
#2684=ADVANCED_FACE('',(#2466),#26,.T.);
#2685=ADVANCED_FACE('',(#2467),#86,.F.);
#2686=ADVANCED_FACE('',(#2468),#27,.T.);
#2687=ADVANCED_FACE('',(#2469),#2560,.T.);
#2688=ADVANCED_FACE('',(#2470),#28,.T.);
#2689=ADVANCED_FACE('',(#2471),#87,.T.);
#2690=ADVANCED_FACE('',(#2472),#29,.T.);
#2691=ADVANCED_FACE('',(#2473),#30,.T.);
#2692=ADVANCED_FACE('',(#2474),#31,.T.);
#2693=ADVANCED_FACE('',(#2475),#32,.T.);
#2694=ADVANCED_FACE('',(#2476),#2561,.T.);
#2695=ADVANCED_FACE('',(#2477),#2562,.T.);
#2696=ADVANCED_FACE('',(#2478),#2563,.T.);
#2697=ADVANCED_FACE('',(#2479),#33,.T.);
#2698=ADVANCED_FACE('',(#2480),#34,.T.);
#2699=ADVANCED_FACE('',(#2481),#88,.T.);
#2700=ADVANCED_FACE('',(#2482),#89,.T.);
#2701=ADVANCED_FACE('',(#2483),#2564,.T.);
#2702=ADVANCED_FACE('',(#2484),#90,.F.);
#2703=ADVANCED_FACE('',(#2485),#91,.F.);
#2704=ADVANCED_FACE('',(#2486),#35,.T.);
#2705=ADVANCED_FACE('',(#2487),#36,.T.);
#2706=ADVANCED_FACE('',(#2488),#37,.T.);
#2707=ADVANCED_FACE('',(#2489),#38,.T.);
#2708=ADVANCED_FACE('',(#2490),#2565,.T.);
#2709=ADVANCED_FACE('',(#2491),#39,.T.);
#2710=ADVANCED_FACE('',(#2492),#2566,.T.);
#2711=ADVANCED_FACE('',(#2493),#2567,.T.);
#2712=ADVANCED_FACE('',(#2494),#2568,.T.);
#2713=ADVANCED_FACE('',(#2495),#2569,.T.);
#2714=ADVANCED_FACE('',(#2496),#2570,.T.);
#2715=ADVANCED_FACE('',(#2497),#2571,.T.);
#2716=ADVANCED_FACE('',(#2498),#2572,.T.);
#2717=ADVANCED_FACE('',(#2499),#2573,.T.);
#2718=ADVANCED_FACE('',(#2500),#2574,.T.);
#2719=ADVANCED_FACE('',(#2501),#2575,.T.);
#2720=ADVANCED_FACE('',(#2502),#2576,.T.);
#2721=ADVANCED_FACE('',(#2503),#2577,.T.);
#2722=ADVANCED_FACE('',(#2504),#2578,.T.);
#2723=ADVANCED_FACE('',(#2505),#2579,.T.);
#2724=ADVANCED_FACE('',(#2506),#2580,.T.);
#2725=ADVANCED_FACE('',(#2507),#2581,.T.);
#2726=ADVANCED_FACE('',(#2508),#40,.T.);
#2727=ADVANCED_FACE('',(#2509),#92,.F.);
#2728=ADVANCED_FACE('',(#2510),#93,.F.);
#2729=ADVANCED_FACE('',(#2511),#2582,.T.);
#2730=CLOSED_SHELL('',(#2583,#2584,#2585,#2586,#2587,#2588,#2589,#2590,
#2591,#2592,#2593,#2594,#2595,#2596,#2597,#2598,#2599,#2600,#2601,#2602,
#2603,#2604,#2605,#2606,#2607,#2608,#2609,#2610,#2611,#2612,#2613,#2614,
#2615,#2616,#2617,#2618,#2619,#2620,#2621,#2622,#2623,#2624,#2625,#2626,
#2627,#2628,#2629,#2630,#2631,#2632,#2633,#2634,#2635,#2636,#2637,#2638,
#2639,#2640,#2641,#2642,#2643,#2644,#2645,#2646,#2647,#2648,#2649,#2650,
#2651,#2652,#2653,#2654,#2655,#2656,#2657,#2658,#2659,#2660,#2661,#2662,
#2663,#2664,#2665,#2666,#2667,#2668,#2669,#2670,#2671,#2672,#2673,#2674,
#2675,#2676,#2677,#2678,#2679,#2680,#2681,#2682,#2683,#2684,#2685,#2686,
#2687,#2688,#2689,#2690,#2691,#2692,#2693,#2694,#2695,#2696,#2697,#2698,
#2699,#2700,#2701,#2702,#2703,#2704,#2705,#2706,#2707,#2708,#2709,#2710,
#2711,#2712,#2713,#2714,#2715,#2716,#2717,#2718,#2719,#2720,#2721,#2722,
#2723,#2724,#2725,#2726,#2727,#2728,#2729));
#2731=STYLED_ITEM('',(#2732),#2739);
#2732=PRESENTATION_STYLE_ASSIGNMENT((#2733));
#2733=SURFACE_STYLE_USAGE(.BOTH.,#2734);
#2734=SURFACE_SIDE_STYLE('',(#2735));
#2735=SURFACE_STYLE_FILL_AREA(#2736);
#2736=FILL_AREA_STYLE('',(#2737));
#2737=FILL_AREA_STYLE_COLOUR('',#2738);
#2738=COLOUR_RGB('',0.647058823529412,0.647058823529412,0.647058823529412);
#2739=MANIFOLD_SOLID_BREP('Part 1',#2730);
#2740=SHAPE_DEFINITION_REPRESENTATION(#4728,#2741);
#2741=SHAPE_REPRESENTATION('Part 1',(#2742),#4723);
#2742=AXIS2_PLACEMENT_3D('',#3580,#2936,#2937);
#2743=AXIS2_PLACEMENT_3D('',#3581,#2938,#2939);
#2744=AXIS2_PLACEMENT_3D('',#3617,#2951,#2952);
#2745=AXIS2_PLACEMENT_3D('',#3629,#2954,#2955);
#2746=AXIS2_PLACEMENT_3D('',#3661,#2959,#2960);
#2747=AXIS2_PLACEMENT_3D('',#3663,#2961,#2962);
#2748=AXIS2_PLACEMENT_3D('',#3667,#2964,#2965);
#2749=AXIS2_PLACEMENT_3D('',#3669,#2966,#2967);
#2750=AXIS2_PLACEMENT_3D('',#3695,#2970,#2971);
#2751=AXIS2_PLACEMENT_3D('',#3699,#2973,#2974);
#2752=AXIS2_PLACEMENT_3D('',#3700,#2975,#2976);
#2753=AXIS2_PLACEMENT_3D('',#3705,#2978,#2979);
#2754=AXIS2_PLACEMENT_3D('',#3745,#2987,#2988);
#2755=AXIS2_PLACEMENT_3D('',#3755,#2989,#2990);
#2756=AXIS2_PLACEMENT_3D('',#3773,#2995,#2996);
#2757=AXIS2_PLACEMENT_3D('',#3777,#2998,#2999);
#2758=AXIS2_PLACEMENT_3D('',#3785,#3003,#3004);
#2759=AXIS2_PLACEMENT_3D('',#3821,#3016,#3017);
#2760=AXIS2_PLACEMENT_3D('',#3823,#3018,#3019);
#2761=AXIS2_PLACEMENT_3D('',#3826,#3021,#3022);
#2762=AXIS2_PLACEMENT_3D('',#3830,#3024,#3025);
#2763=AXIS2_PLACEMENT_3D('',#3834,#3027,#3028);
#2764=AXIS2_PLACEMENT_3D('',#3842,#3032,#3033);
#2765=AXIS2_PLACEMENT_3D('',#3843,#3034,#3035);
#2766=AXIS2_PLACEMENT_3D('',#3848,#3037,#3038);
#2767=AXIS2_PLACEMENT_3D('',#3851,#3040,#3041);
#2768=AXIS2_PLACEMENT_3D('',#3856,#3043,#3044);
#2769=AXIS2_PLACEMENT_3D('',#3876,#3050,#3051);
#2770=AXIS2_PLACEMENT_3D('',#3886,#3052,#3053);
#2771=AXIS2_PLACEMENT_3D('',#3950,#3059,#3060);
#2772=AXIS2_PLACEMENT_3D('',#3952,#3061,#3062);
#2773=AXIS2_PLACEMENT_3D('',#3956,#3064,#3065);
#2774=AXIS2_PLACEMENT_3D('',#3958,#3066,#3067);
#2775=AXIS2_PLACEMENT_3D('',#3990,#3071,#3072);
#2776=AXIS2_PLACEMENT_3D('',#4002,#3074,#3075);
#2777=AXIS2_PLACEMENT_3D('',#4058,#3097,#3098);
#2778=AXIS2_PLACEMENT_3D('',#4060,#3099,#3100);
#2779=AXIS2_PLACEMENT_3D('',#4071,#3104,#3105);
#2780=AXIS2_PLACEMENT_3D('',#4077,#3109,#3110);
#2781=AXIS2_PLACEMENT_3D('',#4083,#3114,#3115);
#2782=AXIS2_PLACEMENT_3D('',#4084,#3116,#3117);
#2783=AXIS2_PLACEMENT_3D('',#4088,#3119,#3120);
#2784=AXIS2_PLACEMENT_3D('',#4089,#3121,#3122);
#2785=AXIS2_PLACEMENT_3D('',#4093,#3124,#3125);
#2786=AXIS2_PLACEMENT_3D('',#4094,#3126,#3127);
#2787=AXIS2_PLACEMENT_3D('',#4103,#3132,#3133);
#2788=AXIS2_PLACEMENT_3D('',#4104,#3134,#3135);
#2789=AXIS2_PLACEMENT_3D('',#4108,#3137,#3138);
#2790=AXIS2_PLACEMENT_3D('',#4109,#3139,#3140);
#2791=AXIS2_PLACEMENT_3D('',#4115,#3144,#3145);
#2792=AXIS2_PLACEMENT_3D('',#4116,#3146,#3147);
#2793=AXIS2_PLACEMENT_3D('',#4120,#3149,#3150);
#2794=AXIS2_PLACEMENT_3D('',#4121,#3151,#3152);
#2795=AXIS2_PLACEMENT_3D('',#4127,#3156,#3157);
#2796=AXIS2_PLACEMENT_3D('',#4133,#3161,#3162);
#2797=AXIS2_PLACEMENT_3D('',#4139,#3166,#3167);
#2798=AXIS2_PLACEMENT_3D('',#4148,#3172,#3173);
#2799=AXIS2_PLACEMENT_3D('',#4152,#3175,#3176);
#2800=AXIS2_PLACEMENT_3D('',#4153,#3177,#3178);
#2801=AXIS2_PLACEMENT_3D('',#4154,#3179,#3180);
#2802=AXIS2_PLACEMENT_3D('',#4160,#3184,#3185);
#2803=AXIS2_PLACEMENT_3D('',#4164,#3187,#3188);
#2804=AXIS2_PLACEMENT_3D('',#4168,#3190,#3191);
#2805=AXIS2_PLACEMENT_3D('',#4169,#3192,#3193);
#2806=AXIS2_PLACEMENT_3D('',#4175,#3197,#3198);
#2807=AXIS2_PLACEMENT_3D('',#4179,#3200,#3201);
#2808=AXIS2_PLACEMENT_3D('',#4180,#3202,#3203);
#2809=AXIS2_PLACEMENT_3D('',#4181,#3204,#3205);
#2810=AXIS2_PLACEMENT_3D('',#4182,#3206,#3207);
#2811=AXIS2_PLACEMENT_3D('',#4183,#3208,#3209);
#2812=AXIS2_PLACEMENT_3D('',#4184,#3210,#3211);
#2813=AXIS2_PLACEMENT_3D('',#4187,#3214,#3215);
#2814=AXIS2_PLACEMENT_3D('',#4188,#3216,#3217);
#2815=AXIS2_PLACEMENT_3D('',#4189,#3218,#3219);
#2816=AXIS2_PLACEMENT_3D('',#4190,#3220,#3221);
#2817=AXIS2_PLACEMENT_3D('',#4196,#3225,#3226);
#2818=AXIS2_PLACEMENT_3D('',#4197,#3227,#3228);
#2819=AXIS2_PLACEMENT_3D('',#4200,#3230,#3231);
#2820=AXIS2_PLACEMENT_3D('',#4204,#3234,#3235);
#2821=AXIS2_PLACEMENT_3D('',#4205,#3236,#3237);
#2822=AXIS2_PLACEMENT_3D('',#4206,#3238,#3239);
#2823=AXIS2_PLACEMENT_3D('',#4207,#3240,#3241);
#2824=AXIS2_PLACEMENT_3D('',#4213,#3245,#3246);
#2825=AXIS2_PLACEMENT_3D('',#4214,#3247,#3248);
#2826=AXIS2_PLACEMENT_3D('',#4217,#3250,#3251);
#2827=AXIS2_PLACEMENT_3D('',#4221,#3254,#3255);
#2828=AXIS2_PLACEMENT_3D('',#4222,#3256,#3257);
#2829=AXIS2_PLACEMENT_3D('',#4223,#3258,#3259);
#2830=AXIS2_PLACEMENT_3D('',#4224,#3260,#3261);
#2831=AXIS2_PLACEMENT_3D('',#4227,#3263,#3264);
#2832=AXIS2_PLACEMENT_3D('',#4230,#3266,#3267);
#2833=AXIS2_PLACEMENT_3D('',#4234,#3270,#3271);
#2834=AXIS2_PLACEMENT_3D('',#4238,#3274,#3275);
#2835=AXIS2_PLACEMENT_3D('',#4242,#3278,#3279);
#2836=AXIS2_PLACEMENT_3D('',#4243,#3280,#3281);
#2837=AXIS2_PLACEMENT_3D('',#4244,#3282,#3283);
#2838=AXIS2_PLACEMENT_3D('',#4245,#3284,#3285);
#2839=AXIS2_PLACEMENT_3D('',#4248,#3287,#3288);
#2840=AXIS2_PLACEMENT_3D('',#4250,#3290,#3291);
#2841=AXIS2_PLACEMENT_3D('',#4254,#3293,#3294);
#2842=AXIS2_PLACEMENT_3D('',#4258,#3296,#3297);
#2843=AXIS2_PLACEMENT_3D('',#4262,#3299,#3300);
#2844=AXIS2_PLACEMENT_3D('',#4274,#3306,#3307);
#2845=AXIS2_PLACEMENT_3D('',#4278,#3309,#3310);
#2846=AXIS2_PLACEMENT_3D('',#4279,#3311,#3312);
#2847=AXIS2_PLACEMENT_3D('',#4280,#3313,#3314);
#2848=AXIS2_PLACEMENT_3D('',#4283,#3317,#3318);
#2849=AXIS2_PLACEMENT_3D('',#4285,#3320,#3321);
#2850=AXIS2_PLACEMENT_3D('',#4290,#3322,#3323);
#2851=AXIS2_PLACEMENT_3D('',#4292,#3325,#3326);
#2852=AXIS2_PLACEMENT_3D('',#4297,#3327,#3328);
#2853=AXIS2_PLACEMENT_3D('',#4302,#3329,#3330);
#2854=AXIS2_PLACEMENT_3D('',#4307,#3331,#3332);
#2855=AXIS2_PLACEMENT_3D('',#4308,#3333,#3334);
#2856=AXIS2_PLACEMENT_3D('',#4311,#3337,#3338);
#2857=AXIS2_PLACEMENT_3D('',#4313,#3340,#3341);
#2858=AXIS2_PLACEMENT_3D('',#4315,#3343,#3344);
#2859=AXIS2_PLACEMENT_3D('',#4316,#3345,#3346);
#2860=AXIS2_PLACEMENT_3D('',#4319,#3349,#3350);
#2861=AXIS2_PLACEMENT_3D('',#4321,#3352,#3353);
#2862=AXIS2_PLACEMENT_3D('',#4323,#3355,#3356);
#2863=AXIS2_PLACEMENT_3D('',#4324,#3357,#3358);
#2864=AXIS2_PLACEMENT_3D('',#4325,#3359,#3360);
#2865=AXIS2_PLACEMENT_3D('',#4326,#3361,#3362);
#2866=AXIS2_PLACEMENT_3D('',#4327,#3363,#3364);
#2867=AXIS2_PLACEMENT_3D('',#4328,#3365,#3366);
#2868=AXIS2_PLACEMENT_3D('',#4329,#3367,#3368);
#2869=AXIS2_PLACEMENT_3D('',#4334,#3369,#3370);
#2870=AXIS2_PLACEMENT_3D('',#4335,#3371,#3372);
#2871=AXIS2_PLACEMENT_3D('',#4336,#3373,#3374);
#2872=AXIS2_PLACEMENT_3D('',#4341,#3375,#3376);
#2873=AXIS2_PLACEMENT_3D('',#4346,#3377,#3378);
#2874=AXIS2_PLACEMENT_3D('',#4351,#3379,#3380);
#2875=AXIS2_PLACEMENT_3D('',#4352,#3381,#3382);
#2876=AXIS2_PLACEMENT_3D('',#4353,#3383,#3384);
#2877=AXIS2_PLACEMENT_3D('',#4354,#3385,#3386);
#2878=AXIS2_PLACEMENT_3D('',#4355,#3387,#3388);
#2879=AXIS2_PLACEMENT_3D('',#4356,#3389,#3390);
#2880=AXIS2_PLACEMENT_3D('',#4357,#3391,#3392);
#2881=AXIS2_PLACEMENT_3D('',#4358,#3393,#3394);
#2882=AXIS2_PLACEMENT_3D('',#4359,#3395,#3396);
#2883=AXIS2_PLACEMENT_3D('',#4360,#3397,#3398);
#2884=AXIS2_PLACEMENT_3D('',#4361,#3399,#3400);
#2885=AXIS2_PLACEMENT_3D('',#4362,#3401,#3402);
#2886=AXIS2_PLACEMENT_3D('',#4363,#3403,#3404);
#2887=AXIS2_PLACEMENT_3D('',#4364,#3405,#3406);
#2888=AXIS2_PLACEMENT_3D('',#4365,#3407,#3408);
#2889=AXIS2_PLACEMENT_3D('',#4368,#3411,#3412);
#2890=AXIS2_PLACEMENT_3D('',#4371,#3415,#3416);
#2891=AXIS2_PLACEMENT_3D('',#4391,#3420,#3421);
#2892=AXIS2_PLACEMENT_3D('',#4392,#3422,#3423);
#2893=AXIS2_PLACEMENT_3D('',#4394,#3425,#3426);
#2894=AXIS2_PLACEMENT_3D('',#4396,#3428,#3429);
#2895=AXIS2_PLACEMENT_3D('',#4397,#3430,#3431);
#2896=AXIS2_PLACEMENT_3D('',#4400,#3434,#3435);
#2897=AXIS2_PLACEMENT_3D('',#4402,#3437,#3438);
#2898=AXIS2_PLACEMENT_3D('',#4404,#3440,#3441);
#2899=AXIS2_PLACEMENT_3D('',#4406,#3443,#3444);
#2900=AXIS2_PLACEMENT_3D('',#4453,#3451,#3452);
#2901=AXIS2_PLACEMENT_3D('',#4464,#3455,#3456);
#2902=AXIS2_PLACEMENT_3D('',#4484,#3460,#3461);
#2903=AXIS2_PLACEMENT_3D('',#4504,#3465,#3466);
#2904=AXIS2_PLACEMENT_3D('',#4506,#3468,#3469);
#2905=AXIS2_PLACEMENT_3D('',#4535,#3474,#3475);
#2906=AXIS2_PLACEMENT_3D('',#4546,#3478,#3479);
#2907=AXIS2_PLACEMENT_3D('',#4557,#3482,#3483);
#2908=AXIS2_PLACEMENT_3D('',#4595,#3489,#3490);
#2909=AXIS2_PLACEMENT_3D('',#4597,#3492,#3493);
#2910=AXIS2_PLACEMENT_3D('',#4599,#3495,#3496);
#2911=AXIS2_PLACEMENT_3D('',#4619,#3500,#3501);
#2912=AXIS2_PLACEMENT_3D('',#4621,#3503,#3504);
#2913=AXIS2_PLACEMENT_3D('',#4623,#3506,#3507);
#2914=AXIS2_PLACEMENT_3D('',#4625,#3509,#3510);
#2915=AXIS2_PLACEMENT_3D('',#4627,#3512,#3513);
#2916=AXIS2_PLACEMENT_3D('',#4665,#3519,#3520);
#2917=AXIS2_PLACEMENT_3D('',#4675,#3522,#3523);
#2918=AXIS2_PLACEMENT_3D('',#4678,#3526,#3527);
#2919=AXIS2_PLACEMENT_3D('',#4680,#3529,#3530);
#2920=AXIS2_PLACEMENT_3D('',#4682,#3532,#3533);
#2921=AXIS2_PLACEMENT_3D('',#4684,#3535,#3536);
#2922=AXIS2_PLACEMENT_3D('',#4686,#3538,#3539);
#2923=AXIS2_PLACEMENT_3D('',#4688,#3541,#3542);
#2924=AXIS2_PLACEMENT_3D('',#4690,#3544,#3545);
#2925=AXIS2_PLACEMENT_3D('',#4692,#3547,#3548);
#2926=AXIS2_PLACEMENT_3D('',#4694,#3550,#3551);
#2927=AXIS2_PLACEMENT_3D('',#4696,#3553,#3554);
#2928=AXIS2_PLACEMENT_3D('',#4697,#3555,#3556);
#2929=AXIS2_PLACEMENT_3D('',#4700,#3559,#3560);
#2930=AXIS2_PLACEMENT_3D('',#4702,#3562,#3563);
#2931=AXIS2_PLACEMENT_3D('',#4704,#3565,#3566);
#2932=AXIS2_PLACEMENT_3D('',#4706,#3568,#3569);
#2933=AXIS2_PLACEMENT_3D('',#4717,#3572,#3573);
#2934=AXIS2_PLACEMENT_3D('',#4719,#3575,#3576);
#2935=AXIS2_PLACEMENT_3D('',#4721,#3578,#3579);
#2936=DIRECTION('',(0.,0.,1.));
#2937=DIRECTION('',(1.,0.,0.));
#2938=DIRECTION('',(0.,0.,1.));
#2939=DIRECTION('',(1.,0.,0.));
#2940=DIRECTION('',(0.,1.,0.));
#2941=DIRECTION('',(-1.,0.,0.));
#2942=DIRECTION('',(0.,-1.,0.));
#2943=DIRECTION('',(-1.,0.,0.));
#2944=DIRECTION('',(0.,-1.,0.));
#2945=DIRECTION('',(0.818571984152272,-0.574403957821507,0.));
#2946=DIRECTION('',(1.,0.,0.));
#2947=DIRECTION('',(0.,1.,0.));
#2948=DIRECTION('',(1.,0.,0.));
#2949=DIRECTION('',(0.,1.,0.));
#2950=DIRECTION('',(-1.,0.,0.));
#2951=DIRECTION('',(0.,0.,1.));
#2952=DIRECTION('',(1.,0.,0.));
#2953=DIRECTION('',(0.800548612794031,0.599267818720105,0.));
#2954=DIRECTION('',(0.,0.,1.));
#2955=DIRECTION('',(1.,0.,0.));
#2956=DIRECTION('',(0.,-1.,0.));
#2957=DIRECTION('',(1.,0.,0.));
#2958=DIRECTION('',(0.,1.,0.));
#2959=DIRECTION('',(0.,0.,1.));
#2960=DIRECTION('',(1.,0.,0.));
#2961=DIRECTION('',(0.,0.,1.));
#2962=DIRECTION('',(1.,0.,0.));
#2963=DIRECTION('',(1.,0.,0.));
#2964=DIRECTION('',(0.,0.,1.));
#2965=DIRECTION('',(1.,0.,0.));
#2966=DIRECTION('',(0.,0.,1.));
#2967=DIRECTION('',(1.,0.,0.));
#2968=DIRECTION('',(-1.,0.,0.));
#2969=DIRECTION('',(0.,-1.,0.));
#2970=DIRECTION('',(0.,0.,1.));
#2971=DIRECTION('',(1.,0.,0.));
#2972=DIRECTION('',(0.,-1.,0.));
#2973=DIRECTION('',(0.,0.,1.));
#2974=DIRECTION('',(1.,0.,0.));
#2975=DIRECTION('',(0.,0.,1.));
#2976=DIRECTION('',(1.,0.,0.));
#2977=DIRECTION('',(1.43697756113858E-5,-0.999999999896755,0.));
#2978=DIRECTION('',(0.,0.,1.));
#2979=DIRECTION('',(1.,0.,0.));
#2980=DIRECTION('',(0.,-1.,0.));
#2981=DIRECTION('',(0.,1.,0.));
#2982=DIRECTION('',(-1.,0.,0.));
#2983=DIRECTION('',(0.,-1.,0.));
#2984=DIRECTION('',(-1.,0.,0.));
#2985=DIRECTION('',(-0.699198848635557,0.714927248093617,0.));
#2986=DIRECTION('',(0.788870641638785,0.614559281729934,0.));
#2987=DIRECTION('',(0.,0.,1.));
#2988=DIRECTION('',(1.,0.,0.));
#2989=DIRECTION('',(0.,0.,1.));
#2990=DIRECTION('',(1.,0.,0.));
#2991=DIRECTION('',(0.708863560070766,-0.705345626770167,0.));
#2992=DIRECTION('',(1.,0.,0.));
#2993=DIRECTION('',(-0.94015336993419,-0.340751582536879,0.));
#2994=DIRECTION('',(0.,-1.,0.));
#2995=DIRECTION('',(0.,0.,1.));
#2996=DIRECTION('',(1.,0.,0.));
#2997=DIRECTION('',(-1.,0.,0.));
#2998=DIRECTION('',(0.,0.,1.));
#2999=DIRECTION('',(1.,0.,0.));
#3000=DIRECTION('',(-1.62630325872825E-16,1.,0.));
#3001=DIRECTION('',(0.707106781186548,0.707106781186547,0.));
#3002=DIRECTION('',(1.,0.,0.));
#3003=DIRECTION('',(0.,0.,1.));
#3004=DIRECTION('',(1.,0.,0.));
#3005=DIRECTION('',(0.,-1.,0.));
#3006=DIRECTION('',(0.94054841948821,-0.33965963934243,0.));
#3007=DIRECTION('',(0.,1.,0.));
#3008=DIRECTION('',(-0.943056217695812,0.33263338717764,0.));
#3009=DIRECTION('',(0.942123503753618,0.335266019266801,0.));
#3010=DIRECTION('',(0.,1.,0.));
#3011=DIRECTION('',(0.,1.,0.));
#3012=DIRECTION('',(-1.,0.,0.));
#3013=DIRECTION('',(0.,-1.,0.));
#3014=DIRECTION('',(0.611764018259382,-0.791040318797427,0.));
#3015=DIRECTION('',(0.791382768118941,0.611320958518848,0.));
#3016=DIRECTION('',(0.,0.,1.));
#3017=DIRECTION('',(1.,0.,0.));
#3018=DIRECTION('',(0.,0.,1.));
#3019=DIRECTION('',(1.,0.,0.));
#3020=DIRECTION('',(1.,0.,0.));
#3021=DIRECTION('',(0.,0.,1.));
#3022=DIRECTION('',(1.,0.,0.));
#3023=DIRECTION('',(1.,2.89120579329468E-16,0.));
#3024=DIRECTION('',(0.,0.,1.));
#3025=DIRECTION('',(1.,0.,0.));
#3026=DIRECTION('',(-2.20282346155785E-16,1.,0.));
#3027=DIRECTION('',(0.,0.,1.));
#3028=DIRECTION('',(1.,0.,0.));
#3029=DIRECTION('',(-1.,0.,0.));
#3030=DIRECTION('',(-0.707106781186548,-0.707106781186547,0.));
#3031=DIRECTION('',(3.25260651745651E-16,-1.,0.));
#3032=DIRECTION('',(0.,0.,1.));
#3033=DIRECTION('',(1.,0.,0.));
#3034=DIRECTION('',(0.,0.,1.));
#3035=DIRECTION('',(1.,0.,0.));
#3036=DIRECTION('',(1.39873177318998E-15,-1.,0.));
#3037=DIRECTION('',(0.,0.,1.));
#3038=DIRECTION('',(1.,0.,0.));
#3039=DIRECTION('',(0.,1.,0.));
#3040=DIRECTION('',(0.,0.,1.));
#3041=DIRECTION('',(1.,0.,0.));
#3042=DIRECTION('',(0.,1.,0.));
#3043=DIRECTION('',(0.,0.,1.));
#3044=DIRECTION('',(1.,0.,0.));
#3045=DIRECTION('',(0.,-1.,0.));
#3046=DIRECTION('',(-1.,0.,0.));
#3047=DIRECTION('',(0.,1.,0.));
#3048=DIRECTION('',(1.,0.,0.));
#3049=DIRECTION('',(0.708863560070766,-0.705345626770167,0.));
#3050=DIRECTION('',(0.,0.,1.));
#3051=DIRECTION('',(1.,0.,0.));
#3052=DIRECTION('',(0.,0.,1.));
#3053=DIRECTION('',(1.,0.,0.));
#3054=DIRECTION('',(0.788870641638785,0.614559281729934,0.));
#3055=DIRECTION('',(-0.699198848635557,0.714927248093617,0.));
#3056=DIRECTION('',(-1.,0.,0.));
#3057=DIRECTION('',(0.,-1.,0.));
#3058=DIRECTION('',(-1.,0.,0.));
#3059=DIRECTION('',(0.,0.,1.));
#3060=DIRECTION('',(1.,0.,0.));
#3061=DIRECTION('',(0.,0.,1.));
#3062=DIRECTION('',(1.,0.,0.));
#3063=DIRECTION('',(1.,0.,0.));
#3064=DIRECTION('',(0.,0.,1.));
#3065=DIRECTION('',(1.,0.,0.));
#3066=DIRECTION('',(0.,0.,1.));
#3067=DIRECTION('',(1.,0.,0.));
#3068=DIRECTION('',(0.,1.,0.));
#3069=DIRECTION('',(1.,0.,0.));
#3070=DIRECTION('',(0.,-1.,0.));
#3071=DIRECTION('',(0.,0.,1.));
#3072=DIRECTION('',(1.,0.,0.));
#3073=DIRECTION('',(0.800548612794031,0.599267818720105,0.));
#3074=DIRECTION('',(0.,0.,1.));
#3075=DIRECTION('',(1.,0.,0.));
#3076=DIRECTION('',(-0.940153369934189,-0.340751582536879,0.));
#3077=DIRECTION('',(0.,1.,0.));
#3078=DIRECTION('',(0.942123503753618,0.335266019266801,0.));
#3079=DIRECTION('',(-0.943056217695812,0.33263338717764,0.));
#3080=DIRECTION('',(0.,1.,0.));
#3081=DIRECTION('',(0.94054841948821,-0.33965963934243,0.));
#3082=DIRECTION('',(0.,-1.,0.));
#3083=DIRECTION('',(-1.,0.,0.));
#3084=DIRECTION('',(0.,1.,0.));
#3085=DIRECTION('',(-1.,0.,0.));
#3086=DIRECTION('',(0.,1.,0.));
#3087=DIRECTION('',(1.,0.,0.));
#3088=DIRECTION('',(0.,1.,0.));
#3089=DIRECTION('',(1.,0.,0.));
#3090=DIRECTION('',(0.818571984152272,-0.574403957821507,0.));
#3091=DIRECTION('',(0.,-1.,0.));
#3092=DIRECTION('',(-1.,0.,0.));
#3093=DIRECTION('',(0.,-1.,0.));
#3094=DIRECTION('',(-1.,0.,0.));
#3095=DIRECTION('',(0.,1.,0.));
#3096=DIRECTION('',(1.,0.,0.));
#3097=DIRECTION('',(0.,0.,1.));
#3098=DIRECTION('',(1.,0.,0.));
#3099=DIRECTION('',(0.,0.,1.));
#3100=DIRECTION('',(1.,0.,0.));
#3101=DIRECTION('',(0.791382768118941,0.611320958518848,0.));
#3102=DIRECTION('',(0.611764018259382,-0.791040318797427,0.));
#3103=DIRECTION('',(0.,-1.,0.));
#3104=DIRECTION('',(-0.998629534754574,0.,0.0523359562429438));
#3105=DIRECTION('',(0.0523359562429438,0.,0.998629534754574));
#3106=DIRECTION('',(-0.0523265431647929,-0.0189653656119274,-0.998449922523723));
#3107=DIRECTION('',(0.,1.,0.));
#3108=DIRECTION('',(-0.0523359562429438,0.,-0.998629534754574));
#3109=DIRECTION('',(-0.998629534754574,0.,0.0523359562429438));
#3110=DIRECTION('',(0.0523359562429438,0.,0.998629534754574));
#3111=DIRECTION('',(0.0523266112336988,-0.0188966751008107,0.998451221355822));
#3112=DIRECTION('',(-0.0523359562429438,6.05256079548865E-17,-0.998629534754574));
#3113=DIRECTION('',(0.,1.,0.));
#3114=DIRECTION('',(0.,-1.,0.));
#3115=DIRECTION('',(0.,0.,-1.));
#3116=DIRECTION('',(-0.340751582536879,0.940153369934189,0.));
#3117=DIRECTION('',(-0.940153369934189,-0.340751582536879,0.));
#3118=DIRECTION('',(0.,-1.,0.));
#3119=DIRECTION('',(-0.33965963934243,-0.94054841948821,0.));
#3120=DIRECTION('',(0.94054841948821,-0.33965963934243,0.));
#3121=DIRECTION('',(0.,1.,0.));
#3122=DIRECTION('',(0.,0.,1.));
#3123=DIRECTION('',(0.,-1.,0.));
#3124=DIRECTION('',(0.,1.,0.));
#3125=DIRECTION('',(0.,0.,1.));
#3126=DIRECTION('',(-2.89120579329468E-16,1.,0.));
#3127=DIRECTION('',(-1.,-2.89120579329468E-16,0.));
#3128=DIRECTION('',(0.,0.,-1.));
#3129=DIRECTION('',(1.,2.89120579329468E-16,0.));
#3130=DIRECTION('',(0.,0.,-1.));
#3131=DIRECTION('',(-1.,-2.89120579329468E-16,0.));
#3132=DIRECTION('',(0.,0.,-1.));
#3133=DIRECTION('',(-1.,0.,0.));
#3134=DIRECTION('',(0.,0.,1.));
#3135=DIRECTION('',(1.,0.,0.));
#3136=DIRECTION('',(0.,0.,-1.));
#3137=DIRECTION('',(0.,0.,1.));
#3138=DIRECTION('',(1.,0.,0.));
#3139=DIRECTION('',(-1.,-2.20282346155785E-16,0.));
#3140=DIRECTION('',(2.20282346155785E-16,-1.,0.));
#3141=DIRECTION('',(-2.20282346155785E-16,1.,0.));
#3142=DIRECTION('',(0.,0.,-1.));
#3143=DIRECTION('',(2.20282346155785E-16,-1.,0.));
#3144=DIRECTION('',(0.,0.,-1.));
#3145=DIRECTION('',(-1.,0.,0.));
#3146=DIRECTION('',(0.,0.,1.));
#3147=DIRECTION('',(1.,0.,0.));
#3148=DIRECTION('',(0.,0.,-1.));
#3149=DIRECTION('',(0.,0.,1.));
#3150=DIRECTION('',(1.,0.,0.));
#3151=DIRECTION('',(0.,1.,0.));
#3152=DIRECTION('',(0.,0.,1.));
#3153=DIRECTION('',(1.,0.,0.));
#3154=DIRECTION('',(0.,0.,-1.));
#3155=DIRECTION('',(1.,0.,0.));
#3156=DIRECTION('',(0.707106781186547,-0.707106781186548,0.));
#3157=DIRECTION('',(0.707106781186548,0.707106781186547,0.));
#3158=DIRECTION('',(-0.707106781186548,-0.707106781186547,0.));
#3159=DIRECTION('',(0.,0.,-1.));
#3160=DIRECTION('',(0.707106781186548,0.707106781186547,0.));
#3161=DIRECTION('',(1.,3.25260651745651E-16,0.));
#3162=DIRECTION('',(-3.25260651745651E-16,1.,0.));
#3163=DIRECTION('',(3.25260651745651E-16,-1.,0.));
#3164=DIRECTION('',(0.,0.,-1.));
#3165=DIRECTION('',(-3.25260651745651E-16,1.,0.));
#3166=DIRECTION('',(1.,0.,0.));
#3167=DIRECTION('',(0.,0.,-1.));
#3168=DIRECTION('',(0.,0.,-1.));
#3169=DIRECTION('',(0.,-1.,0.));
#3170=DIRECTION('',(0.,0.,-1.));
#3171=DIRECTION('',(0.,-1.,0.));
#3172=DIRECTION('',(0.,0.,-1.));
#3173=DIRECTION('',(-1.,0.,0.));
#3174=DIRECTION('',(0.,0.,-1.));
#3175=DIRECTION('',(0.,0.,1.));
#3176=DIRECTION('',(1.,0.,0.));
#3177=DIRECTION('',(0.,0.,1.));
#3178=DIRECTION('',(1.,0.,0.));
#3179=DIRECTION('',(-1.,-1.39873177318998E-15,0.));
#3180=DIRECTION('',(1.39873177318998E-15,-1.,0.));
#3181=DIRECTION('',(0.,0.,-1.));
#3182=DIRECTION('',(-1.39873177318998E-15,1.,0.));
#3183=DIRECTION('',(-1.39873177318998E-15,1.,0.));
#3184=DIRECTION('',(0.,0.,-1.));
#3185=DIRECTION('',(-1.,0.,0.));
#3186=DIRECTION('',(0.,0.,-1.));
#3187=DIRECTION('',(0.,0.,1.));
#3188=DIRECTION('',(1.,0.,0.));
#3189=DIRECTION('',(0.,0.,-1.));
#3190=DIRECTION('',(0.,0.,1.));
#3191=DIRECTION('',(1.,0.,0.));
#3192=DIRECTION('',(-1.,0.,0.));
#3193=DIRECTION('',(0.,0.,1.));
#3194=DIRECTION('',(0.,0.,-1.));
#3195=DIRECTION('',(0.,-1.,0.));
#3196=DIRECTION('',(0.,1.,0.));
#3197=DIRECTION('',(0.,0.,-1.));
#3198=DIRECTION('',(-1.,0.,0.));
#3199=DIRECTION('',(0.,0.,-1.));
#3200=DIRECTION('',(0.,0.,1.));
#3201=DIRECTION('',(1.,0.,0.));
#3202=DIRECTION('',(0.,0.,1.));
#3203=DIRECTION('',(1.,0.,0.));
#3204=DIRECTION('',(0.,0.,-1.));
#3205=DIRECTION('',(-1.,0.,0.));
#3206=DIRECTION('',(0.,0.,1.));
#3207=DIRECTION('',(1.,0.,0.));
#3208=DIRECTION('',(0.,0.,1.));
#3209=DIRECTION('',(1.,0.,0.));
#3210=DIRECTION('',(1.,0.,0.));
#3211=DIRECTION('',(0.,0.,-1.));
#3212=DIRECTION('',(0.,1.,0.));
#3213=DIRECTION('',(0.,-1.,0.));
#3214=DIRECTION('',(0.,0.,-1.));
#3215=DIRECTION('',(-1.,0.,0.));
#3216=DIRECTION('',(0.,0.,1.));
#3217=DIRECTION('',(1.,0.,0.));
#3218=DIRECTION('',(0.,0.,1.));
#3219=DIRECTION('',(1.,0.,0.));
#3220=DIRECTION('',(0.999999999896755,1.43697756113858E-5,0.));
#3221=DIRECTION('',(-1.43697756113858E-5,0.999999999896755,0.));
#3222=DIRECTION('',(0.,0.,-1.));
#3223=DIRECTION('',(1.43697756113858E-5,-0.999999999896755,0.));
#3224=DIRECTION('',(0.,0.,-1.));
#3225=DIRECTION('',(0.,0.,-1.));
#3226=DIRECTION('',(-1.,0.,0.));
#3227=DIRECTION('',(0.,0.,1.));
#3228=DIRECTION('',(1.,0.,0.));
#3229=DIRECTION('',(0.,0.,-1.));
#3230=DIRECTION('',(1.,0.,0.));
#3231=DIRECTION('',(0.,0.,-1.));
#3232=DIRECTION('',(0.,-1.,0.));
#3233=DIRECTION('',(0.,0.,-1.));
#3234=DIRECTION('',(0.,0.,-1.));
#3235=DIRECTION('',(-1.,0.,0.));
#3236=DIRECTION('',(0.,0.,1.));
#3237=DIRECTION('',(1.,0.,0.));
#3238=DIRECTION('',(0.,0.,1.));
#3239=DIRECTION('',(1.,0.,0.));
#3240=DIRECTION('',(1.,0.,0.));
#3241=DIRECTION('',(0.,0.,-1.));
#3242=DIRECTION('',(0.,0.,-1.));
#3243=DIRECTION('',(0.,-1.,0.));
#3244=DIRECTION('',(0.,0.,-1.));
#3245=DIRECTION('',(0.,0.,-1.));
#3246=DIRECTION('',(-1.,0.,0.));
#3247=DIRECTION('',(0.,0.,1.));
#3248=DIRECTION('',(1.,0.,0.));
#3249=DIRECTION('',(0.,0.,-1.));
#3250=DIRECTION('',(1.,0.,0.));
#3251=DIRECTION('',(0.,0.,-1.));
#3252=DIRECTION('',(0.,-1.,0.));
#3253=DIRECTION('',(0.,0.,-1.));
#3254=DIRECTION('',(0.,0.,-1.));
#3255=DIRECTION('',(-1.,0.,0.));
#3256=DIRECTION('',(0.,0.,1.));
#3257=DIRECTION('',(1.,0.,0.));
#3258=DIRECTION('',(0.,0.,1.));
#3259=DIRECTION('',(1.,0.,0.));
#3260=DIRECTION('',(0.,0.,1.));
#3261=DIRECTION('',(1.,0.,0.));
#3262=DIRECTION('',(0.,0.0523359562429438,-0.998629534754574));
#3263=DIRECTION('',(0.,0.,-1.));
#3264=DIRECTION('',(-1.,0.,0.));
#3265=DIRECTION('',(0.0523359562429438,4.53942059661648E-17,-0.998629534754574));
#3266=DIRECTION('',(0.998629534754574,1.62407446663364E-16,0.0523359562429438));
#3267=DIRECTION('',(-0.0523359562429438,-8.5114136186559E-18,0.998629534754574));
#3268=DIRECTION('',(-1.62630325872825E-16,1.,0.));
#3269=DIRECTION('',(-0.0523236630107089,0.0216731708520751,0.998394965909964));
#3270=DIRECTION('',(0.706137715918126,-0.706137715918127,0.0523359562429438));
#3271=DIRECTION('',(-0.037007109559268,0.0370071095592681,0.998629534754574));
#3272=DIRECTION('',(0.707106781186548,0.707106781186547,0.));
#3273=DIRECTION('',(-0.021673170852075,0.0523236630107089,0.998394965909964));
#3274=DIRECTION('',(0.,-0.998629534754574,0.0523359562429438));
#3275=DIRECTION('',(0.,0.0523359562429438,0.998629534754574));
#3276=DIRECTION('',(1.,0.,0.));
#3277=DIRECTION('',(0.,-0.0523359562429438,-0.998629534754574));
#3278=DIRECTION('',(0.,0.,1.));
#3279=DIRECTION('',(1.,0.,0.));
#3280=DIRECTION('',(0.,0.,-1.));
#3281=DIRECTION('',(-1.,0.,0.));
#3282=DIRECTION('',(0.,0.,1.));
#3283=DIRECTION('',(1.,0.,0.));
#3284=DIRECTION('',(0.,0.,-1.));
#3285=DIRECTION('',(-1.,0.,0.));
#3286=DIRECTION('',(0.,0.0523359562429438,-0.998629534754574));
#3287=DIRECTION('',(0.,0.998629534754574,0.0523359562429438));
#3288=DIRECTION('',(0.,-0.0523359562429438,0.998629534754574));
#3289=DIRECTION('',(1.,0.,0.));
#3290=DIRECTION('',(0.,0.,1.));
#3291=DIRECTION('',(1.,0.,0.));
#3292=DIRECTION('',(1.,0.,0.));
#3293=DIRECTION('',(0.,0.,1.));
#3294=DIRECTION('',(1.,0.,0.));
#3295=DIRECTION('',(-2.20282346155785E-16,1.,0.));
#3296=DIRECTION('',(0.,0.,1.));
#3297=DIRECTION('',(1.,0.,0.));
#3298=DIRECTION('',(1.,2.89120579329468E-16,0.));
#3299=DIRECTION('',(0.,0.,1.));
#3300=DIRECTION('',(1.,0.,0.));
#3301=DIRECTION('',(3.25260651745651E-16,-1.,0.));
#3302=DIRECTION('',(-0.707106781186548,-0.707106781186547,0.));
#3303=DIRECTION('',(1.,0.,0.));
#3304=DIRECTION('',(0.707106781186548,0.707106781186547,0.));
#3305=DIRECTION('',(-1.62630325872825E-16,1.,0.));
#3306=DIRECTION('',(0.,0.,1.));
#3307=DIRECTION('',(1.,0.,0.));
#3308=DIRECTION('',(-1.,0.,0.));
#3309=DIRECTION('',(0.,0.,1.));
#3310=DIRECTION('',(1.,0.,0.));
#3311=DIRECTION('',(0.,0.,1.));
#3312=DIRECTION('',(1.,0.,0.));
#3313=DIRECTION('',(-0.5,0.5,0.707106781186549));
#3314=DIRECTION('',(0.707106781186548,0.707106781186547,0.));
#3315=DIRECTION('',(-0.281084637714819,0.67859834454585,-0.678598344545845));
#3316=DIRECTION('',(0.678598344545847,-0.281084637714824,0.678598344545846));
#3317=DIRECTION('',(-0.707106781186547,-2.29994012502506E-16,0.707106781186548));
#3318=DIRECTION('',(-3.25260651745651E-16,1.,0.));
#3319=DIRECTION('',(-0.707106781186548,2.4532694666934E-15,-0.707106781186547));
#3320=DIRECTION('',(0.,-0.707106781186545,-0.70710678118655));
#3321=DIRECTION('',(1.,0.,0.));
#3322=DIRECTION('',(0.,0.,-1.));
#3323=DIRECTION('',(-1.,0.,0.));
#3324=DIRECTION('',(0.,-0.707106781186548,-0.707106781186547));
#3325=DIRECTION('',(0.,0.,-1.));
#3326=DIRECTION('',(-1.,0.,0.));
#3327=DIRECTION('',(2.0443912222445E-16,-0.707106781186547,0.707106781186548));
#3328=DIRECTION('',(-1.,-2.89120579329468E-16,0.));
#3329=DIRECTION('',(0.707106781186547,1.55763140742438E-16,0.707106781186548));
#3330=DIRECTION('',(2.20282346155785E-16,-1.,0.));
#3331=DIRECTION('',(0.,0.,-1.));
#3332=DIRECTION('',(-1.,0.,0.));
#3333=DIRECTION('',(-0.707106781186547,0.,-0.707106781186548));
#3334=DIRECTION('',(0.,-1.,0.));
#3335=DIRECTION('',(0.707106781186548,0.,-0.707106781186547));
#3336=DIRECTION('',(-0.707106781186548,0.,0.707106781186547));
#3337=DIRECTION('',(0.,0.,1.));
#3338=DIRECTION('',(1.,0.,0.));
#3339=DIRECTION('',(0.707106781186548,1.2266347333467E-15,0.707106781186547));
#3340=DIRECTION('',(0.,0.,1.));
#3341=DIRECTION('',(1.,0.,0.));
#3342=DIRECTION('',(-0.707106781186548,0.,-0.707106781186547));
#3343=DIRECTION('',(0.707106781186547,9.89052721883722E-16,-0.707106781186548));
#3344=DIRECTION('',(-1.39873177318998E-15,1.,0.));
#3345=DIRECTION('',(-0.707106781186548,0.,0.707106781186547));
#3346=DIRECTION('',(0.,1.,0.));
#3347=DIRECTION('',(0.707106781186547,0.,0.707106781186548));
#3348=DIRECTION('',(-0.707106781186547,0.,-0.707106781186548));
#3349=DIRECTION('',(0.,0.,1.));
#3350=DIRECTION('',(1.,0.,0.));
#3351=DIRECTION('',(0.707106781186548,-6.80919061883223E-32,-0.707106781186548));
#3352=DIRECTION('',(0.,0.,1.));
#3353=DIRECTION('',(1.,0.,0.));
#3354=DIRECTION('',(-0.707106781186548,0.,0.707106781186548));
#3355=DIRECTION('',(0.707106781186548,0.,0.707106781186547));
#3356=DIRECTION('',(0.,-1.,0.));
#3357=DIRECTION('',(-0.707106781186548,-0.707106781186547,0.));
#3358=DIRECTION('',(0.707106781186547,-0.707106781186548,0.));
#3359=DIRECTION('',(-0.923879532511287,-0.38268343236509,0.));
#3360=DIRECTION('',(-0.38268343236509,0.923879532511287,0.));
#3361=DIRECTION('',(-0.38268343236509,-0.923879532511287,0.));
#3362=DIRECTION('',(0.923879532511287,-0.38268343236509,0.));
#3363=DIRECTION('',(3.25260651745651E-16,-1.,0.));
#3364=DIRECTION('',(1.,3.25260651745651E-16,0.));
#3365=DIRECTION('',(0.,-1.,3.46944695195361E-15));
#3366=DIRECTION('',(0.,-3.46944695195361E-15,-1.));
#3367=DIRECTION('',(-1.,0.,0.));
#3368=DIRECTION('',(0.,0.,1.));
#3369=DIRECTION('',(0.,0.,1.));
#3370=DIRECTION('',(1.,0.,0.));
#3371=DIRECTION('',(1.,0.,0.));
#3372=DIRECTION('',(0.,0.,-1.));
#3373=DIRECTION('',(0.,0.,1.));
#3374=DIRECTION('',(1.,0.,0.));
#3375=DIRECTION('',(1.,2.89120579329468E-16,0.));
#3376=DIRECTION('',(-2.89120579329468E-16,1.,0.));
#3377=DIRECTION('',(-2.20282346155785E-16,1.,0.));
#3378=DIRECTION('',(-1.,-2.20282346155785E-16,0.));
#3379=DIRECTION('',(0.,0.,1.));
#3380=DIRECTION('',(1.,0.,0.));
#3381=DIRECTION('',(0.,0.,1.));
#3382=DIRECTION('',(1.,0.,0.));
#3383=DIRECTION('',(-1.,0.,0.));
#3384=DIRECTION('',(0.,0.,1.));
#3385=DIRECTION('',(-1.,0.,0.));
#3386=DIRECTION('',(0.,0.,1.));
#3387=DIRECTION('',(-1.,1.81826010092205E-16,-3.46944695195361E-15));
#3388=DIRECTION('',(-3.46944695195361E-15,0.,1.));
#3389=DIRECTION('',(0.,0.,1.));
#3390=DIRECTION('',(1.,0.,0.));
#3391=DIRECTION('',(0.,1.,0.));
#3392=DIRECTION('',(0.,0.,1.));
#3393=DIRECTION('',(0.,0.,1.));
#3394=DIRECTION('',(1.,0.,0.));
#3395=DIRECTION('',(-1.,0.,0.));
#3396=DIRECTION('',(0.,0.,1.));
#3397=DIRECTION('',(1.62630325872825E-16,-1.,0.));
#3398=DIRECTION('',(1.,1.62630325872825E-16,0.));
#3399=DIRECTION('',(-0.382683432365091,-0.923879532511287,0.));
#3400=DIRECTION('',(-0.923879532511287,0.38268343236509,0.));
#3401=DIRECTION('',(-1.,0.,0.));
#3402=DIRECTION('',(0.,0.,1.));
#3403=DIRECTION('',(-0.923879532511287,-0.38268343236509,0.));
#3404=DIRECTION('',(0.38268343236509,-0.923879532511287,0.));
#3405=DIRECTION('',(-0.707106781186548,-0.707106781186547,0.));
#3406=DIRECTION('',(0.707106781186547,-0.707106781186548,0.));
#3407=DIRECTION('',(1.,0.,0.));
#3408=DIRECTION('',(0.,0.,-1.));
#3409=DIRECTION('',(0.,0.,1.));
#3410=DIRECTION('',(0.,0.,1.));
#3411=DIRECTION('',(1.,0.,0.));
#3412=DIRECTION('',(0.,0.,-1.));
#3413=DIRECTION('',(0.,0.,1.));
#3414=DIRECTION('',(0.,0.,1.));
#3415=DIRECTION('',(0.33263338717764,0.943056217695812,0.));
#3416=DIRECTION('',(-0.943056217695812,0.33263338717764,0.));
#3417=DIRECTION('',(0.,0.,1.));
#3418=DIRECTION('',(0.,0.,1.));
#3419=DIRECTION('',(0.,0.,1.));
#3420=DIRECTION('',(0.335266019266801,-0.942123503753618,0.));
#3421=DIRECTION('',(0.942123503753618,0.335266019266801,0.));
#3422=DIRECTION('',(-0.340751582536879,0.940153369934189,0.));
#3423=DIRECTION('',(-0.94015336993419,-0.340751582536879,0.));
#3424=DIRECTION('',(0.,0.,1.));
#3425=DIRECTION('',(-0.33965963934243,-0.94054841948821,0.));
#3426=DIRECTION('',(0.94054841948821,-0.33965963934243,0.));
#3427=DIRECTION('',(0.,0.,1.));
#3428=DIRECTION('',(-1.,0.,0.));
#3429=DIRECTION('',(0.,0.,1.));
#3430=DIRECTION('',(1.,0.,0.));
#3431=DIRECTION('',(0.,0.,-1.));
#3432=DIRECTION('',(0.,0.,1.));
#3433=DIRECTION('',(0.,0.,1.));
#3434=DIRECTION('',(0.,1.,0.));
#3435=DIRECTION('',(0.,0.,1.));
#3436=DIRECTION('',(0.,0.,1.));
#3437=DIRECTION('',(-1.,0.,0.));
#3438=DIRECTION('',(0.,0.,1.));
#3439=DIRECTION('',(0.,0.,1.));
#3440=DIRECTION('',(0.,1.,0.));
#3441=DIRECTION('',(0.,0.,1.));
#3442=DIRECTION('',(0.,0.,1.));
#3443=DIRECTION('',(0.714927248093617,0.699198848635557,0.));
#3444=DIRECTION('',(-0.699198848635557,0.714927248093617,0.));
#3445=DIRECTION('',(0.,0.,1.));
#3446=DIRECTION('',(0.,0.,1.));
#3447=DIRECTION('',(0.,0.,1.));
#3448=DIRECTION('',(0.,0.,1.));
#3449=DIRECTION('',(0.,0.,1.));
#3450=DIRECTION('',(0.,0.,1.));
#3451=DIRECTION('',(0.614559281729934,-0.788870641638785,0.));
#3452=DIRECTION('',(0.788870641638785,0.614559281729934,0.));
#3453=DIRECTION('',(0.,0.,1.));
#3454=DIRECTION('',(0.,0.,1.));
#3455=DIRECTION('',(0.,0.,1.));
#3456=DIRECTION('',(0.984902173858845,0.173111836476081,0.));
#3457=DIRECTION('',(0.,0.,1.));
#3458=DIRECTION('',(0.,0.,1.));
#3459=DIRECTION('',(0.,0.,1.));
#3460=DIRECTION('',(0.,0.,1.));
#3461=DIRECTION('',(-0.180098362874375,-0.983648605798824,0.));
#3462=DIRECTION('',(0.,0.,1.));
#3463=DIRECTION('',(0.,0.,1.));
#3464=DIRECTION('',(0.,0.,1.));
#3465=DIRECTION('',(-0.705345626770167,-0.708863560070766,0.));
#3466=DIRECTION('',(0.708863560070766,-0.705345626770167,0.));
#3467=DIRECTION('',(0.,0.,1.));
#3468=DIRECTION('',(0.,-1.,0.));
#3469=DIRECTION('',(0.,0.,-1.));
#3470=DIRECTION('',(0.,0.,1.));
#3471=DIRECTION('',(0.,0.,1.));
#3472=DIRECTION('',(0.,0.,1.));
#3473=DIRECTION('',(0.,0.,1.));
#3474=DIRECTION('',(0.,0.,1.));
#3475=DIRECTION('',(0.986689530605706,0.162615405768,0.));
#3476=DIRECTION('',(0.,0.,1.));
#3477=DIRECTION('',(0.,0.,1.));
#3478=DIRECTION('',(0.599267818720105,-0.800548612794031,0.));
#3479=DIRECTION('',(0.800548612794031,0.599267818720105,0.));
#3480=DIRECTION('',(0.,0.,1.));
#3481=DIRECTION('',(0.,0.,1.));
#3482=DIRECTION('',(0.,0.,1.));
#3483=DIRECTION('',(0.989495048680546,0.14456676186691,0.));
#3484=DIRECTION('',(0.,0.,1.));
#3485=DIRECTION('',(0.,0.,1.));
#3486=DIRECTION('',(0.,0.,1.));
#3487=DIRECTION('',(0.,0.,1.));
#3488=DIRECTION('',(0.,0.,1.));
#3489=DIRECTION('',(-1.,0.,0.));
#3490=DIRECTION('',(0.,0.,1.));
#3491=DIRECTION('',(0.,0.,1.));
#3492=DIRECTION('',(0.,-1.,0.));
#3493=DIRECTION('',(0.,0.,-1.));
#3494=DIRECTION('',(0.,0.,1.));
#3495=DIRECTION('',(1.,0.,0.));
#3496=DIRECTION('',(0.,0.,-1.));
#3497=DIRECTION('',(0.,0.,1.));
#3498=DIRECTION('',(0.,0.,1.));
#3499=DIRECTION('',(0.,0.,1.));
#3500=DIRECTION('',(0.,0.,1.));
#3501=DIRECTION('',(-0.993148253612246,0.116861226875927,0.));
#3502=DIRECTION('',(0.,0.,1.));
#3503=DIRECTION('',(0.,0.,1.));
#3504=DIRECTION('',(-0.942691572984989,0.333665398600286,0.));
#3505=DIRECTION('',(0.,0.,1.));
#3506=DIRECTION('',(0.,-1.,0.));
#3507=DIRECTION('',(0.,0.,-1.));
#3508=DIRECTION('',(0.,0.,1.));
#3509=DIRECTION('',(0.,0.,1.));
#3510=DIRECTION('',(-0.950414462824786,0.310986091093273,0.));
#3511=DIRECTION('',(0.,0.,1.));
#3512=DIRECTION('',(0.,0.,1.));
#3513=DIRECTION('',(-0.996381358427083,0.0849952268012778,0.));
#3514=DIRECTION('',(0.,0.,1.));
#3515=DIRECTION('',(0.,0.,1.));
#3516=DIRECTION('',(0.,0.,1.));
#3517=DIRECTION('',(0.,0.,1.));
#3518=DIRECTION('',(0.,0.,1.));
#3519=DIRECTION('',(0.,1.,0.));
#3520=DIRECTION('',(0.,0.,1.));
#3521=DIRECTION('',(0.,0.,1.));
#3522=DIRECTION('',(1.,0.,0.));
#3523=DIRECTION('',(0.,0.,-1.));
#3524=DIRECTION('',(0.,0.,1.));
#3525=DIRECTION('',(0.,0.,1.));
#3526=DIRECTION('',(0.,1.,0.));
#3527=DIRECTION('',(0.,0.,1.));
#3528=DIRECTION('',(0.,0.,1.));
#3529=DIRECTION('',(-1.,0.,0.));
#3530=DIRECTION('',(0.,0.,1.));
#3531=DIRECTION('',(0.,0.,1.));
#3532=DIRECTION('',(0.,1.,0.));
#3533=DIRECTION('',(0.,0.,1.));
#3534=DIRECTION('',(0.,0.,1.));
#3535=DIRECTION('',(-1.,0.,0.));
#3536=DIRECTION('',(0.,0.,1.));
#3537=DIRECTION('',(0.,0.,1.));
#3538=DIRECTION('',(-0.574403957821507,-0.818571984152273,0.));
#3539=DIRECTION('',(0.818571984152272,-0.574403957821507,0.));
#3540=DIRECTION('',(0.,0.,1.));
#3541=DIRECTION('',(0.,-1.,0.));
#3542=DIRECTION('',(0.,0.,-1.));
#3543=DIRECTION('',(0.,0.,1.));
#3544=DIRECTION('',(1.,0.,0.));
#3545=DIRECTION('',(0.,0.,-1.));
#3546=DIRECTION('',(0.,0.,1.));
#3547=DIRECTION('',(0.,-1.,0.));
#3548=DIRECTION('',(0.,0.,-1.));
#3549=DIRECTION('',(0.,0.,1.));
#3550=DIRECTION('',(1.,0.,0.));
#3551=DIRECTION('',(0.,0.,-1.));
#3552=DIRECTION('',(0.,0.,1.));
#3553=DIRECTION('',(0.,1.,0.));
#3554=DIRECTION('',(0.,0.,1.));
#3555=DIRECTION('',(1.,0.,0.));
#3556=DIRECTION('',(0.,0.,-1.));
#3557=DIRECTION('',(0.,0.,1.));
#3558=DIRECTION('',(0.,0.,1.));
#3559=DIRECTION('',(0.,1.,0.));
#3560=DIRECTION('',(0.,0.,1.));
#3561=DIRECTION('',(0.,0.,1.));
#3562=DIRECTION('',(-1.,0.,0.));
#3563=DIRECTION('',(0.,0.,1.));
#3564=DIRECTION('',(0.,0.,1.));
#3565=DIRECTION('',(-0.791040318797427,-0.611764018259382,0.));
#3566=DIRECTION('',(0.611764018259382,-0.791040318797427,0.));
#3567=DIRECTION('',(0.,0.,1.));
#3568=DIRECTION('',(0.611320958518848,-0.791382768118941,0.));
#3569=DIRECTION('',(0.791382768118941,0.611320958518848,0.));
#3570=DIRECTION('',(0.,0.,1.));
#3571=DIRECTION('',(0.,0.,1.));
#3572=DIRECTION('',(0.,0.,1.));
#3573=DIRECTION('',(-0.728505570771021,-0.68503987720102,0.));
#3574=DIRECTION('',(0.,0.,1.));
#3575=DIRECTION('',(0.,0.,1.));
#3576=DIRECTION('',(0.0331436063470809,0.999450599758842,0.));
#3577=DIRECTION('',(0.,0.,1.));
#3578=DIRECTION('',(0.,-1.,0.));
#3579=DIRECTION('',(0.,0.,-1.));
#3580=CARTESIAN_POINT('',(0.,0.,0.));
#3581=CARTESIAN_POINT('',(0.0150355339059328,0.0225,0.));
#3582=CARTESIAN_POINT('',(0.0122371302290398,0.0225,0.));
#3583=CARTESIAN_POINT('',(0.0122371302290398,-0.00270486111111109,0.));
#3584=CARTESIAN_POINT('',(0.0122371302290398,-0.00152777777777776,0.));
#3585=CARTESIAN_POINT('',(0.0150355339059328,-0.00270486111111109,0.));
#3586=CARTESIAN_POINT('',(0.0130565746734842,-0.00270486111111109,0.));
#3587=CARTESIAN_POINT('',(0.0130565746734842,0.0225,0.));
#3588=CARTESIAN_POINT('',(0.0130565746734842,-0.00152777777777776,0.));
#3589=CARTESIAN_POINT('',(0.0150355339059328,-0.00152777777777776,0.));
#3590=CARTESIAN_POINT('',(0.0183899080068175,-0.00152777777777776,0.));
#3591=CARTESIAN_POINT('',(0.0183899080068175,0.0225,0.));
#3592=CARTESIAN_POINT('',(0.0183899080068175,-0.000572916666666649,0.));
#3593=CARTESIAN_POINT('',(0.00529359831296401,0.00861695577783943,0.));
#3594=CARTESIAN_POINT('',(0.0130235885623731,0.00319270833333335,0.));
#3595=CARTESIAN_POINT('',(0.0150355339059328,0.00319270833333335,0.));
#3596=CARTESIAN_POINT('',(0.0122371302290398,0.00319270833333335,0.));
#3597=CARTESIAN_POINT('',(0.0122371302290398,0.0225,0.));
#3598=CARTESIAN_POINT('',(0.0122371302290398,-0.000664930555555538,0.));
#3599=CARTESIAN_POINT('',(0.0150355339059328,-0.000664930555555537,0.));
#3600=CARTESIAN_POINT('',(0.0104142135623731,-0.000664930555555538,0.));
#3601=CARTESIAN_POINT('',(0.0104142135623731,0.0225,0.));
#3602=CARTESIAN_POINT('',(0.0104142135623731,-0.00152777777777776,0.));
#3603=CARTESIAN_POINT('',(0.0150355339059328,-0.00152777777777776,0.));
#3604=CARTESIAN_POINT('',(0.0164801857845953,0.0127526041666667,0.));
#3605=CARTESIAN_POINT('',(0.0157197691179287,0.0127526041666667,0.));
#3606=CARTESIAN_POINT('',(0.0152371302290398,0.0131788194444445,0.));
#3607=CARTESIAN_POINT('',(0.0164801857845953,0.0127526041666667,0.));
#3608=CARTESIAN_POINT('',(0.0152371302290398,0.0131788194444445,0.));
#3609=CARTESIAN_POINT('',(0.0179307066179287,0.0133932291666667,0.));
#3610=CARTESIAN_POINT('',(0.0174020607845953,0.0127526041666667,0.));
#3611=CARTESIAN_POINT('',(0.0164801857845953,0.0127526041666667,0.));
#3612=CARTESIAN_POINT('',(0.0179307066179287,0.0133932291666667,0.));
#3613=CARTESIAN_POINT('',(0.018459352451262,0.0151883680555556,0.));
#3614=CARTESIAN_POINT('',(0.018459352451262,0.0140338541666667,0.));
#3615=CARTESIAN_POINT('',(0.0179307066179287,0.0133932291666667,0.));
#3616=CARTESIAN_POINT('',(0.018459352451262,0.0151883680555556,0.));
#3617=CARTESIAN_POINT('',(0.0143651525987603,0.0152118915690048,0.));
#3618=CARTESIAN_POINT('',(0.0182397343957064,0.0165321180555555,0.));
#3619=CARTESIAN_POINT('',(0.0176346996734842,0.0176571180555555,0.));
#3620=CARTESIAN_POINT('',(0.0180201163401509,0.0171692708333334,0.));
#3621=CARTESIAN_POINT('',(0.0182397343957064,0.0165321180555555,0.));
#3622=CARTESIAN_POINT('',(0.0176346996734842,0.0176571180555555,0.));
#3623=CARTESIAN_POINT('',(0.018292290117236,0.0181493714734498,0.));
#3624=CARTESIAN_POINT('',(0.0170270607845953,0.0172022569444444,0.));
#3625=CARTESIAN_POINT('',(0.0175487621734842,0.0161493055555555,0.));
#3626=CARTESIAN_POINT('',(0.0174072691179287,0.0166102430555555,0.));
#3627=CARTESIAN_POINT('',(0.0170270607845953,0.0172022569444444,0.));
#3628=CARTESIAN_POINT('',(0.0175487621734842,0.0161493055555555,0.));
#3629=CARTESIAN_POINT('',(0.0143606986288264,0.0151921088006829,0.));
#3630=CARTESIAN_POINT('',(0.0176902552290398,0.0151675347222223,0.));
#3631=CARTESIAN_POINT('',(0.0173586580068175,0.0140850694444445,0.));
#3632=CARTESIAN_POINT('',(0.0176902552290398,0.0144835069444445,0.));
#3633=CARTESIAN_POINT('',(0.0176902552290398,0.0151675347222223,0.));
#3634=CARTESIAN_POINT('',(0.0173586580068175,0.0140850694444445,0.));
#3635=CARTESIAN_POINT('',(0.0164471996734842,0.0136866319444445,0.));
#3636=CARTESIAN_POINT('',(0.0170270607845953,0.0136866319444445,0.));
#3637=CARTESIAN_POINT('',(0.0173586580068175,0.0140850694444445,0.));
#3638=CARTESIAN_POINT('',(0.0164471996734842,0.0136866319444445,0.));
#3639=CARTESIAN_POINT('',(0.0153100468957064,0.0142291666666667,0.));
#3640=CARTESIAN_POINT('',(0.0157197691179287,0.0136866319444445,0.));
#3641=CARTESIAN_POINT('',(0.0164471996734842,0.0136866319444445,0.));
#3642=CARTESIAN_POINT('',(0.0153100468957064,0.0142291666666667,0.));
#3643=CARTESIAN_POINT('',(0.0149003246734842,0.0156987847222223,0.));
#3644=CARTESIAN_POINT('',(0.0149003246734842,0.0147717013888889,0.));
#3645=CARTESIAN_POINT('',(0.0153100468957064,0.0142291666666667,0.));
#3646=CARTESIAN_POINT('',(0.0149003246734842,0.0156987847222223,0.));
#3647=CARTESIAN_POINT('',(0.0149003246734842,0.0225,0.));
#3648=CARTESIAN_POINT('',(0.0149003246734842,0.0164904513888889,0.));
#3649=CARTESIAN_POINT('',(0.0150355339059328,0.0164904513888889,0.));
#3650=CARTESIAN_POINT('',(0.0141260191179286,0.0164904513888889,0.));
#3651=CARTESIAN_POINT('',(0.0141260191179286,0.0225,0.));
#3652=CARTESIAN_POINT('',(0.0141260191179286,0.0157092013888889,0.));
#3653=CARTESIAN_POINT('',(0.0126815746734842,0.0134418402777778,0.));
#3654=CARTESIAN_POINT('',(0.0141260191179286,0.0134418402777778,0.));
#3655=CARTESIAN_POINT('',(0.0141260191179286,0.0157092013888889,0.));
#3656=CARTESIAN_POINT('',(0.0126815746734842,0.0134418402777778,0.));
#3657=CARTESIAN_POINT('',(0.0110704635623731,0.0154973958333333,0.));
#3658=CARTESIAN_POINT('',(0.0110704635623731,0.0134418402777778,0.));
#3659=CARTESIAN_POINT('',(0.0126815746734842,0.0134418402777778,0.));
#3660=CARTESIAN_POINT('',(0.0110704635623731,0.0154973958333333,0.));
#3661=CARTESIAN_POINT('',(0.0160597563552615,0.0154506837115106,0.));
#3662=CARTESIAN_POINT('',(0.0112036319799887,0.0166014776204843,0.));
#3663=CARTESIAN_POINT('',(0.0160230228995781,0.0155198602437489,0.));
#3664=CARTESIAN_POINT('',(0.0115910593375126,0.0177005208333334,0.));
#3665=CARTESIAN_POINT('',(0.0150355339059328,0.0177005208333334,0.));
#3666=CARTESIAN_POINT('',(0.0107338834286588,0.0177005208333334,0.));
#3667=CARTESIAN_POINT('',(0.0143048602661328,0.0159651523356745,0.));
#3668=CARTESIAN_POINT('',(0.0103999478641573,0.0166840938931444,0.));
#3669=CARTESIAN_POINT('',(0.016770424111034,0.0155843941694027,0.));
#3670=CARTESIAN_POINT('',(0.0103048385623731,0.0155303819444445,0.));
#3671=CARTESIAN_POINT('',(0.0109159496734842,0.0132960069444445,0.));
#3672=CARTESIAN_POINT('',(0.0103048385623731,0.0140824652777778,0.));
#3673=CARTESIAN_POINT('',(0.0103048385623731,0.0155303819444445,0.));
#3674=CARTESIAN_POINT('',(0.0109159496734842,0.0132960069444445,0.));
#3675=CARTESIAN_POINT('',(0.0126607413401509,0.0125095486111111,0.));
#3676=CARTESIAN_POINT('',(0.0115270607845953,0.0125095486111111,0.));
#3677=CARTESIAN_POINT('',(0.0109159496734842,0.0132960069444445,0.));
#3678=CARTESIAN_POINT('',(0.0126607413401509,0.0125095486111111,0.));
#3679=CARTESIAN_POINT('',(0.0139411232845953,0.0129704861111111,0.));
#3680=CARTESIAN_POINT('',(0.0134524080068175,0.0125095486111111,0.));
#3681=CARTESIAN_POINT('',(0.0126607413401509,0.0125095486111111,0.));
#3682=CARTESIAN_POINT('',(0.0139411232845953,0.0129704861111111,0.));
#3683=CARTESIAN_POINT('',(0.0145478941179286,0.0143862847222222,0.));
#3684=CARTESIAN_POINT('',(0.0144298385623731,0.0134314236111111,0.));
#3685=CARTESIAN_POINT('',(0.0139411232845953,0.0129704861111111,0.));
#3686=CARTESIAN_POINT('',(0.0145478941179286,0.0143862847222222,0.));
#3687=CARTESIAN_POINT('',(0.0150355339059328,0.0143862847222222,0.));
#3688=CARTESIAN_POINT('',(0.0145912968957064,0.0143862847222222,0.));
#3689=CARTESIAN_POINT('',(0.0152371302290398,0.0131788194444445,0.));
#3690=CARTESIAN_POINT('',(0.0147544913401509,0.0136050347222222,0.));
#3691=CARTESIAN_POINT('',(0.0145912968957064,0.0143862847222222,0.));
#3692=CARTESIAN_POINT('',(-0.0065,0.0225,0.));
#3693=CARTESIAN_POINT('',(-0.0065,0.045,0.));
#3694=CARTESIAN_POINT('',(-0.0065,7.9602041944578E-19,0.));
#3695=CARTESIAN_POINT('',(0.,3.9801020972289E-19,0.));
#3696=CARTESIAN_POINT('',(0.0065,0.,0.));
#3697=CARTESIAN_POINT('',(0.0065,0.0225,0.));
#3698=CARTESIAN_POINT('',(0.0065,0.045,0.));
#3699=CARTESIAN_POINT('',(0.,0.045,0.));
#3700=CARTESIAN_POINT('',(0.03,-0.005,0.));
#3701=CARTESIAN_POINT('',(0.0235,-0.005,0.));
#3702=CARTESIAN_POINT('',(0.0364999999993454,-0.00499990774958866,0.));
#3703=CARTESIAN_POINT('',(0.0364996055580861,0.0224494135851921,0.));
#3704=CARTESIAN_POINT('',(0.0364992111175143,0.0498987337668428,0.));
#3705=CARTESIAN_POINT('',(0.03,0.05,0.));
#3706=CARTESIAN_POINT('',(0.0235,0.05,0.));
#3707=CARTESIAN_POINT('',(0.0235,0.0225,0.));
#3708=CARTESIAN_POINT('',(0.0104142135623731,0.0225,0.));
#3709=CARTESIAN_POINT('',(0.0104142135623731,0.0274817708333333,0.));
#3710=CARTESIAN_POINT('',(0.0104142135623731,0.0326953125,0.));
#3711=CARTESIAN_POINT('',(0.0150355339059328,0.0274817708333333,0.));
#3712=CARTESIAN_POINT('',(0.0112492830068175,0.0274817708333333,0.));
#3713=CARTESIAN_POINT('',(0.0112492830068175,0.0225,0.));
#3714=CARTESIAN_POINT('',(0.0112492830068175,0.0315616319444444,0.));
#3715=CARTESIAN_POINT('',(0.0150355339059328,0.0315616319444444,0.));
#3716=CARTESIAN_POINT('',(0.0112926857845953,0.0315616319444444,0.));
#3717=CARTESIAN_POINT('',(0.017652180870758,0.0250590807315992,0.));
#3718=CARTESIAN_POINT('',(0.012990602451262,0.0298255208333334,0.));
#3719=CARTESIAN_POINT('',(0.0148569218957064,0.0282421875,0.));
#3720=CARTESIAN_POINT('',(0.0141190746734842,0.0286657986111112,0.));
#3721=CARTESIAN_POINT('',(0.012990602451262,0.0298255208333334,0.));
#3722=CARTESIAN_POINT('',(0.0148569218957064,0.0282421875,0.));
#3723=CARTESIAN_POINT('',(0.016349977451262,0.0278185763888889,0.));
#3724=CARTESIAN_POINT('',(0.0155947691179287,0.0278185763888889,0.));
#3725=CARTESIAN_POINT('',(0.0148569218957064,0.0282421875,0.));
#3726=CARTESIAN_POINT('',(0.016349977451262,0.0278185763888889,0.));
#3727=CARTESIAN_POINT('',(0.0178873038401509,0.028453125,0.));
#3728=CARTESIAN_POINT('',(0.0173152552290398,0.0278185763888889,0.));
#3729=CARTESIAN_POINT('',(0.016349977451262,0.0278185763888889,0.));
#3730=CARTESIAN_POINT('',(0.0178873038401509,0.028453125,0.));
#3731=CARTESIAN_POINT('',(0.018459352451262,0.0302057291666667,0.));
#3732=CARTESIAN_POINT('',(0.018459352451262,0.0290876736111111,0.));
#3733=CARTESIAN_POINT('',(0.0178873038401509,0.028453125,0.));
#3734=CARTESIAN_POINT('',(0.018459352451262,0.0302057291666667,0.));
#3735=CARTESIAN_POINT('',(0.0175478941179287,0.0325928819444445,0.));
#3736=CARTESIAN_POINT('',(0.018459352451262,0.0314973958333334,0.));
#3737=CARTESIAN_POINT('',(0.018459352451262,0.0302057291666667,0.));
#3738=CARTESIAN_POINT('',(0.0175478941179287,0.0325928819444445,0.));
#3739=CARTESIAN_POINT('',(0.0110913022883016,0.0275629591309956,0.));
#3740=CARTESIAN_POINT('',(0.0169350468957064,0.0321154513888889,0.));
#3741=CARTESIAN_POINT('',(0.0175270607845953,0.0311310763888889,0.));
#3742=CARTESIAN_POINT('',(0.0173638663401509,0.0315737847222223,0.));
#3743=CARTESIAN_POINT('',(0.0169350468957064,0.0321154513888889,0.));
#3744=CARTESIAN_POINT('',(0.0175270607845953,0.0311310763888889,0.));
#3745=CARTESIAN_POINT('',(0.0150069066931835,0.0302113121051508,0.));
#3746=CARTESIAN_POINT('',(0.0176902552290398,0.0301953125,0.));
#3747=CARTESIAN_POINT('',(0.017318727451262,0.0291258680555555,0.));
#3748=CARTESIAN_POINT('',(0.0176902552290398,0.0295112847222222,0.));
#3749=CARTESIAN_POINT('',(0.0176902552290398,0.0301953125,0.));
#3750=CARTESIAN_POINT('',(0.017318727451262,0.0291258680555555,0.));
#3751=CARTESIAN_POINT('',(0.0163117830068175,0.0287404513888889,0.));
#3752=CARTESIAN_POINT('',(0.0169471996734842,0.0287404513888889,0.));
#3753=CARTESIAN_POINT('',(0.017318727451262,0.0291258680555555,0.));
#3754=CARTESIAN_POINT('',(0.0163117830068175,0.0287404513888889,0.));
#3755=CARTESIAN_POINT('',(0.016290769771203,0.0310389437609074,0.));
#3756=CARTESIAN_POINT('',(0.0154715052290398,0.0288923611111111,0.));
#3757=CARTESIAN_POINT('',(0.0146685538401509,0.0293480902777778,0.));
#3758=CARTESIAN_POINT('',(0.0150808802290398,0.0290442708333334,0.));
#3759=CARTESIAN_POINT('',(0.0154715052290398,0.0288923611111111,0.));
#3760=CARTESIAN_POINT('',(0.0146685538401509,0.0293480902777778,0.));
#3761=CARTESIAN_POINT('',(0.0132892135623731,0.0306067708333333,0.));
#3762=CARTESIAN_POINT('',(0.014256227451262,0.0296519097222222,0.));
#3763=CARTESIAN_POINT('',(0.0146685538401509,0.0293480902777778,0.));
#3764=CARTESIAN_POINT('',(0.0132892135623731,0.0306067708333333,0.));
#3765=CARTESIAN_POINT('',(0.0182200530402864,0.0257004020228043,0.));
#3766=CARTESIAN_POINT('',(0.0111902552290398,0.0326953125,0.));
#3767=CARTESIAN_POINT('',(0.0150355339059328,0.0326953125,0.));
#3768=CARTESIAN_POINT('',(0.018563599777012,0.0127658617361346,0.));
#3769=CARTESIAN_POINT('',(0.045,0.0223475379824177,4.2351647362715E-22));
#3770=CARTESIAN_POINT('',(0.0372,0.0195204861111111,0.));
#3771=CARTESIAN_POINT('',(0.045,0.0225,0.));
#3772=CARTESIAN_POINT('',(0.045,-0.009,0.));
#3773=CARTESIAN_POINT('',(0.039,-0.009,0.));
#3774=CARTESIAN_POINT('',(0.039,-0.015,0.));
#3775=CARTESIAN_POINT('',(0.0150355339059328,-0.015,0.));
#3776=CARTESIAN_POINT('',(-0.009,-0.015,0.));
#3777=CARTESIAN_POINT('',(-0.009,-0.009,0.));
#3778=CARTESIAN_POINT('',(-0.015,-0.009,0.));
#3779=CARTESIAN_POINT('',(-0.015,0.0225,0.));
#3780=CARTESIAN_POINT('',(-0.015,0.055,0.));
#3781=CARTESIAN_POINT('',(-0.0162322330470336,0.0537677669529664,0.));
#3782=CARTESIAN_POINT('',(-0.01,0.06,0.));
#3783=CARTESIAN_POINT('',(0.0150355339059328,0.06,0.));
#3784=CARTESIAN_POINT('',(0.039,0.06,0.));
#3785=CARTESIAN_POINT('',(0.039,0.054,0.));
#3786=CARTESIAN_POINT('',(0.045,0.054,0.));
#3787=CARTESIAN_POINT('',(0.045,0.0225,0.));
#3788=CARTESIAN_POINT('',(0.045,0.023403329959145,0.));
#3789=CARTESIAN_POINT('',(0.0187810780374939,0.0328717522043048,0.));
#3790=CARTESIAN_POINT('',(0.0372,0.0262201388888889,0.));
#3791=CARTESIAN_POINT('',(0.0372,0.0225,0.));
#3792=CARTESIAN_POINT('',(0.0372,0.0252322916666667,0.));
#3793=CARTESIAN_POINT('',(0.0183450185916154,0.0318827926796036,0.));
#3794=CARTESIAN_POINT('',(0.042245138888889,0.0234527777777778,0.));
#3795=CARTESIAN_POINT('',(0.044090625,0.0228885416666667,0.));
#3796=CARTESIAN_POINT('',(0.0433354166666668,0.0230673611111111,0.));
#3797=CARTESIAN_POINT('',(0.042245138888889,0.0234527777777778,0.));
#3798=CARTESIAN_POINT('',(0.044090625,0.0228885416666667,0.));
#3799=CARTESIAN_POINT('',(0.0422347222222223,0.0222982638888889,0.));
#3800=CARTESIAN_POINT('',(0.0436027777777778,0.02276875,0.));
#3801=CARTESIAN_POINT('',(0.044090625,0.0228885416666667,0.));
#3802=CARTESIAN_POINT('',(0.0422347222222223,0.0222982638888889,0.));
#3803=CARTESIAN_POINT('',(0.0181565333008367,0.0137297497623821,0.));
#3804=CARTESIAN_POINT('',(0.0372,0.0205065972222222,0.));
#3805=CARTESIAN_POINT('',(0.0372,0.0225,0.));
#3806=CARTESIAN_POINT('',(0.0104142135623731,0.0225,0.));
#3807=CARTESIAN_POINT('',(0.0104142135623731,0.0444210069444444,0.));
#3808=CARTESIAN_POINT('',(0.0104142135623731,0.0452994791666667,0.));
#3809=CARTESIAN_POINT('',(0.0150355339059328,0.0444210069444444,0.));
#3810=CARTESIAN_POINT('',(0.0183465052290398,0.0444210069444444,0.));
#3811=CARTESIAN_POINT('',(0.0183465052290398,0.0225,0.));
#3812=CARTESIAN_POINT('',(0.0183465052290398,0.0451796875,0.));
#3813=CARTESIAN_POINT('',(0.0280827382111757,0.032590269665345,0.));
#3814=CARTESIAN_POINT('',(0.0167232413401509,0.0472786458333333,0.));
#3815=CARTESIAN_POINT('',(0.00367861951842431,0.0372020418980109,0.));
#3816=CARTESIAN_POINT('',(0.0161051857845953,0.0468012152777778,0.));
#3817=CARTESIAN_POINT('',(0.0171633455068175,0.0455104166666667,0.));
#3818=CARTESIAN_POINT('',(0.017039213562373,0.0456519097222222,0.));
#3819=CARTESIAN_POINT('',(0.0161051857845953,0.0468012152777778,0.));
#3820=CARTESIAN_POINT('',(0.0171633455068175,0.0455104166666667,0.));
#3821=CARTESIAN_POINT('',(0.0207960428500468,0.0486775594867719,0.));
#3822=CARTESIAN_POINT('',(0.0174016821416175,0.0452563299722586,0.));
#3823=CARTESIAN_POINT('',(0.0161095435434978,0.0258532156173397,0.));
#3824=CARTESIAN_POINT('',(0.016066991579489,0.0452993697896665,0.));
#3825=CARTESIAN_POINT('',(0.0150355339059328,0.0452994791666667,0.));
#3826=CARTESIAN_POINT('',(0.0150355339059328,0.0225,0.0031));
#3827=CARTESIAN_POINT('',(0.039,-0.016,0.0031));
#3828=CARTESIAN_POINT('',(-0.009,-0.016,0.0031));
#3829=CARTESIAN_POINT('',(0.0390737903173237,-0.016,0.0031));
#3830=CARTESIAN_POINT('',(0.04,-0.01,0.0031));
#3831=CARTESIAN_POINT('',(0.046,-0.00907379031732358,0.0031));
#3832=CARTESIAN_POINT('',(0.046,0.054,0.0031));
#3833=CARTESIAN_POINT('',(0.046,0.0540737903173236,0.0031));
#3834=CARTESIAN_POINT('',(0.04,0.055,0.0031));
#3835=CARTESIAN_POINT('',(0.0390737903173236,0.0609999999999988,0.0031));
#3836=CARTESIAN_POINT('',(0.0150355339059328,0.061,0.0031));
#3837=CARTESIAN_POINT('',(-0.00958578643762691,0.061,0.0031));
#3838=CARTESIAN_POINT('',(-0.0162928932188134,0.0542928932188135,0.0031));
#3839=CARTESIAN_POINT('',(-0.016,0.0545857864376269,0.0031));
#3840=CARTESIAN_POINT('',(-0.016,-0.009,0.0031));
#3841=CARTESIAN_POINT('',(-0.016,-0.009,0.0031));
#3842=CARTESIAN_POINT('',(-0.009,-0.009,0.0031));
#3843=CARTESIAN_POINT('',(0.03,0.05,0.0031));
#3844=CARTESIAN_POINT('',(0.0248,0.05,0.0031));
#3845=CARTESIAN_POINT('',(0.0352,0.05,0.0031));
#3846=CARTESIAN_POINT('',(0.0352,0.0225,0.0031));
#3847=CARTESIAN_POINT('',(0.0352,-0.005,0.0031));
#3848=CARTESIAN_POINT('',(0.03,-0.005,0.0031));
#3849=CARTESIAN_POINT('',(0.0248,-0.005,0.0031));
#3850=CARTESIAN_POINT('',(0.0248,0.0225,0.0031));
#3851=CARTESIAN_POINT('',(0.,2.57175827820944E-19,0.0031));
#3852=CARTESIAN_POINT('',(0.0052,1.28691042108104E-34,0.0031));
#3853=CARTESIAN_POINT('',(-0.0052,5.14351655641888E-19,0.0031));
#3854=CARTESIAN_POINT('',(-0.0052,0.045,0.0031));
#3855=CARTESIAN_POINT('',(-0.0052,0.045,0.0031));
#3856=CARTESIAN_POINT('',(0.,0.045,0.0031));
#3857=CARTESIAN_POINT('',(0.0052,0.045,0.0031));
#3858=CARTESIAN_POINT('',(0.0052,0.,0.0031));
#3859=CARTESIAN_POINT('',(0.0108317482845953,0.0274817708333333,0.0031));
#3860=CARTESIAN_POINT('',(0.0112492830068175,0.0274817708333333,0.0031));
#3861=CARTESIAN_POINT('',(0.0104142135623731,0.0274817708333333,0.0031));
#3862=CARTESIAN_POINT('',(0.0104142135623731,0.0300885416666667,0.0031));
#3863=CARTESIAN_POINT('',(0.0104142135623731,0.0326953125,0.0031));
#3864=CARTESIAN_POINT('',(0.0108022343957064,0.0326953125,0.0031));
#3865=CARTESIAN_POINT('',(0.0111902552290398,0.0326953125,0.0031));
#3866=CARTESIAN_POINT('',(0.0122397343957064,0.0316510416666667,0.0031));
#3867=CARTESIAN_POINT('',(0.0132892135623731,0.0306067708333333,0.0031));
#3868=CARTESIAN_POINT('',(0.0132892135623731,0.0306067708333333,0.0031));
#3869=CARTESIAN_POINT('',(0.014256227451262,0.0296519097222222,0.0031));
#3870=CARTESIAN_POINT('',(0.0146685538401509,0.0293480902777778,0.0031));
#3871=CARTESIAN_POINT('',(0.0146685538401509,0.0293480902777778,0.0031));
#3872=CARTESIAN_POINT('',(0.0146685538401509,0.0293480902777778,0.0031));
#3873=CARTESIAN_POINT('',(0.0150808802290398,0.0290442708333334,0.0031));
#3874=CARTESIAN_POINT('',(0.0154715052290398,0.0288923611111111,0.0031));
#3875=CARTESIAN_POINT('',(0.0154715052290398,0.0288923611111111,0.0031));
#3876=CARTESIAN_POINT('',(0.016290769771203,0.0310389437609074,0.0031));
#3877=CARTESIAN_POINT('',(0.0163117830068175,0.0287404513888889,0.0031));
#3878=CARTESIAN_POINT('',(0.0163117830068175,0.0287404513888889,0.0031));
#3879=CARTESIAN_POINT('',(0.0169471996734842,0.0287404513888889,0.0031));
#3880=CARTESIAN_POINT('',(0.017318727451262,0.0291258680555555,0.0031));
#3881=CARTESIAN_POINT('',(0.017318727451262,0.0291258680555555,0.0031));
#3882=CARTESIAN_POINT('',(0.017318727451262,0.0291258680555555,0.0031));
#3883=CARTESIAN_POINT('',(0.0176902552290398,0.0295112847222222,0.0031));
#3884=CARTESIAN_POINT('',(0.0176902552290398,0.0301953125,0.0031));
#3885=CARTESIAN_POINT('',(0.0176902552290398,0.0301953125,0.0031));
#3886=CARTESIAN_POINT('',(0.0150069066931835,0.0302113121051508,0.0031));
#3887=CARTESIAN_POINT('',(0.0175270607845953,0.0311310763888889,0.0031));
#3888=CARTESIAN_POINT('',(0.0175270607845953,0.0311310763888889,0.0031));
#3889=CARTESIAN_POINT('',(0.0173638663401509,0.0315737847222223,0.0031));
#3890=CARTESIAN_POINT('',(0.0169350468957064,0.0321154513888889,0.0031));
#3891=CARTESIAN_POINT('',(0.0169350468957064,0.0321154513888889,0.0031));
#3892=CARTESIAN_POINT('',(0.0172414705068176,0.0323541666666667,0.0031));
#3893=CARTESIAN_POINT('',(0.0175478941179287,0.0325928819444445,0.0031));
#3894=CARTESIAN_POINT('',(0.0175478941179287,0.0325928819444445,0.0031));
#3895=CARTESIAN_POINT('',(0.018459352451262,0.0314973958333334,0.0031));
#3896=CARTESIAN_POINT('',(0.018459352451262,0.0302057291666667,0.0031));
#3897=CARTESIAN_POINT('',(0.018459352451262,0.0302057291666667,0.0031));
#3898=CARTESIAN_POINT('',(0.018459352451262,0.0302057291666667,0.0031));
#3899=CARTESIAN_POINT('',(0.018459352451262,0.0290876736111111,0.0031));
#3900=CARTESIAN_POINT('',(0.0178873038401509,0.028453125,0.0031));
#3901=CARTESIAN_POINT('',(0.0178873038401509,0.028453125,0.0031));
#3902=CARTESIAN_POINT('',(0.0178873038401509,0.028453125,0.0031));
#3903=CARTESIAN_POINT('',(0.0173152552290398,0.0278185763888889,0.0031));
#3904=CARTESIAN_POINT('',(0.016349977451262,0.0278185763888889,0.0031));
#3905=CARTESIAN_POINT('',(0.016349977451262,0.0278185763888889,0.0031));
#3906=CARTESIAN_POINT('',(0.016349977451262,0.0278185763888889,0.0031));
#3907=CARTESIAN_POINT('',(0.0155947691179287,0.0278185763888889,0.0031));
#3908=CARTESIAN_POINT('',(0.0148569218957064,0.0282421875,0.0031));
#3909=CARTESIAN_POINT('',(0.0148569218957064,0.0282421875,0.0031));
#3910=CARTESIAN_POINT('',(0.0148569218957064,0.0282421875,0.0031));
#3911=CARTESIAN_POINT('',(0.0141190746734842,0.0286657986111112,0.0031));
#3912=CARTESIAN_POINT('',(0.012990602451262,0.0298255208333334,0.0031));
#3913=CARTESIAN_POINT('',(0.012990602451262,0.0298255208333334,0.0031));
#3914=CARTESIAN_POINT('',(0.0121416441179286,0.0306935763888889,0.0031));
#3915=CARTESIAN_POINT('',(0.0112926857845953,0.0315616319444444,0.0031));
#3916=CARTESIAN_POINT('',(0.0112709843957064,0.0315616319444444,0.0031));
#3917=CARTESIAN_POINT('',(0.0112492830068175,0.0315616319444444,0.0031));
#3918=CARTESIAN_POINT('',(0.0112492830068175,0.0295217013888889,0.0031));
#3919=CARTESIAN_POINT('',(0.0179307066179287,0.0133932291666667,0.0031));
#3920=CARTESIAN_POINT('',(0.0174020607845953,0.0127526041666667,0.0031));
#3921=CARTESIAN_POINT('',(0.0164801857845953,0.0127526041666667,0.0031));
#3922=CARTESIAN_POINT('',(0.0179307066179287,0.0133932291666667,0.0031));
#3923=CARTESIAN_POINT('',(0.0164801857845953,0.0127526041666667,0.0031));
#3924=CARTESIAN_POINT('',(0.0164801857845953,0.0127526041666667,0.0031));
#3925=CARTESIAN_POINT('',(0.0157197691179287,0.0127526041666667,0.0031));
#3926=CARTESIAN_POINT('',(0.0152371302290398,0.0131788194444445,0.0031));
#3927=CARTESIAN_POINT('',(0.0152371302290398,0.0131788194444445,0.0031));
#3928=CARTESIAN_POINT('',(0.0152371302290398,0.0131788194444445,0.0031));
#3929=CARTESIAN_POINT('',(0.0147544913401509,0.0136050347222222,0.0031));
#3930=CARTESIAN_POINT('',(0.0145912968957064,0.0143862847222222,0.0031));
#3931=CARTESIAN_POINT('',(0.0145912968957064,0.0143862847222222,0.0031));
#3932=CARTESIAN_POINT('',(0.0145695955068175,0.0143862847222222,0.0031));
#3933=CARTESIAN_POINT('',(0.0145478941179286,0.0143862847222222,0.0031));
#3934=CARTESIAN_POINT('',(0.0145478941179286,0.0143862847222222,0.0031));
#3935=CARTESIAN_POINT('',(0.0144298385623731,0.0134314236111111,0.0031));
#3936=CARTESIAN_POINT('',(0.0139411232845953,0.0129704861111111,0.0031));
#3937=CARTESIAN_POINT('',(0.0139411232845953,0.0129704861111111,0.0031));
#3938=CARTESIAN_POINT('',(0.0139411232845953,0.0129704861111111,0.0031));
#3939=CARTESIAN_POINT('',(0.0134524080068175,0.0125095486111111,0.0031));
#3940=CARTESIAN_POINT('',(0.0126607413401509,0.0125095486111111,0.0031));
#3941=CARTESIAN_POINT('',(0.0126607413401509,0.0125095486111111,0.0031));
#3942=CARTESIAN_POINT('',(0.0126607413401509,0.0125095486111111,0.0031));
#3943=CARTESIAN_POINT('',(0.0115270607845953,0.0125095486111111,0.0031));
#3944=CARTESIAN_POINT('',(0.0109159496734842,0.0132960069444445,0.0031));
#3945=CARTESIAN_POINT('',(0.0109159496734842,0.0132960069444445,0.0031));
#3946=CARTESIAN_POINT('',(0.0109159496734842,0.0132960069444445,0.0031));
#3947=CARTESIAN_POINT('',(0.0103048385623731,0.0140824652777778,0.0031));
#3948=CARTESIAN_POINT('',(0.0103048385623731,0.0155303819444445,0.0031));
#3949=CARTESIAN_POINT('',(0.0103048385623731,0.0155303819444445,0.0031));
#3950=CARTESIAN_POINT('',(0.016770424111034,0.0155843941694027,0.0031));
#3951=CARTESIAN_POINT('',(0.0103999478287163,0.0166840936836655,0.00309999975));
#3952=CARTESIAN_POINT('',(0.0143048602661328,0.0159651523356745,0.0031));
#3953=CARTESIAN_POINT('',(0.0107338834286588,0.0177005208333334,0.0031));
#3954=CARTESIAN_POINT('',(0.011162477451262,0.0177005208333334,0.0031));
#3955=CARTESIAN_POINT('',(0.0115910593375126,0.0177005208333334,0.0031));
#3956=CARTESIAN_POINT('',(0.0160230228995781,0.0155198602437489,0.0031));
#3957=CARTESIAN_POINT('',(0.0112036320613621,0.0166014781360861,0.0031));
#3958=CARTESIAN_POINT('',(0.0160597563552615,0.0154506837115106,0.0031));
#3959=CARTESIAN_POINT('',(0.0110704635623731,0.0154973958333333,0.0031));
#3960=CARTESIAN_POINT('',(0.0110704635623731,0.0154973958333333,0.0031));
#3961=CARTESIAN_POINT('',(0.0110704635623731,0.0134418402777778,0.0031));
#3962=CARTESIAN_POINT('',(0.0126815746734842,0.0134418402777778,0.0031));
#3963=CARTESIAN_POINT('',(0.0126815746734842,0.0134418402777778,0.0031));
#3964=CARTESIAN_POINT('',(0.0126815746734842,0.0134418402777778,0.0031));
#3965=CARTESIAN_POINT('',(0.0141260191179286,0.0134418402777778,0.0031));
#3966=CARTESIAN_POINT('',(0.0141260191179286,0.0157092013888889,0.0031));
#3967=CARTESIAN_POINT('',(0.0141260191179286,0.0157092013888889,0.0031));
#3968=CARTESIAN_POINT('',(0.0141260191179286,0.0160998263888889,0.0031));
#3969=CARTESIAN_POINT('',(0.0141260191179286,0.0164904513888889,0.0031));
#3970=CARTESIAN_POINT('',(0.0145131718957064,0.0164904513888889,0.0031));
#3971=CARTESIAN_POINT('',(0.0149003246734842,0.0164904513888889,0.0031));
#3972=CARTESIAN_POINT('',(0.0149003246734842,0.0160946180555555,0.0031));
#3973=CARTESIAN_POINT('',(0.0149003246734842,0.0156987847222223,0.0031));
#3974=CARTESIAN_POINT('',(0.0149003246734842,0.0156987847222223,0.0031));
#3975=CARTESIAN_POINT('',(0.0149003246734842,0.0147717013888889,0.0031));
#3976=CARTESIAN_POINT('',(0.0153100468957064,0.0142291666666667,0.0031));
#3977=CARTESIAN_POINT('',(0.0153100468957064,0.0142291666666667,0.0031));
#3978=CARTESIAN_POINT('',(0.0153100468957064,0.0142291666666667,0.0031));
#3979=CARTESIAN_POINT('',(0.0157197691179287,0.0136866319444445,0.0031));
#3980=CARTESIAN_POINT('',(0.0164471996734842,0.0136866319444445,0.0031));
#3981=CARTESIAN_POINT('',(0.0164471996734842,0.0136866319444445,0.0031));
#3982=CARTESIAN_POINT('',(0.0164471996734842,0.0136866319444445,0.0031));
#3983=CARTESIAN_POINT('',(0.0170270607845953,0.0136866319444445,0.0031));
#3984=CARTESIAN_POINT('',(0.0173586580068175,0.0140850694444445,0.0031));
#3985=CARTESIAN_POINT('',(0.0173586580068175,0.0140850694444445,0.0031));
#3986=CARTESIAN_POINT('',(0.0173586580068175,0.0140850694444445,0.0031));
#3987=CARTESIAN_POINT('',(0.0176902552290398,0.0144835069444445,0.0031));
#3988=CARTESIAN_POINT('',(0.0176902552290398,0.0151675347222223,0.0031));
#3989=CARTESIAN_POINT('',(0.0176902552290398,0.0151675347222223,0.0031));
#3990=CARTESIAN_POINT('',(0.0143606986288264,0.0151921088006829,0.0031));
#3991=CARTESIAN_POINT('',(0.0175487621734842,0.0161493055555555,0.0031));
#3992=CARTESIAN_POINT('',(0.0175487621734842,0.0161493055555555,0.0031));
#3993=CARTESIAN_POINT('',(0.0174072691179287,0.0166102430555555,0.0031));
#3994=CARTESIAN_POINT('',(0.0170270607845953,0.0172022569444444,0.0031));
#3995=CARTESIAN_POINT('',(0.0170270607845953,0.0172022569444444,0.0031));
#3996=CARTESIAN_POINT('',(0.0173308802290398,0.0174296875,0.0031));
#3997=CARTESIAN_POINT('',(0.0176346996734842,0.0176571180555555,0.0031));
#3998=CARTESIAN_POINT('',(0.0176346996734842,0.0176571180555555,0.0031));
#3999=CARTESIAN_POINT('',(0.0180201163401509,0.0171692708333334,0.0031));
#4000=CARTESIAN_POINT('',(0.0182397343957064,0.0165321180555555,0.0031));
#4001=CARTESIAN_POINT('',(0.0182397343957064,0.0165321180555555,0.0031));
#4002=CARTESIAN_POINT('',(0.0143651525987603,0.0152118915690048,0.0031));
#4003=CARTESIAN_POINT('',(0.018459352451262,0.0151883680555556,0.0031));
#4004=CARTESIAN_POINT('',(0.018459352451262,0.0151883680555556,0.0031));
#4005=CARTESIAN_POINT('',(0.018459352451262,0.0140338541666667,0.0031));
#4006=CARTESIAN_POINT('',(0.0179307066179287,0.0133932291666667,0.0031));
#4007=CARTESIAN_POINT('',(0.0411661458333334,0.0209579861111111,0.0031));
#4008=CARTESIAN_POINT('',(0.0451322916666667,0.0223954861111111,0.0031));
#4009=CARTESIAN_POINT('',(0.0372,0.0195204861111111,0.0031));
#4010=CARTESIAN_POINT('',(0.0372,0.0200135416666667,0.0031));
#4011=CARTESIAN_POINT('',(0.0372,0.0205065972222222,0.0031));
#4012=CARTESIAN_POINT('',(0.0397173611111111,0.0214024305555556,0.0031));
#4013=CARTESIAN_POINT('',(0.0422347222222223,0.0222982638888889,0.0031));
#4014=CARTESIAN_POINT('',(0.0422347222222223,0.0222982638888889,0.0031));
#4015=CARTESIAN_POINT('',(0.0436027777777778,0.02276875,0.0031));
#4016=CARTESIAN_POINT('',(0.044090625,0.0228885416666667,0.0031));
#4017=CARTESIAN_POINT('',(0.044090625,0.0228885416666667,0.0031));
#4018=CARTESIAN_POINT('',(0.044090625,0.0228885416666667,0.0031));
#4019=CARTESIAN_POINT('',(0.0433354166666668,0.0230673611111111,0.0031));
#4020=CARTESIAN_POINT('',(0.042245138888889,0.0234527777777778,0.0031));
#4021=CARTESIAN_POINT('',(0.042245138888889,0.0234527777777778,0.0031));
#4022=CARTESIAN_POINT('',(0.0397225694444445,0.0243425347222222,0.0031));
#4023=CARTESIAN_POINT('',(0.0372,0.0252322916666667,0.0031));
#4024=CARTESIAN_POINT('',(0.0372,0.0257262152777778,0.0031));
#4025=CARTESIAN_POINT('',(0.0372,0.0262201388888889,0.0031));
#4026=CARTESIAN_POINT('',(0.0411661458333334,0.0247878472222222,0.0031));
#4027=CARTESIAN_POINT('',(0.0451322916666667,0.0233555555555555,0.0031));
#4028=CARTESIAN_POINT('',(0.0451322916666667,0.0228755208333334,0.0031));
#4029=CARTESIAN_POINT('',(0.012646852451262,-0.00270486111111109,0.0031));
#4030=CARTESIAN_POINT('',(0.0130565746734842,-0.00270486111111109,0.0031));
#4031=CARTESIAN_POINT('',(0.0122371302290398,-0.00270486111111109,0.0031));
#4032=CARTESIAN_POINT('',(0.0122371302290398,-0.00211631944444443,0.0031));
#4033=CARTESIAN_POINT('',(0.0122371302290398,-0.00152777777777776,0.0031));
#4034=CARTESIAN_POINT('',(0.0113256718957064,-0.00152777777777776,0.0031));
#4035=CARTESIAN_POINT('',(0.0104142135623731,-0.00152777777777776,0.0031));
#4036=CARTESIAN_POINT('',(0.0104142135623731,-0.00109635416666665,0.0031));
#4037=CARTESIAN_POINT('',(0.0104142135623731,-0.000664930555555538,0.0031));
#4038=CARTESIAN_POINT('',(0.0113256718957064,-0.000664930555555538,0.0031));
#4039=CARTESIAN_POINT('',(0.0122371302290398,-0.000664930555555538,0.0031));
#4040=CARTESIAN_POINT('',(0.0122371302290398,0.00126388888888891,0.0031));
#4041=CARTESIAN_POINT('',(0.0122371302290398,0.00319270833333335,0.0031));
#4042=CARTESIAN_POINT('',(0.0126303593957064,0.00319270833333335,0.0031));
#4043=CARTESIAN_POINT('',(0.0130235885623731,0.00319270833333335,0.0031));
#4044=CARTESIAN_POINT('',(0.0157067482845953,0.00130989583333335,0.0031));
#4045=CARTESIAN_POINT('',(0.0183899080068175,-0.000572916666666649,0.0031));
#4046=CARTESIAN_POINT('',(0.0183899080068175,-0.0010503472222222,0.0031));
#4047=CARTESIAN_POINT('',(0.0183899080068175,-0.00152777777777776,0.0031));
#4048=CARTESIAN_POINT('',(0.0157232413401509,-0.00152777777777776,0.0031));
#4049=CARTESIAN_POINT('',(0.0130565746734842,-0.00152777777777776,0.0031));
#4050=CARTESIAN_POINT('',(0.0130565746734842,-0.00211631944444443,0.0031));
#4051=CARTESIAN_POINT('',(0.0143803593957064,0.0444210069444444,0.0031));
#4052=CARTESIAN_POINT('',(0.0183465052290398,0.0444210069444444,0.0031));
#4053=CARTESIAN_POINT('',(0.0104142135623731,0.0444210069444444,0.0031));
#4054=CARTESIAN_POINT('',(0.0104142135623731,0.0448602430555556,0.0031));
#4055=CARTESIAN_POINT('',(0.0104142135623731,0.0452994791666667,0.0031));
#4056=CARTESIAN_POINT('',(0.0132406024512619,0.0452994791666667,0.0031));
#4057=CARTESIAN_POINT('',(0.016066991579489,0.0452993697896665,0.0031));
#4058=CARTESIAN_POINT('',(0.0161095435434978,0.0258532156173397,0.0031));
#4059=CARTESIAN_POINT('',(0.0174016821416175,0.0452563299722586,0.0031));
#4060=CARTESIAN_POINT('',(0.0207960428500468,0.0486775594867719,0.0031));
#4061=CARTESIAN_POINT('',(0.0171633455068175,0.0455104166666667,0.0031));
#4062=CARTESIAN_POINT('',(0.0171633455068175,0.0455104166666667,0.0031));
#4063=CARTESIAN_POINT('',(0.017039213562373,0.0456519097222222,0.0031));
#4064=CARTESIAN_POINT('',(0.0161051857845953,0.0468012152777778,0.0031));
#4065=CARTESIAN_POINT('',(0.0161051857845953,0.0468012152777778,0.0031));
#4066=CARTESIAN_POINT('',(0.0164142135623731,0.0470399305555556,0.0031));
#4067=CARTESIAN_POINT('',(0.0167232413401509,0.0472786458333333,0.0031));
#4068=CARTESIAN_POINT('',(0.0175348732845953,0.0462291666666667,0.0031));
#4069=CARTESIAN_POINT('',(0.0183465052290398,0.0451796875,0.0031));
#4070=CARTESIAN_POINT('',(0.0183465052290398,0.0448003472222223,0.0031));
#4071=CARTESIAN_POINT('',(0.045,0.0225,0.));
#4072=CARTESIAN_POINT('',(0.04500015130209,0.0223475928207327,2.88701585960431E-6));
#4073=CARTESIAN_POINT('',(0.0448179441781311,0.0222815532065335,-0.00347383202187853));
#4074=CARTESIAN_POINT('',(0.0448179441781311,0.0225,-0.00347383202187853));
#4075=CARTESIAN_POINT('',(0.0448179441781311,-0.009,-0.00347383202187853));
#4076=CARTESIAN_POINT('',(0.045,-0.009,0.));
#4077=CARTESIAN_POINT('',(0.045,0.0225,0.));
#4078=CARTESIAN_POINT('',(0.0450008932117346,0.0234030073941719,1.70434951994955E-5));
#4079=CARTESIAN_POINT('',(0.0448179441781311,0.0234690756597543,-0.00347383202187853));
#4080=CARTESIAN_POINT('',(0.045,0.054,1.81327979138178E-19));
#4081=CARTESIAN_POINT('',(0.0448179441781311,0.054,-0.00347383202187853));
#4082=CARTESIAN_POINT('',(0.0448179441781311,0.0225,-0.00347383202187853));
#4083=CARTESIAN_POINT('',(0.0453172589455083,0.0225,-0.0035));
#4084=CARTESIAN_POINT('',(0.0453172589455083,0.0224625261228777,-0.0035));
#4085=CARTESIAN_POINT('',(0.0451322916666667,0.0223954861111111,-0.0039645289073437));
#4086=CARTESIAN_POINT('',(0.0451322916666667,0.0225,-0.0039645289073437));
#4087=CARTESIAN_POINT('',(0.0451322916666667,0.0233555555555555,-0.0039645289073437));
#4088=CARTESIAN_POINT('',(0.0453172589455083,0.0232887584423823,-0.0035));
#4089=CARTESIAN_POINT('',(0.0453172589455083,0.054,-0.0035));
#4090=CARTESIAN_POINT('',(0.0453172589455083,0.054,-0.004));
#4091=CARTESIAN_POINT('',(0.0453172589455083,0.0225,-0.004));
#4092=CARTESIAN_POINT('',(0.0453172589455083,-0.009,-0.004));
#4093=CARTESIAN_POINT('',(0.0453172589455083,-0.009,-0.0035));
#4094=CARTESIAN_POINT('',(0.015,-0.017,0.0031));
#4095=CARTESIAN_POINT('',(-0.009,-0.017,0.0031));
#4096=CARTESIAN_POINT('',(-0.009,-0.017,0.0021));
#4097=CARTESIAN_POINT('',(-0.009,-0.017,-0.0035));
#4098=CARTESIAN_POINT('',(0.015,-0.017,-0.0035));
#4099=CARTESIAN_POINT('',(0.039,-0.017,-0.0035));
#4100=CARTESIAN_POINT('',(0.039,-0.017,0.0031));
#4101=CARTESIAN_POINT('',(0.039,-0.017,0.0021));
#4102=CARTESIAN_POINT('',(-0.009,-0.017,0.0021));
#4103=CARTESIAN_POINT('',(0.04,-0.01,0.0031));
#4104=CARTESIAN_POINT('',(0.04,-0.01,-0.0035));
#4105=CARTESIAN_POINT('',(0.047,-0.009,-0.0035));
#4106=CARTESIAN_POINT('',(0.047,-0.009,0.0031));
#4107=CARTESIAN_POINT('',(0.047,-0.009,0.0021));
#4108=CARTESIAN_POINT('',(0.04,-0.01,0.0021));
#4109=CARTESIAN_POINT('',(0.047,0.0225,0.0031));
#4110=CARTESIAN_POINT('',(0.047,0.0225,-0.0035));
#4111=CARTESIAN_POINT('',(0.047,0.054,-0.0035));
#4112=CARTESIAN_POINT('',(0.047,0.054,0.0031));
#4113=CARTESIAN_POINT('',(0.047,0.054,0.0021));
#4114=CARTESIAN_POINT('',(0.047,-0.009,0.0021));
#4115=CARTESIAN_POINT('',(0.04,0.055,0.0031));
#4116=CARTESIAN_POINT('',(0.04,0.055,-0.0035));
#4117=CARTESIAN_POINT('',(0.039,0.062,-0.0035));
#4118=CARTESIAN_POINT('',(0.039,0.062,0.0031));
#4119=CARTESIAN_POINT('',(0.039,0.062,0.0021));
#4120=CARTESIAN_POINT('',(0.04,0.055,0.0021));
#4121=CARTESIAN_POINT('',(0.0145,0.062,0.0031));
#4122=CARTESIAN_POINT('',(-0.01,0.062,-0.0035));
#4123=CARTESIAN_POINT('',(-0.01,0.062,-0.0035));
#4124=CARTESIAN_POINT('',(-0.01,0.062,0.0031));
#4125=CARTESIAN_POINT('',(-0.01,0.062,0.0021));
#4126=CARTESIAN_POINT('',(0.0145,0.062,0.0021));
#4127=CARTESIAN_POINT('',(-0.016,0.056,0.0031));
#4128=CARTESIAN_POINT('',(-0.016,0.056,-0.0035));
#4129=CARTESIAN_POINT('',(-0.017,0.055,-0.0035));
#4130=CARTESIAN_POINT('',(-0.017,0.055,0.0031));
#4131=CARTESIAN_POINT('',(-0.017,0.055,0.0021));
#4132=CARTESIAN_POINT('',(-0.01,0.062,0.0021));
#4133=CARTESIAN_POINT('',(-0.017,0.023,0.0031));
#4134=CARTESIAN_POINT('',(-0.017,0.023,-0.0035));
#4135=CARTESIAN_POINT('',(-0.017,-0.009,-0.0035));
#4136=CARTESIAN_POINT('',(-0.017,-0.009,0.0031));
#4137=CARTESIAN_POINT('',(-0.017,-0.009,0.0021));
#4138=CARTESIAN_POINT('',(-0.017,0.055,0.0021));
#4139=CARTESIAN_POINT('',(0.0258,0.0475195766490375,0.0031));
#4140=CARTESIAN_POINT('',(0.0258,0.05,0.0031));
#4141=CARTESIAN_POINT('',(0.0258,0.05,0.0021));
#4142=CARTESIAN_POINT('',(0.0258,0.05,0.0014));
#4143=CARTESIAN_POINT('',(0.0258,0.0475195766490375,0.0021));
#4144=CARTESIAN_POINT('',(0.0258,-0.005,0.0021));
#4145=CARTESIAN_POINT('',(0.0258,-0.005,0.0031));
#4146=CARTESIAN_POINT('',(0.0258,-0.005,0.0014));
#4147=CARTESIAN_POINT('',(0.0258,0.0475195766490375,0.0014));
#4148=CARTESIAN_POINT('',(0.03,0.05,0.0031));
#4149=CARTESIAN_POINT('',(0.0342,0.05,0.0031));
#4150=CARTESIAN_POINT('',(0.0342,0.05,0.0021));
#4151=CARTESIAN_POINT('',(0.0342,0.05,0.0014));
#4152=CARTESIAN_POINT('',(0.03,0.05,0.0021));
#4153=CARTESIAN_POINT('',(0.03,0.05,0.0014));
#4154=CARTESIAN_POINT('',(0.0342,0.0475195766490375,0.0031));
#4155=CARTESIAN_POINT('',(0.0342,-0.005,0.0031));
#4156=CARTESIAN_POINT('',(0.0342,-0.005,0.0021));
#4157=CARTESIAN_POINT('',(0.0342,-0.005,0.0014));
#4158=CARTESIAN_POINT('',(0.0342,0.0475195766490375,0.0021));
#4159=CARTESIAN_POINT('',(0.0342,0.0475195766490375,0.0014));
#4160=CARTESIAN_POINT('',(0.,2.57175827820944E-19,0.0031));
#4161=CARTESIAN_POINT('',(-0.0042,5.14351655641888E-19,0.0031));
#4162=CARTESIAN_POINT('',(-0.0042,5.14351655641888E-19,0.0021));
#4163=CARTESIAN_POINT('',(-0.0042,5.14351655641888E-19,0.0014));
#4164=CARTESIAN_POINT('',(0.,2.57175827820944E-19,0.0021));
#4165=CARTESIAN_POINT('',(0.0042,0.,0.0021));
#4166=CARTESIAN_POINT('',(0.0042,0.,0.0031));
#4167=CARTESIAN_POINT('',(0.0042,0.,0.0014));
#4168=CARTESIAN_POINT('',(0.,2.57175827820944E-19,0.0014));
#4169=CARTESIAN_POINT('',(-0.0042,0.0425195766490375,0.0031));
#4170=CARTESIAN_POINT('',(-0.0042,0.045,0.0031));
#4171=CARTESIAN_POINT('',(-0.0042,0.045,0.0021));
#4172=CARTESIAN_POINT('',(-0.0042,0.045,0.0014));
#4173=CARTESIAN_POINT('',(-0.0042,5.14351655641888E-19,0.0021));
#4174=CARTESIAN_POINT('',(-0.0042,0.0425195766490375,0.0014));
#4175=CARTESIAN_POINT('',(0.,0.045,0.0031));
#4176=CARTESIAN_POINT('',(0.0042,0.045,0.0031));
#4177=CARTESIAN_POINT('',(0.0042,0.045,0.0021));
#4178=CARTESIAN_POINT('',(0.0042,0.045,0.0014));
#4179=CARTESIAN_POINT('',(0.,0.045,0.0021));
#4180=CARTESIAN_POINT('',(0.,0.045,0.0014));
#4181=CARTESIAN_POINT('',(0.03,-0.005,0.0031));
#4182=CARTESIAN_POINT('',(0.03,-0.005,0.0021));
#4183=CARTESIAN_POINT('',(0.03,-0.005,0.0014));
#4184=CARTESIAN_POINT('',(0.0042,0.0425195766490375,0.0031));
#4185=CARTESIAN_POINT('',(0.0042,0.045,0.0021));
#4186=CARTESIAN_POINT('',(0.0042,0.0425195766490375,0.0014));
#4187=CARTESIAN_POINT('',(-0.009,-0.009,0.0031));
#4188=CARTESIAN_POINT('',(-0.009,-0.009,-0.0035));
#4189=CARTESIAN_POINT('',(-0.009,-0.009,0.0021));
#4190=CARTESIAN_POINT('',(0.0364996055580861,0.0224494135851921,0.0014));
#4191=CARTESIAN_POINT('',(0.0364999999988978,-0.00499990774958866,0.0014));
#4192=CARTESIAN_POINT('',(0.0364999999988978,-0.00499990774958866,0.0014));
#4193=CARTESIAN_POINT('',(0.0364996055580861,0.0224494135851921,0.0014));
#4194=CARTESIAN_POINT('',(0.0364992111175143,0.0498987337668428,0.0014));
#4195=CARTESIAN_POINT('',(0.0364992111175143,0.0498987337668428,0.0014));
#4196=CARTESIAN_POINT('',(0.03,0.05,0.0014));
#4197=CARTESIAN_POINT('',(0.03,0.05,0.0014));
#4198=CARTESIAN_POINT('',(0.0235,0.05,0.0014));
#4199=CARTESIAN_POINT('',(0.0235,0.05,0.0014));
#4200=CARTESIAN_POINT('',(0.0235,0.0225,0.0014));
#4201=CARTESIAN_POINT('',(0.0235,0.0225,0.0014));
#4202=CARTESIAN_POINT('',(0.0235,-0.005,0.0014));
#4203=CARTESIAN_POINT('',(0.0235,-0.005,0.0014));
#4204=CARTESIAN_POINT('',(0.03,-0.005,0.0014));
#4205=CARTESIAN_POINT('',(0.03,-0.005,0.0014));
#4206=CARTESIAN_POINT('',(0.0150355339059328,0.0225,0.0014));
#4207=CARTESIAN_POINT('',(-0.0065,0.0225,0.0014));
#4208=CARTESIAN_POINT('',(-0.0065,0.045,0.0014));
#4209=CARTESIAN_POINT('',(-0.0065,0.045,0.0014));
#4210=CARTESIAN_POINT('',(-0.0065,0.0225,0.0014));
#4211=CARTESIAN_POINT('',(-0.0065,7.9602041944578E-19,0.0014));
#4212=CARTESIAN_POINT('',(-0.0065,7.9602041944578E-19,0.0014));
#4213=CARTESIAN_POINT('',(0.,3.9801020972289E-19,0.0014));
#4214=CARTESIAN_POINT('',(0.,3.9801020972289E-19,0.0014));
#4215=CARTESIAN_POINT('',(0.0065,0.,0.0014));
#4216=CARTESIAN_POINT('',(0.0065,0.,0.0014));
#4217=CARTESIAN_POINT('',(0.0065,0.0225,0.0014));
#4218=CARTESIAN_POINT('',(0.0065,0.0225,0.0014));
#4219=CARTESIAN_POINT('',(0.0065,0.045,0.0014));
#4220=CARTESIAN_POINT('',(0.0065,0.045,0.0014));
#4221=CARTESIAN_POINT('',(0.,0.045,0.0014));
#4222=CARTESIAN_POINT('',(0.,0.045,0.0014));
#4223=CARTESIAN_POINT('',(0.0150355339059328,0.0225,0.0014));
#4224=CARTESIAN_POINT('',(-0.009,-0.009,0.));
#4225=CARTESIAN_POINT('',(-0.009,-0.015,1.80831312316989E-19));
#4226=CARTESIAN_POINT('',(-0.009,-0.014817944178131,-0.00347383202187853));
#4227=CARTESIAN_POINT('',(-0.009,-0.009,-0.00347383202187853));
#4228=CARTESIAN_POINT('',(-0.014817944178131,-0.009,-0.00347383202187853));
#4229=CARTESIAN_POINT('',(-0.015,-0.009,-1.81327979138178E-19));
#4230=CARTESIAN_POINT('',(-0.015,0.0225,0.));
#4231=CARTESIAN_POINT('',(-0.014817944178131,0.0549131679481884,-0.00347383202187853));
#4232=CARTESIAN_POINT('',(-0.014817944178131,0.0549245900094729,-0.00347383202187853));
#4233=CARTESIAN_POINT('',(-0.0150019761888484,0.0550008185642228,3.77079295364817E-5));
#4234=CARTESIAN_POINT('',(-0.0162322330470336,0.0537677669529664,0.));
#4235=CARTESIAN_POINT('',(-0.00993266662646227,0.0598098675611417,-0.00347383202187853));
#4236=CARTESIAN_POINT('',(-0.00992459000947289,0.059817944178131,-0.00347383202187853));
#4237=CARTESIAN_POINT('',(-0.00998824015041902,0.0599716092116501,-0.000541728513176));
#4238=CARTESIAN_POINT('',(0.0150355339059328,0.06,0.));
#4239=CARTESIAN_POINT('',(0.039,0.059817944178131,-0.00347383202187853));
#4240=CARTESIAN_POINT('',(0.039,0.059817944178131,-0.00347383202187853));
#4241=CARTESIAN_POINT('',(0.039,0.06,0.));
#4242=CARTESIAN_POINT('',(0.039,0.054,0.));
#4243=CARTESIAN_POINT('',(0.039,0.054,-0.00347383202187853));
#4244=CARTESIAN_POINT('',(0.039,-0.009,0.));
#4245=CARTESIAN_POINT('',(0.039,-0.009,-0.00347383202187853));
#4246=CARTESIAN_POINT('',(0.039,-0.014817944178131,-0.00347383202187853));
#4247=CARTESIAN_POINT('',(0.039,-0.015,-1.81327979138178E-19));
#4248=CARTESIAN_POINT('',(0.0150355339059328,-0.015,0.));
#4249=CARTESIAN_POINT('',(0.0150355339059328,-0.014817944178131,-0.00347383202187853));
#4250=CARTESIAN_POINT('',(0.0150355339059328,0.0225,-0.004));
#4251=CARTESIAN_POINT('',(0.039,0.0615,-0.004));
#4252=CARTESIAN_POINT('',(-0.00979289321881347,0.0615,-0.004));
#4253=CARTESIAN_POINT('',(0.0390361887175725,0.0615,-0.004));
#4254=CARTESIAN_POINT('',(0.04,0.055,-0.004));
#4255=CARTESIAN_POINT('',(0.0465,0.0540361887175725,-0.004));
#4256=CARTESIAN_POINT('',(0.0465,0.0225,-0.004));
#4257=CARTESIAN_POINT('',(0.0465,-0.00903618871757245,-0.004));
#4258=CARTESIAN_POINT('',(0.04,-0.01,-0.004));
#4259=CARTESIAN_POINT('',(0.0390361887175725,-0.0165,-0.004));
#4260=CARTESIAN_POINT('',(0.0150355339059328,-0.0165,-0.004));
#4261=CARTESIAN_POINT('',(-0.009,-0.0165,-0.004));
#4262=CARTESIAN_POINT('',(-0.009,-0.009,-0.004));
#4263=CARTESIAN_POINT('',(-0.0165,-0.009,-0.004));
#4264=CARTESIAN_POINT('',(-0.0165,0.0225,-0.004));
#4265=CARTESIAN_POINT('',(-0.0165,0.0547928932188135,-0.004));
#4266=CARTESIAN_POINT('',(-0.0168786796564404,0.0544142135623731,-0.004));
#4267=CARTESIAN_POINT('',(-0.00991316794818843,0.0603172589455083,-0.004));
#4268=CARTESIAN_POINT('',(0.039,0.0603172589455083,-0.004));
#4269=CARTESIAN_POINT('',(-0.0101314129580137,0.0603172589455083,-0.004));
#4270=CARTESIAN_POINT('',(-0.0151629364191007,0.0552857354844213,-0.004));
#4271=CARTESIAN_POINT('',(-0.0153172589455084,0.0551314129580137,-0.004));
#4272=CARTESIAN_POINT('',(-0.0153172589455083,-0.009,-0.004));
#4273=CARTESIAN_POINT('',(-0.0153172589455083,-0.009,-0.004));
#4274=CARTESIAN_POINT('',(-0.009,-0.009,-0.004));
#4275=CARTESIAN_POINT('',(-0.009,-0.0153172589455083,-0.004));
#4276=CARTESIAN_POINT('',(0.0150355339059328,-0.0153172589455083,-0.004));
#4277=CARTESIAN_POINT('',(0.039,-0.0153172589455083,-0.004));
#4278=CARTESIAN_POINT('',(0.039,-0.009,-0.004));
#4279=CARTESIAN_POINT('',(0.039,0.054,-0.004));
#4280=CARTESIAN_POINT('',(-0.0165251262658471,0.0540606601717798,0.0031));
#4281=CARTESIAN_POINT('',(-0.00806428994779788,0.0573267825391516,0.00677321746084833));
#4282=CARTESIAN_POINT('',(-0.0161416539357625,0.0546444614189833,0.00295834606423746));
#4283=CARTESIAN_POINT('',(-0.016,0.0225,0.0031));
#4284=CARTESIAN_POINT('',(-0.016,-0.009,0.0031));
#4285=CARTESIAN_POINT('',(0.0145,0.062,0.0021));
#4286=CARTESIAN_POINT('',(0.039,0.062,0.0021));
#4287=CARTESIAN_POINT('',(0.0390236916439215,0.0616666332718061,0.00243336672819388));
#4288=CARTESIAN_POINT('',(0.0390482165091234,0.0613332972854442,0.0027667027145558));
#4289=CARTESIAN_POINT('',(0.0390737903173232,0.061,0.0031));
#4290=CARTESIAN_POINT('',(-0.009,-0.009,0.0031));
#4291=CARTESIAN_POINT('',(-0.009,-0.016,0.0031));
#4292=CARTESIAN_POINT('',(0.04,0.055,0.0031));
#4293=CARTESIAN_POINT('',(0.047,0.054,0.0021));
#4294=CARTESIAN_POINT('',(0.0466666332718063,0.0540236916439215,0.00243336672819368));
#4295=CARTESIAN_POINT('',(0.0463332972854434,0.0540482165091235,0.00276670271455662));
#4296=CARTESIAN_POINT('',(0.0459999999999994,0.0540737903173233,0.00310000000000062));
#4297=CARTESIAN_POINT('',(0.0150355339059328,-0.016,0.0031));
#4298=CARTESIAN_POINT('',(0.039,-0.017,0.0021));
#4299=CARTESIAN_POINT('',(0.0390236916439215,-0.0166666332718063,0.00243336672819368));
#4300=CARTESIAN_POINT('',(0.0390482165091236,-0.0163332972854434,0.00276670271455661));
#4301=CARTESIAN_POINT('',(0.0390737903173234,-0.0159999999999994,0.00310000000000062));
#4302=CARTESIAN_POINT('',(0.046,0.0225,0.0031));
#4303=CARTESIAN_POINT('',(0.0459999999999988,-0.00907379031732358,0.0031));
#4304=CARTESIAN_POINT('',(0.0463332972854428,-0.00904821650912373,0.002766702714556));
#4305=CARTESIAN_POINT('',(0.0466666332718063,-0.0090236916439128,0.00243336672819401));
#4306=CARTESIAN_POINT('',(0.047,-0.00899999999999112,0.00210000000000034));
#4307=CARTESIAN_POINT('',(0.04,-0.01,0.0031));
#4308=CARTESIAN_POINT('',(0.0258,0.0475195766490375,0.0021));
#4309=CARTESIAN_POINT('',(0.0248,0.05,0.0031));
#4310=CARTESIAN_POINT('',(0.0258,-0.005,0.0021));
#4311=CARTESIAN_POINT('',(0.03,-0.005,0.0021));
#4312=CARTESIAN_POINT('',(0.0342,-0.005,0.0021));
#4313=CARTESIAN_POINT('',(0.03,0.05,0.0021));
#4314=CARTESIAN_POINT('',(0.0352,0.05,0.0031));
#4315=CARTESIAN_POINT('',(0.0342,0.0475195766490375,0.0021));
#4316=CARTESIAN_POINT('',(0.0052,0.0225,0.0031));
#4317=CARTESIAN_POINT('',(0.0042,0.045,0.0021));
#4318=CARTESIAN_POINT('',(0.0052,0.,0.0031));
#4319=CARTESIAN_POINT('',(0.,2.57175827820944E-19,0.0021));
#4320=CARTESIAN_POINT('',(-0.0052,5.14351655641888E-19,0.0031));
#4321=CARTESIAN_POINT('',(0.,0.045,0.0021));
#4322=CARTESIAN_POINT('',(-0.0042,0.045,0.0021));
#4323=CARTESIAN_POINT('',(-0.0052,0.0225,0.0031));
#4324=CARTESIAN_POINT('',(-0.0156464466094067,0.0556464466094067,-0.0035));
#4325=CARTESIAN_POINT('',(-0.00979289321881348,0.0615,-0.0035));
#4326=CARTESIAN_POINT('',(-0.0165,0.0547928932188135,-0.0035));
#4327=CARTESIAN_POINT('',(-0.0165,0.023,-0.0035));
#4328=CARTESIAN_POINT('',(-0.0165,-0.009,-0.0035));
#4329=CARTESIAN_POINT('',(0.0150355339059328,0.0615,-0.0035));
#4330=CARTESIAN_POINT('',(0.039,0.062,-0.0035));
#4331=CARTESIAN_POINT('',(0.039,0.062,-0.00376447135596178));
#4332=CARTESIAN_POINT('',(0.0390170239023965,0.0617600261547709,-0.004));
#4333=CARTESIAN_POINT('',(0.0390361887175725,0.0615,-0.004));
#4334=CARTESIAN_POINT('',(-0.009,-0.009,-0.0035));
#4335=CARTESIAN_POINT('',(-0.009,-0.0165,-0.0035));
#4336=CARTESIAN_POINT('',(0.04,0.055,-0.0035));
#4337=CARTESIAN_POINT('',(0.047,0.054,-0.0035));
#4338=CARTESIAN_POINT('',(0.047,0.054,-0.00376447135596178));
#4339=CARTESIAN_POINT('',(0.0467600261547707,0.0540170239023941,-0.004));
#4340=CARTESIAN_POINT('',(0.0465,0.0540361887175725,-0.004));
#4341=CARTESIAN_POINT('',(0.015,-0.0165,-0.0035));
#4342=CARTESIAN_POINT('',(0.039,-0.017,-0.0035));
#4343=CARTESIAN_POINT('',(0.039,-0.017,-0.00376447135596178));
#4344=CARTESIAN_POINT('',(0.0390170239023942,-0.0167600261547707,-0.004));
#4345=CARTESIAN_POINT('',(0.0390361887175725,-0.0165,-0.004));
#4346=CARTESIAN_POINT('',(0.0465,0.0225,-0.0035));
#4347=CARTESIAN_POINT('',(0.047,-0.009,-0.0035));
#4348=CARTESIAN_POINT('',(0.047,-0.009,-0.00376447135596178));
#4349=CARTESIAN_POINT('',(0.0467600261547706,-0.00901702390239358,-0.00399999999999999));
#4350=CARTESIAN_POINT('',(0.0465,-0.00903618871757247,-0.004));
#4351=CARTESIAN_POINT('',(0.04,-0.01,-0.0035));
#4352=CARTESIAN_POINT('',(0.039,-0.009,-0.0035));
#4353=CARTESIAN_POINT('',(0.039,-0.0153172589455083,-0.0035));
#4354=CARTESIAN_POINT('',(0.0150355339059328,-0.0153172589455083,-0.0035));
#4355=CARTESIAN_POINT('',(-0.009,-0.0153172589455083,-0.0035));
#4356=CARTESIAN_POINT('',(-0.009,-0.009,-0.0035));
#4357=CARTESIAN_POINT('',(-0.0153172589455083,-0.009,-0.0035));
#4358=CARTESIAN_POINT('',(0.039,0.054,-0.0035));
#4359=CARTESIAN_POINT('',(0.039,0.0603172589455083,-0.0035));
#4360=CARTESIAN_POINT('',(-0.0153172589455083,0.0225,-0.0035));
#4361=CARTESIAN_POINT('',(-0.0153172589455084,0.0551314129580137,-0.0035));
#4362=CARTESIAN_POINT('',(0.0150355339059328,0.0603172589455083,-0.0035));
#4363=CARTESIAN_POINT('',(-0.0101314129580137,0.0603172589455083,-0.0035));
#4364=CARTESIAN_POINT('',(-0.0164565689987946,0.0539921029047274,-0.0035));
#4365=CARTESIAN_POINT('',(0.0372,0.0200135416666667,-0.0219));
#4366=CARTESIAN_POINT('',(0.0372,0.0205065972222222,-0.0219));
#4367=CARTESIAN_POINT('',(0.0372,0.0195204861111111,-0.0219));
#4368=CARTESIAN_POINT('',(0.0372,0.0257262152777778,-0.0219));
#4369=CARTESIAN_POINT('',(0.0372,0.0262201388888889,-0.0219));
#4370=CARTESIAN_POINT('',(0.0372,0.0252322916666667,-0.0219));
#4371=CARTESIAN_POINT('',(0.0397225694444445,0.0243425347222222,-0.0219));
#4372=CARTESIAN_POINT('',(0.042245138888889,0.0234527777777778,-0.0219));
#4373=CARTESIAN_POINT('',(0.044090625,0.0228885416666667,0.));
#4374=CARTESIAN_POINT('',(0.044090625,0.0228885416666667,0.0031));
#4375=CARTESIAN_POINT('',(0.0435871527777779,0.0230077546296296,0.));
#4376=CARTESIAN_POINT('',(0.0435871527777779,0.0230077546296296,0.0031));
#4377=CARTESIAN_POINT('',(0.0429719907407408,0.0231958333333333,0.));
#4378=CARTESIAN_POINT('',(0.0429719907407408,0.0231958333333333,0.0031));
#4379=CARTESIAN_POINT('',(0.042245138888889,0.0234527777777778,0.));
#4380=CARTESIAN_POINT('',(0.042245138888889,0.0234527777777778,0.0031));
#4381=CARTESIAN_POINT('',(0.044090625,0.0228885416666667,-0.0219));
#4382=CARTESIAN_POINT('',(0.0422347222222223,0.0222982638888889,0.));
#4383=CARTESIAN_POINT('',(0.0422347222222223,0.0222982638888889,0.0031));
#4384=CARTESIAN_POINT('',(0.0431467592592593,0.0226119212962963,0.));
#4385=CARTESIAN_POINT('',(0.0431467592592593,0.0226119212962963,0.0031));
#4386=CARTESIAN_POINT('',(0.0437653935185186,0.0228086805555556,0.));
#4387=CARTESIAN_POINT('',(0.0437653935185186,0.0228086805555556,0.0031));
#4388=CARTESIAN_POINT('',(0.044090625,0.0228885416666667,0.));
#4389=CARTESIAN_POINT('',(0.044090625,0.0228885416666667,0.0031));
#4390=CARTESIAN_POINT('',(0.0422347222222223,0.0222982638888889,-0.0219));
#4391=CARTESIAN_POINT('',(0.0397173611111111,0.0214024305555556,-0.0219));
#4392=CARTESIAN_POINT('',(0.0411661458333334,0.0209579861111111,-0.0219));
#4393=CARTESIAN_POINT('',(0.0451322916666667,0.0223954861111111,-0.0219));
#4394=CARTESIAN_POINT('',(0.0411661458333334,0.0247878472222222,-0.0219));
#4395=CARTESIAN_POINT('',(0.0451322916666667,0.0233555555555555,-0.0219));
#4396=CARTESIAN_POINT('',(0.0451322916666667,0.0228755208333334,-0.0219));
#4397=CARTESIAN_POINT('',(0.0104142135623731,0.0300885416666667,-0.0219));
#4398=CARTESIAN_POINT('',(0.0104142135623731,0.0326953125,-0.0219));
#4399=CARTESIAN_POINT('',(0.0104142135623731,0.0274817708333333,-0.0219));
#4400=CARTESIAN_POINT('',(0.0108317482845953,0.0274817708333333,-0.0219));
#4401=CARTESIAN_POINT('',(0.0112492830068175,0.0274817708333333,-0.0219));
#4402=CARTESIAN_POINT('',(0.0112492830068175,0.0295217013888889,-0.0219));
#4403=CARTESIAN_POINT('',(0.0112492830068175,0.0315616319444444,-0.0219));
#4404=CARTESIAN_POINT('',(0.0112709843957064,0.0315616319444444,-0.0219));
#4405=CARTESIAN_POINT('',(0.0112926857845953,0.0315616319444444,-0.0219));
#4406=CARTESIAN_POINT('',(0.0121416441179286,0.0306935763888889,-0.0219));
#4407=CARTESIAN_POINT('',(0.012990602451262,0.0298255208333334,-0.0219));
#4408=CARTESIAN_POINT('',(0.0148569218957064,0.0282421875,0.));
#4409=CARTESIAN_POINT('',(0.0148569218957064,0.0282421875,0.0031));
#4410=CARTESIAN_POINT('',(0.0143650237475583,0.0285245949074074,0.));
#4411=CARTESIAN_POINT('',(0.0143650237475583,0.0285245949074074,0.0031));
#4412=CARTESIAN_POINT('',(0.0137429172660768,0.0290523726851852,0.));
#4413=CARTESIAN_POINT('',(0.0137429172660768,0.0290523726851852,0.0031));
#4414=CARTESIAN_POINT('',(0.012990602451262,0.0298255208333334,0.));
#4415=CARTESIAN_POINT('',(0.012990602451262,0.0298255208333334,0.0031));
#4416=CARTESIAN_POINT('',(0.0148569218957064,0.0282421875,-0.0219));
#4417=CARTESIAN_POINT('',(0.016349977451262,0.0278185763888889,0.));
#4418=CARTESIAN_POINT('',(0.016349977451262,0.0278185763888889,0.0031));
#4419=CARTESIAN_POINT('',(0.0158465052290398,0.0278185763888889,0.));
#4420=CARTESIAN_POINT('',(0.0158465052290398,0.0278185763888889,0.0031));
#4421=CARTESIAN_POINT('',(0.0153488200438546,0.0279597800925926,0.));
#4422=CARTESIAN_POINT('',(0.0153488200438546,0.0279597800925926,0.0031));
#4423=CARTESIAN_POINT('',(0.0148569218957064,0.0282421875,0.));
#4424=CARTESIAN_POINT('',(0.0148569218957064,0.0282421875,0.0031));
#4425=CARTESIAN_POINT('',(0.016349977451262,0.0278185763888889,-0.0219));
#4426=CARTESIAN_POINT('',(0.0178873038401509,0.028453125,0.));
#4427=CARTESIAN_POINT('',(0.0178873038401509,0.028453125,0.0031));
#4428=CARTESIAN_POINT('',(0.0175059380994101,0.0280300925925926,0.));
#4429=CARTESIAN_POINT('',(0.0175059380994101,0.0280300925925926,0.0031));
#4430=CARTESIAN_POINT('',(0.0169934959697805,0.0278185763888889,0.));
#4431=CARTESIAN_POINT('',(0.0169934959697805,0.0278185763888889,0.0031));
#4432=CARTESIAN_POINT('',(0.016349977451262,0.0278185763888889,0.));
#4433=CARTESIAN_POINT('',(0.016349977451262,0.0278185763888889,0.0031));
#4434=CARTESIAN_POINT('',(0.0178873038401509,0.028453125,-0.0219));
#4435=CARTESIAN_POINT('',(0.018459352451262,0.0302057291666667,0.));
#4436=CARTESIAN_POINT('',(0.018459352451262,0.0302057291666667,0.0031));
#4437=CARTESIAN_POINT('',(0.018459352451262,0.0294603587962963,0.));
#4438=CARTESIAN_POINT('',(0.018459352451262,0.0294603587962963,0.0031));
#4439=CARTESIAN_POINT('',(0.0182686695808916,0.0288761574074074,0.));
#4440=CARTESIAN_POINT('',(0.0182686695808916,0.0288761574074074,0.0031));
#4441=CARTESIAN_POINT('',(0.0178873038401509,0.028453125,0.));
#4442=CARTESIAN_POINT('',(0.0178873038401509,0.028453125,0.0031));
#4443=CARTESIAN_POINT('',(0.018459352451262,0.0302057291666667,-0.0219));
#4444=CARTESIAN_POINT('',(0.0175478941179287,0.0325928819444445,0.));
#4445=CARTESIAN_POINT('',(0.0175478941179287,0.0325928819444445,0.0031));
#4446=CARTESIAN_POINT('',(0.0181555330068176,0.0318625578703704,0.));
#4447=CARTESIAN_POINT('',(0.0181555330068176,0.0318625578703704,0.0031));
#4448=CARTESIAN_POINT('',(0.018459352451262,0.0310668402777778,0.));
#4449=CARTESIAN_POINT('',(0.018459352451262,0.0310668402777778,0.0031));
#4450=CARTESIAN_POINT('',(0.018459352451262,0.0302057291666667,0.));
#4451=CARTESIAN_POINT('',(0.018459352451262,0.0302057291666667,0.0031));
#4452=CARTESIAN_POINT('',(0.0175478941179287,0.0325928819444445,-0.0219));
#4453=CARTESIAN_POINT('',(0.0172414705068176,0.0323541666666667,-0.0219));
#4454=CARTESIAN_POINT('',(0.0169350468957064,0.0321154513888889,-0.0219));
#4455=CARTESIAN_POINT('',(0.0175270607845953,0.0311310763888889,0.));
#4456=CARTESIAN_POINT('',(0.0175270607845953,0.0311310763888889,0.0031));
#4457=CARTESIAN_POINT('',(0.017418264488299,0.0314262152777778,0.));
#4458=CARTESIAN_POINT('',(0.017418264488299,0.0314262152777778,0.0031));
#4459=CARTESIAN_POINT('',(0.017220926525336,0.0317543402777778,0.));
#4460=CARTESIAN_POINT('',(0.017220926525336,0.0317543402777778,0.0031));
#4461=CARTESIAN_POINT('',(0.0169350468957064,0.0321154513888889,0.));
#4462=CARTESIAN_POINT('',(0.0169350468957064,0.0321154513888889,0.0031));
#4463=CARTESIAN_POINT('',(0.0175270607845953,0.0311310763888889,-0.0219));
#4464=CARTESIAN_POINT('',(0.0150069066931835,0.0302113121051508,-0.0218999999999999));
#4465=CARTESIAN_POINT('',(0.0176902552290398,0.0301953125,-0.0219));
#4466=CARTESIAN_POINT('',(0.017318727451262,0.0291258680555555,0.));
#4467=CARTESIAN_POINT('',(0.017318727451262,0.0291258680555555,0.0031));
#4468=CARTESIAN_POINT('',(0.0175664126364472,0.0293828125,0.));
#4469=CARTESIAN_POINT('',(0.0175664126364472,0.0293828125,0.0031));
#4470=CARTESIAN_POINT('',(0.0176902552290398,0.0297392939814815,0.));
#4471=CARTESIAN_POINT('',(0.0176902552290398,0.0297392939814815,0.0031));
#4472=CARTESIAN_POINT('',(0.0176902552290398,0.0301953125,0.));
#4473=CARTESIAN_POINT('',(0.0176902552290398,0.0301953125,0.0031));
#4474=CARTESIAN_POINT('',(0.017318727451262,0.0291258680555555,-0.0219));
#4475=CARTESIAN_POINT('',(0.0163117830068175,0.0287404513888889,0.));
#4476=CARTESIAN_POINT('',(0.0163117830068175,0.0287404513888889,0.0031));
#4477=CARTESIAN_POINT('',(0.0167353941179287,0.0287404513888889,0.));
#4478=CARTESIAN_POINT('',(0.0167353941179287,0.0287404513888889,0.0031));
#4479=CARTESIAN_POINT('',(0.0170710422660768,0.0288689236111111,0.));
#4480=CARTESIAN_POINT('',(0.0170710422660768,0.0288689236111111,0.0031));
#4481=CARTESIAN_POINT('',(0.017318727451262,0.0291258680555555,0.));
#4482=CARTESIAN_POINT('',(0.017318727451262,0.0291258680555555,0.0031));
#4483=CARTESIAN_POINT('',(0.0163117830068175,0.0287404513888889,-0.0219));
#4484=CARTESIAN_POINT('',(0.016290769771203,0.0310389437609074,-0.0218999999999999));
#4485=CARTESIAN_POINT('',(0.0154715052290398,0.0288923611111111,-0.0219));
#4486=CARTESIAN_POINT('',(0.0146685538401509,0.0293480902777778,0.));
#4487=CARTESIAN_POINT('',(0.0146685538401509,0.0293480902777778,0.0031));
#4488=CARTESIAN_POINT('',(0.0149434380994101,0.0291455439814815,0.));
#4489=CARTESIAN_POINT('',(0.0149434380994101,0.0291455439814815,0.0031));
#4490=CARTESIAN_POINT('',(0.0152110885623731,0.0289936342592593,0.));
#4491=CARTESIAN_POINT('',(0.0152110885623731,0.0289936342592593,0.0031));
#4492=CARTESIAN_POINT('',(0.0154715052290398,0.0288923611111111,0.));
#4493=CARTESIAN_POINT('',(0.0154715052290398,0.0288923611111111,0.0031));
#4494=CARTESIAN_POINT('',(0.0146685538401509,0.0293480902777778,-0.0219));
#4495=CARTESIAN_POINT('',(0.0132892135623731,0.0306067708333333,0.));
#4496=CARTESIAN_POINT('',(0.0132892135623731,0.0306067708333333,0.0031));
#4497=CARTESIAN_POINT('',(0.013933889488299,0.0299701967592593,0.));
#4498=CARTESIAN_POINT('',(0.013933889488299,0.0299701967592593,0.0031));
#4499=CARTESIAN_POINT('',(0.0143936695808916,0.0295506365740741,0.));
#4500=CARTESIAN_POINT('',(0.0143936695808916,0.0295506365740741,0.0031));
#4501=CARTESIAN_POINT('',(0.0146685538401509,0.0293480902777778,0.));
#4502=CARTESIAN_POINT('',(0.0146685538401509,0.0293480902777778,0.0031));
#4503=CARTESIAN_POINT('',(0.0132892135623731,0.0306067708333333,-0.0219));
#4504=CARTESIAN_POINT('',(0.0122397343957064,0.0316510416666667,-0.0219));
#4505=CARTESIAN_POINT('',(0.0111902552290398,0.0326953125,-0.0219));
#4506=CARTESIAN_POINT('',(0.0108022343957064,0.0326953125,-0.0219));
#4507=CARTESIAN_POINT('',(0.0164801857845953,0.0127526041666667,0.));
#4508=CARTESIAN_POINT('',(0.0164801857845953,0.0127526041666667,0.0031));
#4509=CARTESIAN_POINT('',(0.0159732413401509,0.0127526041666667,0.));
#4510=CARTESIAN_POINT('',(0.0159732413401509,0.0127526041666667,0.0031));
#4511=CARTESIAN_POINT('',(0.015558889488299,0.0128946759259259,0.));
#4512=CARTESIAN_POINT('',(0.015558889488299,0.0128946759259259,0.0031));
#4513=CARTESIAN_POINT('',(0.0152371302290398,0.0131788194444445,0.));
#4514=CARTESIAN_POINT('',(0.0152371302290398,0.0131788194444445,0.0031));
#4515=CARTESIAN_POINT('',(0.0152371302290398,0.0131788194444445,-0.0219));
#4516=CARTESIAN_POINT('',(0.0164801857845953,0.0127526041666667,-0.0219));
#4517=CARTESIAN_POINT('',(0.0179307066179287,0.0133932291666667,0.));
#4518=CARTESIAN_POINT('',(0.0179307066179287,0.0133932291666667,0.0031));
#4519=CARTESIAN_POINT('',(0.0175782760623731,0.0129661458333333,0.));
#4520=CARTESIAN_POINT('',(0.0175782760623731,0.0129661458333333,0.0031));
#4521=CARTESIAN_POINT('',(0.0170947691179286,0.0127526041666667,0.));
#4522=CARTESIAN_POINT('',(0.0170947691179286,0.0127526041666667,0.0031));
#4523=CARTESIAN_POINT('',(0.0164801857845953,0.0127526041666667,0.));
#4524=CARTESIAN_POINT('',(0.0164801857845953,0.0127526041666667,0.0031));
#4525=CARTESIAN_POINT('',(0.0179307066179287,0.0133932291666667,-0.0219));
#4526=CARTESIAN_POINT('',(0.018459352451262,0.0151883680555556,0.));
#4527=CARTESIAN_POINT('',(0.018459352451262,0.0151883680555556,0.0031));
#4528=CARTESIAN_POINT('',(0.018459352451262,0.0144186921296296,0.));
#4529=CARTESIAN_POINT('',(0.018459352451262,0.0144186921296296,0.0031));
#4530=CARTESIAN_POINT('',(0.0182831371734842,0.0138203125,0.));
#4531=CARTESIAN_POINT('',(0.0182831371734842,0.0138203125,0.0031));
#4532=CARTESIAN_POINT('',(0.0179307066179287,0.0133932291666667,0.));
#4533=CARTESIAN_POINT('',(0.0179307066179287,0.0133932291666667,0.0031));
#4534=CARTESIAN_POINT('',(0.018459352451262,0.0151883680555556,-0.0219));
#4535=CARTESIAN_POINT('',(0.0143651525987603,0.0152118915690048,-0.0218999999999999));
#4536=CARTESIAN_POINT('',(0.0182397343957064,0.0165321180555555,-0.0219));
#4537=CARTESIAN_POINT('',(0.0176346996734842,0.0176571180555555,0.));
#4538=CARTESIAN_POINT('',(0.0176346996734842,0.0176571180555555,0.0031));
#4539=CARTESIAN_POINT('',(0.0178916441179286,0.0173318865740741,0.));
#4540=CARTESIAN_POINT('',(0.0178916441179286,0.0173318865740741,0.0031));
#4541=CARTESIAN_POINT('',(0.0180933223586694,0.0169568865740741,0.));
#4542=CARTESIAN_POINT('',(0.0180933223586694,0.0169568865740741,0.0031));
#4543=CARTESIAN_POINT('',(0.0182397343957064,0.0165321180555555,0.));
#4544=CARTESIAN_POINT('',(0.0182397343957064,0.0165321180555555,0.0031));
#4545=CARTESIAN_POINT('',(0.0176346996734842,0.0176571180555555,-0.0219));
#4546=CARTESIAN_POINT('',(0.0173308802290398,0.0174296875,-0.0219));
#4547=CARTESIAN_POINT('',(0.0170270607845953,0.0172022569444444,-0.0219));
#4548=CARTESIAN_POINT('',(0.0175487621734842,0.0161493055555555,0.));
#4549=CARTESIAN_POINT('',(0.0175487621734842,0.0161493055555555,0.0031));
#4550=CARTESIAN_POINT('',(0.0174544334697805,0.0164565972222222,0.));
#4551=CARTESIAN_POINT('',(0.0174544334697805,0.0164565972222222,0.0031));
#4552=CARTESIAN_POINT('',(0.0172805330068175,0.0168075810185185,0.));
#4553=CARTESIAN_POINT('',(0.0172805330068175,0.0168075810185185,0.0031));
#4554=CARTESIAN_POINT('',(0.0170270607845953,0.0172022569444444,0.));
#4555=CARTESIAN_POINT('',(0.0170270607845953,0.0172022569444444,0.0031));
#4556=CARTESIAN_POINT('',(0.0175487621734842,0.0161493055555555,-0.0219));
#4557=CARTESIAN_POINT('',(0.0143606986288264,0.0151921088006829,-0.0218999999999998));
#4558=CARTESIAN_POINT('',(0.0176902552290398,0.0151675347222223,-0.0219));
#4559=CARTESIAN_POINT('',(0.0173586580068175,0.0140850694444445,0.));
#4560=CARTESIAN_POINT('',(0.0173586580068175,0.0140850694444445,0.0031));
#4561=CARTESIAN_POINT('',(0.0175797228216324,0.0143506944444445,0.));
#4562=CARTESIAN_POINT('',(0.0175797228216324,0.0143506944444445,0.0031));
#4563=CARTESIAN_POINT('',(0.0176902552290398,0.0147115162037037,0.));
#4564=CARTESIAN_POINT('',(0.0176902552290398,0.0147115162037037,0.0031));
#4565=CARTESIAN_POINT('',(0.0176902552290398,0.0151675347222223,0.));
#4566=CARTESIAN_POINT('',(0.0176902552290398,0.0151675347222223,0.0031));
#4567=CARTESIAN_POINT('',(0.0173586580068175,0.0140850694444445,-0.0219));
#4568=CARTESIAN_POINT('',(0.0164471996734842,0.0136866319444445,0.));
#4569=CARTESIAN_POINT('',(0.0164471996734842,0.0136866319444445,0.0031));
#4570=CARTESIAN_POINT('',(0.0168337737475583,0.0136866319444445,0.));
#4571=CARTESIAN_POINT('',(0.0168337737475583,0.0136866319444445,0.0031));
#4572=CARTESIAN_POINT('',(0.0171375931920027,0.0138194444444445,0.));
#4573=CARTESIAN_POINT('',(0.0171375931920027,0.0138194444444445,0.0031));
#4574=CARTESIAN_POINT('',(0.0173586580068175,0.0140850694444445,0.));
#4575=CARTESIAN_POINT('',(0.0173586580068175,0.0140850694444445,0.0031));
#4576=CARTESIAN_POINT('',(0.0164471996734842,0.0136866319444445,-0.0219));
#4577=CARTESIAN_POINT('',(0.0153100468957064,0.0142291666666667,0.));
#4578=CARTESIAN_POINT('',(0.0153100468957064,0.0142291666666667,0.0031));
#4579=CARTESIAN_POINT('',(0.0155831950438546,0.0138674768518519,0.));
#4580=CARTESIAN_POINT('',(0.0155831950438546,0.0138674768518519,0.0031));
#4581=CARTESIAN_POINT('',(0.0159622459697805,0.0136866319444445,0.));
#4582=CARTESIAN_POINT('',(0.0159622459697805,0.0136866319444445,0.0031));
#4583=CARTESIAN_POINT('',(0.0164471996734842,0.0136866319444445,0.));
#4584=CARTESIAN_POINT('',(0.0164471996734842,0.0136866319444445,0.0031));
#4585=CARTESIAN_POINT('',(0.0153100468957064,0.0142291666666667,-0.0219));
#4586=CARTESIAN_POINT('',(0.0149003246734842,0.0156987847222223,0.));
#4587=CARTESIAN_POINT('',(0.0149003246734842,0.0156987847222223,0.0031));
#4588=CARTESIAN_POINT('',(0.0149003246734842,0.0150807291666667,0.));
#4589=CARTESIAN_POINT('',(0.0149003246734842,0.0150807291666667,0.0031));
#4590=CARTESIAN_POINT('',(0.0150368987475583,0.0145908564814815,0.));
#4591=CARTESIAN_POINT('',(0.0150368987475583,0.0145908564814815,0.0031));
#4592=CARTESIAN_POINT('',(0.0153100468957064,0.0142291666666667,0.));
#4593=CARTESIAN_POINT('',(0.0153100468957064,0.0142291666666667,0.0031));
#4594=CARTESIAN_POINT('',(0.0149003246734842,0.0156987847222223,-0.0219));
#4595=CARTESIAN_POINT('',(0.0149003246734842,0.0160946180555555,-0.0219));
#4596=CARTESIAN_POINT('',(0.0149003246734842,0.0164904513888889,-0.0219));
#4597=CARTESIAN_POINT('',(0.0145131718957064,0.0164904513888889,-0.0219));
#4598=CARTESIAN_POINT('',(0.0141260191179286,0.0164904513888889,-0.0219));
#4599=CARTESIAN_POINT('',(0.0141260191179286,0.0160998263888889,-0.0219));
#4600=CARTESIAN_POINT('',(0.0141260191179286,0.0157092013888889,-0.0219));
#4601=CARTESIAN_POINT('',(0.0126815746734842,0.0134418402777778,0.));
#4602=CARTESIAN_POINT('',(0.0126815746734842,0.0134418402777778,0.0031));
#4603=CARTESIAN_POINT('',(0.0136445376364472,0.0134418402777778,0.));
#4604=CARTESIAN_POINT('',(0.0136445376364472,0.0134418402777778,0.0031));
#4605=CARTESIAN_POINT('',(0.0141260191179286,0.0141976273148148,0.));
#4606=CARTESIAN_POINT('',(0.0141260191179286,0.0141976273148148,0.0031));
#4607=CARTESIAN_POINT('',(0.0141260191179286,0.0157092013888889,0.));
#4608=CARTESIAN_POINT('',(0.0141260191179286,0.0157092013888889,0.0031));
#4609=CARTESIAN_POINT('',(0.0126815746734842,0.0134418402777778,-0.0219));
#4610=CARTESIAN_POINT('',(0.0110704635623731,0.0154973958333333,0.));
#4611=CARTESIAN_POINT('',(0.0110704635623731,0.0154973958333333,0.0031));
#4612=CARTESIAN_POINT('',(0.0110704635623731,0.014127025462963,0.));
#4613=CARTESIAN_POINT('',(0.0110704635623731,0.014127025462963,0.0031));
#4614=CARTESIAN_POINT('',(0.0116075005994101,0.0134418402777778,0.));
#4615=CARTESIAN_POINT('',(0.0116075005994101,0.0134418402777778,0.0031));
#4616=CARTESIAN_POINT('',(0.0126815746734842,0.0134418402777778,0.));
#4617=CARTESIAN_POINT('',(0.0126815746734842,0.0134418402777778,0.0031));
#4618=CARTESIAN_POINT('',(0.0110704635623731,0.0154973958333333,-0.0219));
#4619=CARTESIAN_POINT('',(0.0160597563552615,0.0154506837115106,-0.0218999999999997));
#4620=CARTESIAN_POINT('',(0.0112032760623731,0.0166015625,-0.0219));
#4621=CARTESIAN_POINT('',(0.0160230228995781,0.0155198602437489,-0.0218999999999997));
#4622=CARTESIAN_POINT('',(0.0115910593375126,0.0177005208333334,0.));
#4623=CARTESIAN_POINT('',(0.011162477451262,0.0177005208333334,-0.0219));
#4624=CARTESIAN_POINT('',(0.0107338834286588,0.0177005208333334,0.));
#4625=CARTESIAN_POINT('',(0.0143048602661328,0.0159651523356745,-0.0218999999999998));
#4626=CARTESIAN_POINT('',(0.0104003246734842,0.0166840277777778,-0.0219));
#4627=CARTESIAN_POINT('',(0.016770424111034,0.0155843941694027,-0.0218999999999996));
#4628=CARTESIAN_POINT('',(0.0103048385623731,0.0155303819444445,-0.0219));
#4629=CARTESIAN_POINT('',(0.0109159496734842,0.0132960069444445,0.));
#4630=CARTESIAN_POINT('',(0.0109159496734842,0.0132960069444445,0.0031));
#4631=CARTESIAN_POINT('',(0.0105085422660768,0.0138203125,0.));
#4632=CARTESIAN_POINT('',(0.0105085422660768,0.0138203125,0.0031));
#4633=CARTESIAN_POINT('',(0.0103048385623731,0.0145651041666667,0.));
#4634=CARTESIAN_POINT('',(0.0103048385623731,0.0145651041666667,0.0031));
#4635=CARTESIAN_POINT('',(0.0103048385623731,0.0155303819444445,0.));
#4636=CARTESIAN_POINT('',(0.0103048385623731,0.0155303819444445,0.0031));
#4637=CARTESIAN_POINT('',(0.0109159496734842,0.0132960069444445,-0.0219));
#4638=CARTESIAN_POINT('',(0.0126607413401509,0.0125095486111111,0.));
#4639=CARTESIAN_POINT('',(0.0126607413401509,0.0125095486111111,0.0031));
#4640=CARTESIAN_POINT('',(0.0119049543031138,0.0125095486111111,0.));
#4641=CARTESIAN_POINT('',(0.0119049543031138,0.0125095486111111,0.0031));
#4642=CARTESIAN_POINT('',(0.0113233570808916,0.0127717013888889,0.));
#4643=CARTESIAN_POINT('',(0.0113233570808916,0.0127717013888889,0.0031));
#4644=CARTESIAN_POINT('',(0.0109159496734842,0.0132960069444445,0.));
#4645=CARTESIAN_POINT('',(0.0109159496734842,0.0132960069444445,0.0031));
#4646=CARTESIAN_POINT('',(0.0126607413401509,0.0125095486111111,-0.0219));
#4647=CARTESIAN_POINT('',(0.0139411232845953,0.0129704861111111,0.));
#4648=CARTESIAN_POINT('',(0.0139411232845953,0.0129704861111111,0.0031));
#4649=CARTESIAN_POINT('',(0.0136153130994101,0.0126631944444445,0.));
#4650=CARTESIAN_POINT('',(0.0136153130994101,0.0126631944444445,0.0031));
#4651=CARTESIAN_POINT('',(0.0131885191179286,0.0125095486111111,0.));
#4652=CARTESIAN_POINT('',(0.0131885191179286,0.0125095486111111,0.0031));
#4653=CARTESIAN_POINT('',(0.0126607413401509,0.0125095486111111,0.));
#4654=CARTESIAN_POINT('',(0.0126607413401509,0.0125095486111111,0.0031));
#4655=CARTESIAN_POINT('',(0.0139411232845953,0.0129704861111111,-0.0219));
#4656=CARTESIAN_POINT('',(0.0145478941179286,0.0143862847222222,0.));
#4657=CARTESIAN_POINT('',(0.0145478941179286,0.0143862847222222,0.0031));
#4658=CARTESIAN_POINT('',(0.0144691904142249,0.0137497106481482,0.));
#4659=CARTESIAN_POINT('',(0.0144691904142249,0.0137497106481482,0.0031));
#4660=CARTESIAN_POINT('',(0.0142669334697805,0.0132777777777778,0.));
#4661=CARTESIAN_POINT('',(0.0142669334697805,0.0132777777777778,0.0031));
#4662=CARTESIAN_POINT('',(0.0139411232845953,0.0129704861111111,0.));
#4663=CARTESIAN_POINT('',(0.0139411232845953,0.0129704861111111,0.0031));
#4664=CARTESIAN_POINT('',(0.0145478941179286,0.0143862847222222,-0.0219));
#4665=CARTESIAN_POINT('',(0.0145695955068175,0.0143862847222222,-0.0219));
#4666=CARTESIAN_POINT('',(0.0145912968957064,0.0143862847222222,-0.0219));
#4667=CARTESIAN_POINT('',(0.0152371302290398,0.0131788194444445,0.));
#4668=CARTESIAN_POINT('',(0.0152371302290398,0.0131788194444445,0.0031));
#4669=CARTESIAN_POINT('',(0.0149153709697805,0.013462962962963,0.));
#4670=CARTESIAN_POINT('',(0.0149153709697805,0.013462962962963,0.0031));
#4671=CARTESIAN_POINT('',(0.0147000931920027,0.0138654513888889,0.));
#4672=CARTESIAN_POINT('',(0.0147000931920027,0.0138654513888889,0.0031));
#4673=CARTESIAN_POINT('',(0.0145912968957064,0.0143862847222222,0.));
#4674=CARTESIAN_POINT('',(0.0145912968957064,0.0143862847222222,0.0031));
#4675=CARTESIAN_POINT('',(0.0122371302290398,-0.00211631944444443,-0.0219));
#4676=CARTESIAN_POINT('',(0.0122371302290398,-0.00152777777777776,-0.0219));
#4677=CARTESIAN_POINT('',(0.0122371302290398,-0.00270486111111109,-0.0219));
#4678=CARTESIAN_POINT('',(0.012646852451262,-0.00270486111111109,-0.0219));
#4679=CARTESIAN_POINT('',(0.0130565746734842,-0.00270486111111109,-0.0219));
#4680=CARTESIAN_POINT('',(0.0130565746734842,-0.00211631944444443,-0.0219));
#4681=CARTESIAN_POINT('',(0.0130565746734842,-0.00152777777777776,-0.0219));
#4682=CARTESIAN_POINT('',(0.0157232413401509,-0.00152777777777776,-0.0219));
#4683=CARTESIAN_POINT('',(0.0183899080068175,-0.00152777777777776,-0.0219));
#4684=CARTESIAN_POINT('',(0.0183899080068175,-0.0010503472222222,-0.0219));
#4685=CARTESIAN_POINT('',(0.0183899080068175,-0.000572916666666649,-0.0219));
#4686=CARTESIAN_POINT('',(0.0157067482845953,0.00130989583333335,-0.0219));
#4687=CARTESIAN_POINT('',(0.0130235885623731,0.00319270833333335,-0.0219));
#4688=CARTESIAN_POINT('',(0.0126303593957064,0.00319270833333335,-0.0219));
#4689=CARTESIAN_POINT('',(0.0122371302290398,0.00319270833333335,-0.0219));
#4690=CARTESIAN_POINT('',(0.0122371302290398,0.00126388888888891,-0.0219));
#4691=CARTESIAN_POINT('',(0.0122371302290398,-0.000664930555555538,-0.0219));
#4692=CARTESIAN_POINT('',(0.0113256718957064,-0.000664930555555538,-0.0219));
#4693=CARTESIAN_POINT('',(0.0104142135623731,-0.000664930555555538,-0.0219));
#4694=CARTESIAN_POINT('',(0.0104142135623731,-0.00109635416666665,-0.0219));
#4695=CARTESIAN_POINT('',(0.0104142135623731,-0.00152777777777776,-0.0219));
#4696=CARTESIAN_POINT('',(0.0113256718957064,-0.00152777777777776,-0.0219));
#4697=CARTESIAN_POINT('',(0.0104142135623731,0.0448602430555556,-0.0219));
#4698=CARTESIAN_POINT('',(0.0104142135623731,0.0452994791666667,-0.0219));
#4699=CARTESIAN_POINT('',(0.0104142135623731,0.0444210069444444,-0.0219));
#4700=CARTESIAN_POINT('',(0.0143803593957064,0.0444210069444444,-0.0219));
#4701=CARTESIAN_POINT('',(0.0183465052290398,0.0444210069444444,-0.0219));
#4702=CARTESIAN_POINT('',(0.0183465052290398,0.0448003472222223,-0.0219));
#4703=CARTESIAN_POINT('',(0.0183465052290398,0.0451796875,-0.0219));
#4704=CARTESIAN_POINT('',(0.0175348732845953,0.0462291666666667,-0.0219));
#4705=CARTESIAN_POINT('',(0.0167232413401509,0.0472786458333333,-0.0219));
#4706=CARTESIAN_POINT('',(0.0164142135623731,0.0470399305555556,-0.0219));
#4707=CARTESIAN_POINT('',(0.0161051857845953,0.0468012152777778,-0.0219));
#4708=CARTESIAN_POINT('',(0.0171633455068175,0.0455104166666667,0.));
#4709=CARTESIAN_POINT('',(0.0171633455068175,0.0455104166666667,0.0031));
#4710=CARTESIAN_POINT('',(0.0170805908771879,0.0456047453703704,0.));
#4711=CARTESIAN_POINT('',(0.0170805908771879,0.0456047453703704,0.0031));
#4712=CARTESIAN_POINT('',(0.0167278709697805,0.0460350115740741,0.));
#4713=CARTESIAN_POINT('',(0.0167278709697805,0.0460350115740741,0.0031));
#4714=CARTESIAN_POINT('',(0.0161051857845953,0.0468012152777778,0.));
#4715=CARTESIAN_POINT('',(0.0161051857845953,0.0468012152777778,0.0031));
#4716=CARTESIAN_POINT('',(0.0171633455068175,0.0455104166666667,-0.0219));
#4717=CARTESIAN_POINT('',(0.0207960428500468,0.0486775594867719,-0.0218999999999974));
#4718=CARTESIAN_POINT('',(0.0174016821415688,0.0452563299721508,0.));
#4719=CARTESIAN_POINT('',(0.0161095435434978,0.0258532156173397,-0.0218999999999974));
#4720=CARTESIAN_POINT('',(0.0160669913401509,0.0452994791666667,-0.0219));
#4721=CARTESIAN_POINT('',(0.0132406024512619,0.0452994791666667,-0.0219));
#4722=MECHANICAL_DESIGN_GEOMETRIC_PRESENTATION_REPRESENTATION('',(#2731),
#4723);
#4723=(
GEOMETRIC_REPRESENTATION_CONTEXT(3)
GLOBAL_UNCERTAINTY_ASSIGNED_CONTEXT((#4724))
GLOBAL_UNIT_ASSIGNED_CONTEXT((#4727,#4726,#4725))
REPRESENTATION_CONTEXT('Part 1','TOP_LEVEL_ASSEMBLY_PART')
);
#4724=UNCERTAINTY_MEASURE_WITH_UNIT(LENGTH_MEASURE(2.E-5),#4727,
'DISTANCE_ACCURACY_VALUE','Maximum Tolerance applied to model');
#4725=(
NAMED_UNIT(*)
SI_UNIT($,.STERADIAN.)
SOLID_ANGLE_UNIT()
);
#4726=(
NAMED_UNIT(*)
PLANE_ANGLE_UNIT()
SI_UNIT($,.RADIAN.)
);
#4727=(
LENGTH_UNIT()
NAMED_UNIT(*)
SI_UNIT($,.METRE.)
);
#4728=PRODUCT_DEFINITION_SHAPE('','',#4729);
#4729=PRODUCT_DEFINITION('','',#4731,#4730);
#4730=PRODUCT_DEFINITION_CONTEXT('',#4737,'design');
#4731=PRODUCT_DEFINITION_FORMATION_WITH_SPECIFIED_SOURCE('','',#4733,
 .NOT_KNOWN.);
#4732=PRODUCT_RELATED_PRODUCT_CATEGORY('','',(#4733));
#4733=PRODUCT('Part 1','Part 1','Part 1',(#4735));
#4734=PRODUCT_CATEGORY('','');
#4735=PRODUCT_CONTEXT('',#4737,'mechanical');
#4736=APPLICATION_PROTOCOL_DEFINITION('international standard',
'ap242_managed_model_based_3d_engineering',2020,#4737);
#4737=APPLICATION_CONTEXT('managed model based 3d engineering');
ENDSEC;
END-ISO-10303-21;
