ISO-10303-21;
HEADER;
/* Generated by software containing ST-Developer
 * from STEP Tools, Inc. (www.steptools.com) 
 */
/* OPTION: using custom renumber hook */

FILE_DESCRIPTION(
/* description */ ('STEP AP242 Edition 2',
'CAx-IF Rec.Pracs.---Representation and Presentation of Product Manufa
cturing Information (PMI)---4.0---2014-10-13',
'CAx-IF Rec.Pracs.---3D Tessellated Geometry---0.4---2014-09-14','2;1',
'CAx-IF Rec.Pracs.---User Defined Attributes---1.5---2016-08-15'),
/* implementation_level */ '2;1');

FILE_NAME(
/* name */ 'top - Part 1',
/* time_stamp */ '2026-10-04T08:41:43Z',
/* author */ (''),
/* organization */ (''),
/* preprocessor_version */ 'ST-DEVELOPER v20',
/* originating_system */ 'ONSHAPE BY PTC INC, 1.221',
/* authorisation */ '  ');

FILE_SCHEMA (('AP242_MANAGED_MODEL_BASED_3D_ENGINEERING_MIM_LF { 1 0 10303 442 3 1 4 }'));
ENDSEC;

DATA;
#10=SHAPE_REPRESENTATION_RELATIONSHIP('','',#1623,#11);
#11=ADVANCED_BREP_SHAPE_REPRESENTATION('',(#1621),#2677);
#12=TOROIDAL_SURFACE('',#1705,0.00631725894550831,0.0005);
#13=TOROIDAL_SURFACE('',#1712,0.00631725894550831,0.0005);
#14=TOROIDAL_SURFACE('',#1714,0.00631725894550832,0.0005);
#15=TOROIDAL_SURFACE('',#1720,0.00631725894550832,0.0005);
#16=CONICAL_SURFACE('',#1689,0.006,0.0523598775598298);
#17=CONICAL_SURFACE('',#1692,0.006,0.0523598775598298);
#18=CONICAL_SURFACE('',#1695,0.006,0.0523598775598298);
#19=CONICAL_SURFACE('',#1698,0.006,0.0523598775598298);
#20=CONICAL_SURFACE('',#1722,0.0042,0.785398163397449);
#21=CONICAL_SURFACE('',#1723,0.0042,0.785398163397448);
#22=CONICAL_SURFACE('',#1726,0.0042,0.785398163397448);
#23=CONICAL_SURFACE('',#1727,0.0042,0.785398163397448);
#24=CYLINDRICAL_SURFACE('',#1654,0.0042);
#25=CYLINDRICAL_SURFACE('',#1658,0.0042);
#26=CYLINDRICAL_SURFACE('',#1662,0.0042);
#27=CYLINDRICAL_SURFACE('',#1666,0.0042);
#28=CYLINDRICAL_SURFACE('',#1680,0.0065);
#29=CYLINDRICAL_SURFACE('',#1682,0.0065);
#30=CYLINDRICAL_SURFACE('',#1684,0.0065);
#31=CYLINDRICAL_SURFACE('',#1686,0.0065);
#32=CYLINDRICAL_SURFACE('',#1708,0.0005);
#33=CYLINDRICAL_SURFACE('',#1710,0.0005);
#34=CYLINDRICAL_SURFACE('',#1716,0.0005);
#35=CYLINDRICAL_SURFACE('',#1718,0.0005);
#36=CYLINDRICAL_SURFACE('',#1730,0.00055);
#37=CYLINDRICAL_SURFACE('',#1733,0.00055);
#38=CYLINDRICAL_SURFACE('',#1737,0.00055);
#39=CYLINDRICAL_SURFACE('',#1738,0.00055);
#40=CIRCLE('',#1626,0.00055);
#41=CIRCLE('',#1627,0.00055);
#42=CIRCLE('',#1629,0.00055);
#43=CIRCLE('',#1631,0.00055);
#44=CIRCLE('',#1633,0.00055);
#45=CIRCLE('',#1634,0.00055);
#46=CIRCLE('',#1636,0.006);
#47=CIRCLE('',#1637,0.006);
#48=CIRCLE('',#1638,0.006);
#49=CIRCLE('',#1639,0.006);
#50=CIRCLE('',#1640,0.0065);
#51=CIRCLE('',#1641,0.0065);
#52=CIRCLE('',#1642,0.0065);
#53=CIRCLE('',#1643,0.0065);
#54=CIRCLE('',#1649,0.00055);
#55=CIRCLE('',#1652,0.00055);
#56=CIRCLE('',#1655,0.0042);
#57=CIRCLE('',#1656,0.0042);
#58=CIRCLE('',#1659,0.0042);
#59=CIRCLE('',#1660,0.0042);
#60=CIRCLE('',#1663,0.0042);
#61=CIRCLE('',#1664,0.0042);
#62=CIRCLE('',#1667,0.0042);
#63=CIRCLE('',#1668,0.0042);
#64=CIRCLE('',#1671,0.0052);
#65=CIRCLE('',#1672,0.0052);
#66=CIRCLE('',#1673,0.0052);
#67=CIRCLE('',#1674,0.0052);
#68=CIRCLE('',#1676,0.0065);
#69=CIRCLE('',#1677,0.0065);
#70=CIRCLE('',#1678,0.0065);
#71=CIRCLE('',#1679,0.0065);
#72=CIRCLE('',#1690,0.00581794417813103);
#73=CIRCLE('',#1693,0.00581794417813103);
#74=CIRCLE('',#1696,0.00581794417813103);
#75=CIRCLE('',#1699,0.00581794417813103);
#76=CIRCLE('',#1701,0.00631725894550832);
#77=CIRCLE('',#1702,0.00631725894550832);
#78=CIRCLE('',#1703,0.00631725894550831);
#79=CIRCLE('',#1704,0.00631725894550831);
#80=CIRCLE('',#1706,0.0005);
#81=CIRCLE('',#1707,0.0005);
#82=CIRCLE('',#1709,0.0005);
#83=CIRCLE('',#1711,0.0005);
#84=CIRCLE('',#1713,0.0005);
#85=CIRCLE('',#1715,0.0005);
#86=CIRCLE('',#1717,0.0005);
#87=CIRCLE('',#1719,0.0005);
#88=ORIENTED_EDGE('',*,*,#536,.T.);
#89=ORIENTED_EDGE('',*,*,#537,.T.);
#90=ORIENTED_EDGE('',*,*,#538,.T.);
#91=ORIENTED_EDGE('',*,*,#539,.T.);
#92=ORIENTED_EDGE('',*,*,#540,.F.);
#93=ORIENTED_EDGE('',*,*,#541,.F.);
#94=ORIENTED_EDGE('',*,*,#542,.F.);
#95=ORIENTED_EDGE('',*,*,#543,.F.);
#96=ORIENTED_EDGE('',*,*,#544,.T.);
#97=ORIENTED_EDGE('',*,*,#545,.F.);
#98=ORIENTED_EDGE('',*,*,#546,.T.);
#99=ORIENTED_EDGE('',*,*,#547,.T.);
#100=ORIENTED_EDGE('',*,*,#548,.T.);
#101=ORIENTED_EDGE('',*,*,#549,.F.);
#102=ORIENTED_EDGE('',*,*,#550,.F.);
#103=ORIENTED_EDGE('',*,*,#551,.T.);
#104=ORIENTED_EDGE('',*,*,#552,.F.);
#105=ORIENTED_EDGE('',*,*,#553,.T.);
#106=ORIENTED_EDGE('',*,*,#554,.T.);
#107=ORIENTED_EDGE('',*,*,#555,.F.);
#108=ORIENTED_EDGE('',*,*,#556,.T.);
#109=ORIENTED_EDGE('',*,*,#557,.F.);
#110=ORIENTED_EDGE('',*,*,#558,.T.);
#111=ORIENTED_EDGE('',*,*,#559,.T.);
#112=ORIENTED_EDGE('',*,*,#560,.T.);
#113=ORIENTED_EDGE('',*,*,#561,.F.);
#114=ORIENTED_EDGE('',*,*,#562,.T.);
#115=ORIENTED_EDGE('',*,*,#563,.F.);
#116=ORIENTED_EDGE('',*,*,#564,.T.);
#117=ORIENTED_EDGE('',*,*,#565,.T.);
#118=ORIENTED_EDGE('',*,*,#566,.T.);
#119=ORIENTED_EDGE('',*,*,#567,.T.);
#120=ORIENTED_EDGE('',*,*,#568,.F.);
#121=ORIENTED_EDGE('',*,*,#569,.F.);
#122=ORIENTED_EDGE('',*,*,#570,.F.);
#123=ORIENTED_EDGE('',*,*,#571,.F.);
#124=ORIENTED_EDGE('',*,*,#572,.T.);
#125=ORIENTED_EDGE('',*,*,#573,.F.);
#126=ORIENTED_EDGE('',*,*,#574,.F.);
#127=ORIENTED_EDGE('',*,*,#575,.T.);
#128=ORIENTED_EDGE('',*,*,#576,.F.);
#129=ORIENTED_EDGE('',*,*,#577,.T.);
#130=ORIENTED_EDGE('',*,*,#578,.F.);
#131=ORIENTED_EDGE('',*,*,#579,.F.);
#132=ORIENTED_EDGE('',*,*,#580,.F.);
#133=ORIENTED_EDGE('',*,*,#581,.F.);
#134=ORIENTED_EDGE('',*,*,#582,.T.);
#135=ORIENTED_EDGE('',*,*,#583,.T.);
#136=ORIENTED_EDGE('',*,*,#584,.T.);
#137=ORIENTED_EDGE('',*,*,#585,.T.);
#138=ORIENTED_EDGE('',*,*,#586,.T.);
#139=ORIENTED_EDGE('',*,*,#587,.T.);
#140=ORIENTED_EDGE('',*,*,#588,.T.);
#141=ORIENTED_EDGE('',*,*,#589,.T.);
#142=ORIENTED_EDGE('',*,*,#590,.T.);
#143=ORIENTED_EDGE('',*,*,#591,.T.);
#144=ORIENTED_EDGE('',*,*,#546,.F.);
#145=ORIENTED_EDGE('',*,*,#592,.T.);
#146=ORIENTED_EDGE('',*,*,#549,.T.);
#147=ORIENTED_EDGE('',*,*,#593,.F.);
#148=ORIENTED_EDGE('',*,*,#560,.F.);
#149=ORIENTED_EDGE('',*,*,#594,.T.);
#150=ORIENTED_EDGE('',*,*,#557,.T.);
#151=ORIENTED_EDGE('',*,*,#595,.T.);
#152=ORIENTED_EDGE('',*,*,#596,.T.);
#153=ORIENTED_EDGE('',*,*,#597,.T.);
#154=ORIENTED_EDGE('',*,*,#598,.T.);
#155=ORIENTED_EDGE('',*,*,#599,.T.);
#156=ORIENTED_EDGE('',*,*,#600,.F.);
#157=ORIENTED_EDGE('',*,*,#601,.T.);
#158=ORIENTED_EDGE('',*,*,#602,.T.);
#159=ORIENTED_EDGE('',*,*,#603,.T.);
#160=ORIENTED_EDGE('',*,*,#604,.T.);
#161=ORIENTED_EDGE('',*,*,#600,.T.);
#162=ORIENTED_EDGE('',*,*,#605,.T.);
#163=ORIENTED_EDGE('',*,*,#606,.T.);
#164=ORIENTED_EDGE('',*,*,#607,.F.);
#165=ORIENTED_EDGE('',*,*,#608,.F.);
#166=ORIENTED_EDGE('',*,*,#609,.T.);
#167=ORIENTED_EDGE('',*,*,#607,.T.);
#168=ORIENTED_EDGE('',*,*,#610,.T.);
#169=ORIENTED_EDGE('',*,*,#611,.F.);
#170=ORIENTED_EDGE('',*,*,#612,.F.);
#171=ORIENTED_EDGE('',*,*,#613,.F.);
#172=ORIENTED_EDGE('',*,*,#614,.F.);
#173=ORIENTED_EDGE('',*,*,#615,.F.);
#174=ORIENTED_EDGE('',*,*,#616,.F.);
#175=ORIENTED_EDGE('',*,*,#617,.T.);
#176=ORIENTED_EDGE('',*,*,#618,.F.);
#177=ORIENTED_EDGE('',*,*,#619,.T.);
#178=ORIENTED_EDGE('',*,*,#620,.T.);
#179=ORIENTED_EDGE('',*,*,#611,.T.);
#180=ORIENTED_EDGE('',*,*,#621,.F.);
#181=ORIENTED_EDGE('',*,*,#622,.T.);
#182=ORIENTED_EDGE('',*,*,#623,.T.);
#183=ORIENTED_EDGE('',*,*,#624,.T.);
#184=ORIENTED_EDGE('',*,*,#625,.F.);
#185=ORIENTED_EDGE('',*,*,#626,.T.);
#186=ORIENTED_EDGE('',*,*,#621,.T.);
#187=ORIENTED_EDGE('',*,*,#627,.F.);
#188=ORIENTED_EDGE('',*,*,#628,.F.);
#189=ORIENTED_EDGE('',*,*,#629,.T.);
#190=ORIENTED_EDGE('',*,*,#625,.T.);
#191=ORIENTED_EDGE('',*,*,#630,.T.);
#192=ORIENTED_EDGE('',*,*,#631,.F.);
#193=ORIENTED_EDGE('',*,*,#632,.T.);
#194=ORIENTED_EDGE('',*,*,#628,.T.);
#195=ORIENTED_EDGE('',*,*,#633,.F.);
#196=ORIENTED_EDGE('',*,*,#634,.F.);
#197=ORIENTED_EDGE('',*,*,#635,.T.);
#198=ORIENTED_EDGE('',*,*,#631,.T.);
#199=ORIENTED_EDGE('',*,*,#636,.T.);
#200=ORIENTED_EDGE('',*,*,#637,.F.);
#201=ORIENTED_EDGE('',*,*,#638,.T.);
#202=ORIENTED_EDGE('',*,*,#634,.T.);
#203=ORIENTED_EDGE('',*,*,#639,.F.);
#204=ORIENTED_EDGE('',*,*,#640,.F.);
#205=ORIENTED_EDGE('',*,*,#641,.T.);
#206=ORIENTED_EDGE('',*,*,#637,.T.);
#207=ORIENTED_EDGE('',*,*,#642,.T.);
#208=ORIENTED_EDGE('',*,*,#623,.F.);
#209=ORIENTED_EDGE('',*,*,#643,.T.);
#210=ORIENTED_EDGE('',*,*,#640,.T.);
#211=ORIENTED_EDGE('',*,*,#644,.F.);
#212=ORIENTED_EDGE('',*,*,#618,.T.);
#213=ORIENTED_EDGE('',*,*,#645,.T.);
#214=ORIENTED_EDGE('',*,*,#646,.T.);
#215=ORIENTED_EDGE('',*,*,#647,.T.);
#216=ORIENTED_EDGE('',*,*,#620,.F.);
#217=ORIENTED_EDGE('',*,*,#648,.T.);
#218=ORIENTED_EDGE('',*,*,#649,.T.);
#219=ORIENTED_EDGE('',*,*,#650,.T.);
#220=ORIENTED_EDGE('',*,*,#550,.T.);
#221=ORIENTED_EDGE('',*,*,#594,.F.);
#222=ORIENTED_EDGE('',*,*,#559,.F.);
#223=ORIENTED_EDGE('',*,*,#651,.T.);
#224=ORIENTED_EDGE('',*,*,#652,.T.);
#225=ORIENTED_EDGE('',*,*,#653,.T.);
#226=ORIENTED_EDGE('',*,*,#608,.T.);
#227=ORIENTED_EDGE('',*,*,#612,.T.);
#228=ORIENTED_EDGE('',*,*,#654,.T.);
#229=ORIENTED_EDGE('',*,*,#655,.T.);
#230=ORIENTED_EDGE('',*,*,#656,.T.);
#231=ORIENTED_EDGE('',*,*,#657,.T.);
#232=ORIENTED_EDGE('',*,*,#658,.T.);
#233=ORIENTED_EDGE('',*,*,#659,.T.);
#234=ORIENTED_EDGE('',*,*,#660,.T.);
#235=ORIENTED_EDGE('',*,*,#661,.T.);
#236=ORIENTED_EDGE('',*,*,#662,.F.);
#237=ORIENTED_EDGE('',*,*,#663,.F.);
#238=ORIENTED_EDGE('',*,*,#664,.F.);
#239=ORIENTED_EDGE('',*,*,#665,.F.);
#240=ORIENTED_EDGE('',*,*,#666,.F.);
#241=ORIENTED_EDGE('',*,*,#667,.F.);
#242=ORIENTED_EDGE('',*,*,#668,.F.);
#243=ORIENTED_EDGE('',*,*,#669,.F.);
#244=ORIENTED_EDGE('',*,*,#627,.T.);
#245=ORIENTED_EDGE('',*,*,#624,.F.);
#246=ORIENTED_EDGE('',*,*,#644,.T.);
#247=ORIENTED_EDGE('',*,*,#642,.F.);
#248=ORIENTED_EDGE('',*,*,#639,.T.);
#249=ORIENTED_EDGE('',*,*,#636,.F.);
#250=ORIENTED_EDGE('',*,*,#633,.T.);
#251=ORIENTED_EDGE('',*,*,#630,.F.);
#252=ORIENTED_EDGE('',*,*,#582,.F.);
#253=ORIENTED_EDGE('',*,*,#670,.F.);
#254=ORIENTED_EDGE('',*,*,#662,.T.);
#255=ORIENTED_EDGE('',*,*,#671,.T.);
#256=ORIENTED_EDGE('',*,*,#583,.F.);
#257=ORIENTED_EDGE('',*,*,#671,.F.);
#258=ORIENTED_EDGE('',*,*,#669,.T.);
#259=ORIENTED_EDGE('',*,*,#672,.T.);
#260=ORIENTED_EDGE('',*,*,#584,.F.);
#261=ORIENTED_EDGE('',*,*,#672,.F.);
#262=ORIENTED_EDGE('',*,*,#668,.T.);
#263=ORIENTED_EDGE('',*,*,#673,.T.);
#264=ORIENTED_EDGE('',*,*,#585,.F.);
#265=ORIENTED_EDGE('',*,*,#673,.F.);
#266=ORIENTED_EDGE('',*,*,#667,.T.);
#267=ORIENTED_EDGE('',*,*,#674,.T.);
#268=ORIENTED_EDGE('',*,*,#586,.F.);
#269=ORIENTED_EDGE('',*,*,#674,.F.);
#270=ORIENTED_EDGE('',*,*,#666,.T.);
#271=ORIENTED_EDGE('',*,*,#675,.T.);
#272=ORIENTED_EDGE('',*,*,#587,.F.);
#273=ORIENTED_EDGE('',*,*,#675,.F.);
#274=ORIENTED_EDGE('',*,*,#665,.T.);
#275=ORIENTED_EDGE('',*,*,#676,.T.);
#276=ORIENTED_EDGE('',*,*,#588,.F.);
#277=ORIENTED_EDGE('',*,*,#676,.F.);
#278=ORIENTED_EDGE('',*,*,#664,.T.);
#279=ORIENTED_EDGE('',*,*,#677,.T.);
#280=ORIENTED_EDGE('',*,*,#589,.F.);
#281=ORIENTED_EDGE('',*,*,#677,.F.);
#282=ORIENTED_EDGE('',*,*,#663,.T.);
#283=ORIENTED_EDGE('',*,*,#670,.T.);
#284=ORIENTED_EDGE('',*,*,#678,.F.);
#285=ORIENTED_EDGE('',*,*,#679,.T.);
#286=ORIENTED_EDGE('',*,*,#680,.T.);
#287=ORIENTED_EDGE('',*,*,#575,.F.);
#288=ORIENTED_EDGE('',*,*,#680,.F.);
#289=ORIENTED_EDGE('',*,*,#681,.T.);
#290=ORIENTED_EDGE('',*,*,#682,.T.);
#291=ORIENTED_EDGE('',*,*,#576,.T.);
#292=ORIENTED_EDGE('',*,*,#682,.F.);
#293=ORIENTED_EDGE('',*,*,#683,.T.);
#294=ORIENTED_EDGE('',*,*,#684,.T.);
#295=ORIENTED_EDGE('',*,*,#577,.F.);
#296=ORIENTED_EDGE('',*,*,#684,.F.);
#297=ORIENTED_EDGE('',*,*,#685,.T.);
#298=ORIENTED_EDGE('',*,*,#686,.T.);
#299=ORIENTED_EDGE('',*,*,#578,.T.);
#300=ORIENTED_EDGE('',*,*,#686,.F.);
#301=ORIENTED_EDGE('',*,*,#687,.T.);
#302=ORIENTED_EDGE('',*,*,#688,.T.);
#303=ORIENTED_EDGE('',*,*,#579,.T.);
#304=ORIENTED_EDGE('',*,*,#688,.F.);
#305=ORIENTED_EDGE('',*,*,#689,.T.);
#306=ORIENTED_EDGE('',*,*,#690,.T.);
#307=ORIENTED_EDGE('',*,*,#580,.T.);
#308=ORIENTED_EDGE('',*,*,#690,.F.);
#309=ORIENTED_EDGE('',*,*,#691,.T.);
#310=ORIENTED_EDGE('',*,*,#692,.T.);
#311=ORIENTED_EDGE('',*,*,#581,.T.);
#312=ORIENTED_EDGE('',*,*,#692,.F.);
#313=ORIENTED_EDGE('',*,*,#693,.T.);
#314=ORIENTED_EDGE('',*,*,#678,.T.);
#315=ORIENTED_EDGE('',*,*,#574,.T.);
#316=ORIENTED_EDGE('',*,*,#694,.T.);
#317=ORIENTED_EDGE('',*,*,#695,.T.);
#318=ORIENTED_EDGE('',*,*,#616,.T.);
#319=ORIENTED_EDGE('',*,*,#610,.F.);
#320=ORIENTED_EDGE('',*,*,#606,.F.);
#321=ORIENTED_EDGE('',*,*,#696,.T.);
#322=ORIENTED_EDGE('',*,*,#697,.T.);
#323=ORIENTED_EDGE('',*,*,#698,.T.);
#324=ORIENTED_EDGE('',*,*,#555,.T.);
#325=ORIENTED_EDGE('',*,*,#593,.T.);
#326=ORIENTED_EDGE('',*,*,#548,.F.);
#327=ORIENTED_EDGE('',*,*,#699,.T.);
#328=ORIENTED_EDGE('',*,*,#700,.T.);
#329=ORIENTED_EDGE('',*,*,#701,.T.);
#330=ORIENTED_EDGE('',*,*,#702,.T.);
#331=ORIENTED_EDGE('',*,*,#703,.T.);
#332=ORIENTED_EDGE('',*,*,#704,.T.);
#333=ORIENTED_EDGE('',*,*,#705,.T.);
#334=ORIENTED_EDGE('',*,*,#706,.T.);
#335=ORIENTED_EDGE('',*,*,#707,.T.);
#336=ORIENTED_EDGE('',*,*,#708,.F.);
#337=ORIENTED_EDGE('',*,*,#685,.F.);
#338=ORIENTED_EDGE('',*,*,#709,.F.);
#339=ORIENTED_EDGE('',*,*,#705,.F.);
#340=ORIENTED_EDGE('',*,*,#709,.T.);
#341=ORIENTED_EDGE('',*,*,#683,.F.);
#342=ORIENTED_EDGE('',*,*,#710,.F.);
#343=ORIENTED_EDGE('',*,*,#706,.F.);
#344=ORIENTED_EDGE('',*,*,#708,.T.);
#345=ORIENTED_EDGE('',*,*,#704,.F.);
#346=ORIENTED_EDGE('',*,*,#711,.F.);
#347=ORIENTED_EDGE('',*,*,#687,.F.);
#348=ORIENTED_EDGE('',*,*,#710,.T.);
#349=ORIENTED_EDGE('',*,*,#681,.F.);
#350=ORIENTED_EDGE('',*,*,#712,.F.);
#351=ORIENTED_EDGE('',*,*,#707,.F.);
#352=ORIENTED_EDGE('',*,*,#711,.T.);
#353=ORIENTED_EDGE('',*,*,#703,.F.);
#354=ORIENTED_EDGE('',*,*,#713,.F.);
#355=ORIENTED_EDGE('',*,*,#689,.F.);
#356=ORIENTED_EDGE('',*,*,#712,.T.);
#357=ORIENTED_EDGE('',*,*,#679,.F.);
#358=ORIENTED_EDGE('',*,*,#714,.F.);
#359=ORIENTED_EDGE('',*,*,#700,.F.);
#360=ORIENTED_EDGE('',*,*,#713,.T.);
#361=ORIENTED_EDGE('',*,*,#702,.F.);
#362=ORIENTED_EDGE('',*,*,#715,.F.);
#363=ORIENTED_EDGE('',*,*,#691,.F.);
#364=ORIENTED_EDGE('',*,*,#714,.T.);
#365=ORIENTED_EDGE('',*,*,#693,.F.);
#366=ORIENTED_EDGE('',*,*,#715,.T.);
#367=ORIENTED_EDGE('',*,*,#701,.F.);
#368=ORIENTED_EDGE('',*,*,#716,.F.);
#369=ORIENTED_EDGE('',*,*,#629,.F.);
#370=ORIENTED_EDGE('',*,*,#717,.F.);
#371=ORIENTED_EDGE('',*,*,#659,.F.);
#372=ORIENTED_EDGE('',*,*,#717,.T.);
#373=ORIENTED_EDGE('',*,*,#632,.F.);
#374=ORIENTED_EDGE('',*,*,#718,.F.);
#375=ORIENTED_EDGE('',*,*,#660,.F.);
#376=ORIENTED_EDGE('',*,*,#716,.T.);
#377=ORIENTED_EDGE('',*,*,#658,.F.);
#378=ORIENTED_EDGE('',*,*,#719,.F.);
#379=ORIENTED_EDGE('',*,*,#626,.F.);
#380=ORIENTED_EDGE('',*,*,#718,.T.);
#381=ORIENTED_EDGE('',*,*,#635,.F.);
#382=ORIENTED_EDGE('',*,*,#720,.F.);
#383=ORIENTED_EDGE('',*,*,#661,.F.);
#384=ORIENTED_EDGE('',*,*,#719,.T.);
#385=ORIENTED_EDGE('',*,*,#657,.F.);
#386=ORIENTED_EDGE('',*,*,#721,.F.);
#387=ORIENTED_EDGE('',*,*,#622,.F.);
#388=ORIENTED_EDGE('',*,*,#720,.T.);
#389=ORIENTED_EDGE('',*,*,#638,.F.);
#390=ORIENTED_EDGE('',*,*,#722,.F.);
#391=ORIENTED_EDGE('',*,*,#654,.F.);
#392=ORIENTED_EDGE('',*,*,#721,.T.);
#393=ORIENTED_EDGE('',*,*,#656,.F.);
#394=ORIENTED_EDGE('',*,*,#723,.F.);
#395=ORIENTED_EDGE('',*,*,#643,.F.);
#396=ORIENTED_EDGE('',*,*,#722,.T.);
#397=ORIENTED_EDGE('',*,*,#641,.F.);
#398=ORIENTED_EDGE('',*,*,#723,.T.);
#399=ORIENTED_EDGE('',*,*,#655,.F.);
#400=ORIENTED_EDGE('',*,*,#542,.T.);
#401=ORIENTED_EDGE('',*,*,#724,.T.);
#402=ORIENTED_EDGE('',*,*,#614,.T.);
#403=ORIENTED_EDGE('',*,*,#725,.F.);
#404=ORIENTED_EDGE('',*,*,#541,.T.);
#405=ORIENTED_EDGE('',*,*,#726,.T.);
#406=ORIENTED_EDGE('',*,*,#615,.T.);
#407=ORIENTED_EDGE('',*,*,#724,.F.);
#408=ORIENTED_EDGE('',*,*,#540,.T.);
#409=ORIENTED_EDGE('',*,*,#725,.T.);
#410=ORIENTED_EDGE('',*,*,#613,.T.);
#411=ORIENTED_EDGE('',*,*,#726,.F.);
#412=ORIENTED_EDGE('',*,*,#568,.T.);
#413=ORIENTED_EDGE('',*,*,#727,.F.);
#414=ORIENTED_EDGE('',*,*,#603,.F.);
#415=ORIENTED_EDGE('',*,*,#728,.T.);
#416=ORIENTED_EDGE('',*,*,#570,.T.);
#417=ORIENTED_EDGE('',*,*,#729,.F.);
#418=ORIENTED_EDGE('',*,*,#604,.F.);
#419=ORIENTED_EDGE('',*,*,#727,.T.);
#420=ORIENTED_EDGE('',*,*,#569,.T.);
#421=ORIENTED_EDGE('',*,*,#728,.F.);
#422=ORIENTED_EDGE('',*,*,#602,.F.);
#423=ORIENTED_EDGE('',*,*,#729,.T.);
#424=ORIENTED_EDGE('',*,*,#561,.T.);
#425=ORIENTED_EDGE('',*,*,#730,.T.);
#426=ORIENTED_EDGE('',*,*,#573,.T.);
#427=ORIENTED_EDGE('',*,*,#731,.F.);
#428=ORIENTED_EDGE('',*,*,#563,.T.);
#429=ORIENTED_EDGE('',*,*,#732,.T.);
#430=ORIENTED_EDGE('',*,*,#571,.T.);
#431=ORIENTED_EDGE('',*,*,#730,.F.);
#432=ORIENTED_EDGE('',*,*,#731,.T.);
#433=ORIENTED_EDGE('',*,*,#572,.F.);
#434=ORIENTED_EDGE('',*,*,#732,.F.);
#435=ORIENTED_EDGE('',*,*,#562,.F.);
#436=ORIENTED_EDGE('',*,*,#733,.T.);
#437=ORIENTED_EDGE('',*,*,#552,.T.);
#438=ORIENTED_EDGE('',*,*,#734,.F.);
#439=ORIENTED_EDGE('',*,*,#544,.F.);
#440=ORIENTED_EDGE('',*,*,#545,.T.);
#441=ORIENTED_EDGE('',*,*,#734,.T.);
#442=ORIENTED_EDGE('',*,*,#554,.F.);
#443=ORIENTED_EDGE('',*,*,#735,.F.);
#444=ORIENTED_EDGE('',*,*,#543,.T.);
#445=ORIENTED_EDGE('',*,*,#735,.T.);
#446=ORIENTED_EDGE('',*,*,#553,.F.);
#447=ORIENTED_EDGE('',*,*,#733,.F.);
#448=ORIENTED_EDGE('',*,*,#558,.F.);
#449=ORIENTED_EDGE('',*,*,#597,.F.);
#450=ORIENTED_EDGE('',*,*,#736,.F.);
#451=ORIENTED_EDGE('',*,*,#651,.F.);
#452=ORIENTED_EDGE('',*,*,#556,.F.);
#453=ORIENTED_EDGE('',*,*,#698,.F.);
#454=ORIENTED_EDGE('',*,*,#737,.F.);
#455=ORIENTED_EDGE('',*,*,#595,.F.);
#456=ORIENTED_EDGE('',*,*,#738,.F.);
#457=ORIENTED_EDGE('',*,*,#596,.F.);
#458=ORIENTED_EDGE('',*,*,#739,.F.);
#459=ORIENTED_EDGE('',*,*,#564,.F.);
#460=ORIENTED_EDGE('',*,*,#736,.T.);
#461=ORIENTED_EDGE('',*,*,#738,.T.);
#462=ORIENTED_EDGE('',*,*,#740,.F.);
#463=ORIENTED_EDGE('',*,*,#739,.T.);
#464=ORIENTED_EDGE('',*,*,#737,.T.);
#465=ORIENTED_EDGE('',*,*,#741,.F.);
#466=ORIENTED_EDGE('',*,*,#740,.T.);
#467=ORIENTED_EDGE('',*,*,#567,.F.);
#468=ORIENTED_EDGE('',*,*,#742,.F.);
#469=ORIENTED_EDGE('',*,*,#652,.F.);
#470=ORIENTED_EDGE('',*,*,#609,.F.);
#471=ORIENTED_EDGE('',*,*,#653,.F.);
#472=ORIENTED_EDGE('',*,*,#743,.F.);
#473=ORIENTED_EDGE('',*,*,#601,.F.);
#474=ORIENTED_EDGE('',*,*,#605,.F.);
#475=ORIENTED_EDGE('',*,*,#599,.F.);
#476=ORIENTED_EDGE('',*,*,#744,.F.);
#477=ORIENTED_EDGE('',*,*,#696,.F.);
#478=ORIENTED_EDGE('',*,*,#741,.T.);
#479=ORIENTED_EDGE('',*,*,#697,.F.);
#480=ORIENTED_EDGE('',*,*,#745,.F.);
#481=ORIENTED_EDGE('',*,*,#565,.F.);
#482=ORIENTED_EDGE('',*,*,#743,.T.);
#483=ORIENTED_EDGE('',*,*,#742,.T.);
#484=ORIENTED_EDGE('',*,*,#746,.F.);
#485=ORIENTED_EDGE('',*,*,#745,.T.);
#486=ORIENTED_EDGE('',*,*,#744,.T.);
#487=ORIENTED_EDGE('',*,*,#747,.F.);
#488=ORIENTED_EDGE('',*,*,#746,.T.);
#489=ORIENTED_EDGE('',*,*,#566,.F.);
#490=ORIENTED_EDGE('',*,*,#747,.T.);
#491=ORIENTED_EDGE('',*,*,#598,.F.);
#492=ORIENTED_EDGE('',*,*,#551,.F.);
#493=ORIENTED_EDGE('',*,*,#650,.F.);
#494=ORIENTED_EDGE('',*,*,#748,.F.);
#495=ORIENTED_EDGE('',*,*,#592,.F.);
#496=ORIENTED_EDGE('',*,*,#749,.F.);
#497=ORIENTED_EDGE('',*,*,#590,.F.);
#498=ORIENTED_EDGE('',*,*,#750,.F.);
#499=ORIENTED_EDGE('',*,*,#538,.F.);
#500=ORIENTED_EDGE('',*,*,#547,.F.);
#501=ORIENTED_EDGE('',*,*,#591,.F.);
#502=ORIENTED_EDGE('',*,*,#751,.F.);
#503=ORIENTED_EDGE('',*,*,#699,.F.);
#504=ORIENTED_EDGE('',*,*,#750,.T.);
#505=ORIENTED_EDGE('',*,*,#748,.T.);
#506=ORIENTED_EDGE('',*,*,#752,.F.);
#507=ORIENTED_EDGE('',*,*,#751,.T.);
#508=ORIENTED_EDGE('',*,*,#749,.T.);
#509=ORIENTED_EDGE('',*,*,#753,.F.);
#510=ORIENTED_EDGE('',*,*,#619,.F.);
#511=ORIENTED_EDGE('',*,*,#647,.F.);
#512=ORIENTED_EDGE('',*,*,#754,.F.);
#513=ORIENTED_EDGE('',*,*,#648,.F.);
#514=ORIENTED_EDGE('',*,*,#752,.T.);
#515=ORIENTED_EDGE('',*,*,#649,.F.);
#516=ORIENTED_EDGE('',*,*,#755,.F.);
#517=ORIENTED_EDGE('',*,*,#539,.F.);
#518=ORIENTED_EDGE('',*,*,#753,.T.);
#519=ORIENTED_EDGE('',*,*,#537,.F.);
#520=ORIENTED_EDGE('',*,*,#756,.F.);
#521=ORIENTED_EDGE('',*,*,#694,.F.);
#522=ORIENTED_EDGE('',*,*,#617,.F.);
#523=ORIENTED_EDGE('',*,*,#695,.F.);
#524=ORIENTED_EDGE('',*,*,#757,.F.);
#525=ORIENTED_EDGE('',*,*,#645,.F.);
#526=ORIENTED_EDGE('',*,*,#755,.T.);
#527=ORIENTED_EDGE('',*,*,#754,.T.);
#528=ORIENTED_EDGE('',*,*,#758,.F.);
#529=ORIENTED_EDGE('',*,*,#757,.T.);
#530=ORIENTED_EDGE('',*,*,#756,.T.);
#531=ORIENTED_EDGE('',*,*,#759,.F.);
#532=ORIENTED_EDGE('',*,*,#758,.T.);
#533=ORIENTED_EDGE('',*,*,#646,.F.);
#534=ORIENTED_EDGE('',*,*,#759,.T.);
#535=ORIENTED_EDGE('',*,*,#536,.F.);
#536=EDGE_CURVE('',#760,#761,#896,.T.);
#537=EDGE_CURVE('',#761,#762,#897,.T.);
#538=EDGE_CURVE('',#762,#763,#898,.T.);
#539=EDGE_CURVE('',#763,#760,#899,.T.);
#540=EDGE_CURVE('',#764,#765,#900,.T.);
#541=EDGE_CURVE('',#766,#764,#40,.T.);
#542=EDGE_CURVE('',#765,#766,#901,.T.);
#543=EDGE_CURVE('',#767,#768,#902,.T.);
#544=EDGE_CURVE('',#767,#769,#41,.F.);
#545=EDGE_CURVE('',#768,#769,#903,.T.);
#546=EDGE_CURVE('',#770,#771,#904,.T.);
#547=EDGE_CURVE('',#771,#772,#905,.F.);
#548=EDGE_CURVE('',#772,#773,#906,.T.);
#549=EDGE_CURVE('',#774,#773,#907,.T.);
#550=EDGE_CURVE('',#775,#774,#908,.T.);
#551=EDGE_CURVE('',#775,#770,#909,.T.);
#552=EDGE_CURVE('',#776,#777,#42,.F.);
#553=EDGE_CURVE('',#776,#778,#910,.T.);
#554=EDGE_CURVE('',#778,#777,#911,.T.);
#555=EDGE_CURVE('',#779,#780,#912,.T.);
#556=EDGE_CURVE('',#779,#781,#913,.T.);
#557=EDGE_CURVE('',#782,#781,#914,.T.);
#558=EDGE_CURVE('',#782,#783,#915,.F.);
#559=EDGE_CURVE('',#783,#784,#916,.T.);
#560=EDGE_CURVE('',#784,#780,#917,.T.);
#561=EDGE_CURVE('',#785,#786,#918,.T.);
#562=EDGE_CURVE('',#785,#787,#43,.F.);
#563=EDGE_CURVE('',#786,#787,#919,.T.);
#564=EDGE_CURVE('',#788,#789,#920,.T.);
#565=EDGE_CURVE('',#789,#790,#921,.T.);
#566=EDGE_CURVE('',#790,#791,#922,.T.);
#567=EDGE_CURVE('',#791,#788,#923,.T.);
#568=EDGE_CURVE('',#792,#793,#924,.T.);
#569=EDGE_CURVE('',#794,#792,#925,.T.);
#570=EDGE_CURVE('',#793,#794,#44,.T.);
#571=EDGE_CURVE('',#795,#796,#926,.T.);
#572=EDGE_CURVE('',#795,#797,#45,.F.);
#573=EDGE_CURVE('',#796,#797,#927,.T.);
#574=EDGE_CURVE('',#798,#799,#46,.T.);
#575=EDGE_CURVE('',#798,#800,#928,.T.);
#576=EDGE_CURVE('',#801,#800,#47,.T.);
#577=EDGE_CURVE('',#801,#802,#929,.T.);
#578=EDGE_CURVE('',#803,#802,#48,.T.);
#579=EDGE_CURVE('',#804,#803,#930,.F.);
#580=EDGE_CURVE('',#805,#804,#49,.T.);
#581=EDGE_CURVE('',#799,#805,#931,.F.);
#582=EDGE_CURVE('',#806,#807,#50,.T.);
#583=EDGE_CURVE('',#807,#808,#932,.T.);
#584=EDGE_CURVE('',#808,#809,#51,.T.);
#585=EDGE_CURVE('',#809,#810,#933,.T.);
#586=EDGE_CURVE('',#810,#811,#52,.T.);
#587=EDGE_CURVE('',#811,#812,#934,.T.);
#588=EDGE_CURVE('',#812,#813,#53,.T.);
#589=EDGE_CURVE('',#813,#806,#935,.T.);
#590=EDGE_CURVE('',#814,#815,#936,.T.);
#591=EDGE_CURVE('',#815,#771,#937,.T.);
#592=EDGE_CURVE('',#770,#814,#938,.T.);
#593=EDGE_CURVE('',#780,#773,#939,.T.);
#594=EDGE_CURVE('',#784,#774,#940,.T.);
#595=EDGE_CURVE('',#781,#816,#941,.T.);
#596=EDGE_CURVE('',#816,#817,#942,.T.);
#597=EDGE_CURVE('',#817,#782,#943,.T.);
#598=EDGE_CURVE('',#818,#819,#944,.T.);
#599=EDGE_CURVE('',#819,#820,#945,.T.);
#600=EDGE_CURVE('',#821,#820,#946,.T.);
#601=EDGE_CURVE('',#821,#818,#947,.T.);
#602=EDGE_CURVE('',#822,#823,#948,.T.);
#603=EDGE_CURVE('',#823,#824,#949,.T.);
#604=EDGE_CURVE('',#824,#822,#54,.T.);
#605=EDGE_CURVE('',#820,#825,#950,.F.);
#606=EDGE_CURVE('',#825,#826,#951,.T.);
#607=EDGE_CURVE('',#827,#826,#952,.T.);
#608=EDGE_CURVE('',#828,#827,#953,.T.);
#609=EDGE_CURVE('',#828,#821,#954,.T.);
#610=EDGE_CURVE('',#826,#829,#955,.T.);
#611=EDGE_CURVE('',#830,#829,#956,.T.);
#612=EDGE_CURVE('',#827,#830,#957,.T.);
#613=EDGE_CURVE('',#831,#832,#958,.T.);
#614=EDGE_CURVE('',#833,#831,#959,.T.);
#615=EDGE_CURVE('',#832,#833,#55,.T.);
#616=EDGE_CURVE('',#834,#829,#960,.T.);
#617=EDGE_CURVE('',#834,#835,#961,.T.);
#618=EDGE_CURVE('',#836,#835,#962,.T.);
#619=EDGE_CURVE('',#836,#837,#963,.F.);
#620=EDGE_CURVE('',#837,#830,#964,.T.);
#621=EDGE_CURVE('',#838,#839,#965,.T.);
#622=EDGE_CURVE('',#838,#840,#966,.T.);
#623=EDGE_CURVE('',#840,#841,#967,.T.);
#624=EDGE_CURVE('',#841,#839,#968,.T.);
#625=EDGE_CURVE('',#842,#843,#969,.T.);
#626=EDGE_CURVE('',#842,#838,#56,.T.);
#627=EDGE_CURVE('',#843,#839,#57,.T.);
#628=EDGE_CURVE('',#844,#845,#970,.T.);
#629=EDGE_CURVE('',#844,#842,#971,.T.);
#630=EDGE_CURVE('',#843,#845,#972,.T.);
#631=EDGE_CURVE('',#846,#847,#973,.T.);
#632=EDGE_CURVE('',#846,#844,#58,.T.);
#633=EDGE_CURVE('',#847,#845,#59,.T.);
#634=EDGE_CURVE('',#848,#849,#974,.T.);
#635=EDGE_CURVE('',#848,#846,#975,.T.);
#636=EDGE_CURVE('',#847,#849,#976,.T.);
#637=EDGE_CURVE('',#850,#851,#977,.T.);
#638=EDGE_CURVE('',#850,#848,#60,.T.);
#639=EDGE_CURVE('',#851,#849,#61,.T.);
#640=EDGE_CURVE('',#852,#853,#978,.T.);
#641=EDGE_CURVE('',#852,#850,#979,.T.);
#642=EDGE_CURVE('',#851,#853,#980,.T.);
#643=EDGE_CURVE('',#840,#852,#62,.T.);
#644=EDGE_CURVE('',#841,#853,#63,.T.);
#645=EDGE_CURVE('',#835,#854,#981,.T.);
#646=EDGE_CURVE('',#854,#855,#982,.T.);
#647=EDGE_CURVE('',#855,#836,#983,.T.);
#648=EDGE_CURVE('',#837,#856,#984,.T.);
#649=EDGE_CURVE('',#856,#857,#985,.T.);
#650=EDGE_CURVE('',#857,#775,#986,.T.);
#651=EDGE_CURVE('',#783,#858,#987,.T.);
#652=EDGE_CURVE('',#858,#859,#988,.T.);
#653=EDGE_CURVE('',#859,#828,#989,.T.);
#654=EDGE_CURVE('',#860,#861,#64,.F.);
#655=EDGE_CURVE('',#861,#862,#990,.T.);
#656=EDGE_CURVE('',#862,#863,#65,.F.);
#657=EDGE_CURVE('',#863,#864,#991,.T.);
#658=EDGE_CURVE('',#864,#865,#66,.F.);
#659=EDGE_CURVE('',#865,#866,#992,.T.);
#660=EDGE_CURVE('',#866,#867,#67,.F.);
#661=EDGE_CURVE('',#867,#860,#993,.T.);
#662=EDGE_CURVE('',#868,#869,#68,.T.);
#663=EDGE_CURVE('',#870,#868,#994,.T.);
#664=EDGE_CURVE('',#871,#870,#69,.T.);
#665=EDGE_CURVE('',#872,#871,#995,.T.);
#666=EDGE_CURVE('',#873,#872,#70,.T.);
#667=EDGE_CURVE('',#874,#873,#996,.T.);
#668=EDGE_CURVE('',#875,#874,#71,.T.);
#669=EDGE_CURVE('',#869,#875,#997,.T.);
#670=EDGE_CURVE('',#868,#806,#998,.T.);
#671=EDGE_CURVE('',#869,#807,#999,.T.);
#672=EDGE_CURVE('',#875,#808,#1000,.T.);
#673=EDGE_CURVE('',#874,#809,#1001,.T.);
#674=EDGE_CURVE('',#873,#810,#1002,.T.);
#675=EDGE_CURVE('',#872,#811,#1003,.T.);
#676=EDGE_CURVE('',#871,#812,#1004,.T.);
#677=EDGE_CURVE('',#870,#813,#1005,.T.);
#678=EDGE_CURVE('',#876,#798,#1006,.F.);
#679=EDGE_CURVE('',#876,#877,#1007,.T.);
#680=EDGE_CURVE('',#877,#800,#1008,.F.);
#681=EDGE_CURVE('',#877,#878,#72,.T.);
#682=EDGE_CURVE('',#878,#801,#1009,.F.);
#683=EDGE_CURVE('',#878,#879,#1010,.T.);
#684=EDGE_CURVE('',#879,#802,#1011,.F.);
#685=EDGE_CURVE('',#879,#880,#73,.T.);
#686=EDGE_CURVE('',#880,#803,#1012,.F.);
#687=EDGE_CURVE('',#880,#881,#1013,.F.);
#688=EDGE_CURVE('',#881,#804,#1014,.F.);
#689=EDGE_CURVE('',#881,#882,#74,.T.);
#690=EDGE_CURVE('',#882,#805,#1015,.F.);
#691=EDGE_CURVE('',#882,#883,#1016,.F.);
#692=EDGE_CURVE('',#883,#799,#1017,.F.);
#693=EDGE_CURVE('',#883,#876,#75,.T.);
#694=EDGE_CURVE('',#884,#885,#1018,.T.);
#695=EDGE_CURVE('',#885,#834,#1019,.T.);
#696=EDGE_CURVE('',#825,#886,#1020,.T.);
#697=EDGE_CURVE('',#886,#887,#1021,.T.);
#698=EDGE_CURVE('',#887,#779,#1022,.T.);
#699=EDGE_CURVE('',#772,#884,#1023,.T.);
#700=EDGE_CURVE('',#888,#889,#1024,.F.);
#701=EDGE_CURVE('',#889,#890,#76,.T.);
#702=EDGE_CURVE('',#890,#891,#1025,.F.);
#703=EDGE_CURVE('',#891,#892,#77,.T.);
#704=EDGE_CURVE('',#892,#893,#1026,.F.);
#705=EDGE_CURVE('',#893,#894,#78,.T.);
#706=EDGE_CURVE('',#894,#895,#1027,.F.);
#707=EDGE_CURVE('',#895,#888,#79,.T.);
#708=EDGE_CURVE('',#880,#893,#80,.T.);
#709=EDGE_CURVE('',#894,#879,#81,.T.);
#710=EDGE_CURVE('',#895,#878,#82,.T.);
#711=EDGE_CURVE('',#881,#892,#83,.T.);
#712=EDGE_CURVE('',#888,#877,#84,.T.);
#713=EDGE_CURVE('',#882,#891,#85,.T.);
#714=EDGE_CURVE('',#889,#876,#86,.T.);
#715=EDGE_CURVE('',#883,#890,#87,.T.);
#716=EDGE_CURVE('',#842,#865,#1028,.T.);
#717=EDGE_CURVE('',#866,#844,#1029,.T.);
#718=EDGE_CURVE('',#867,#846,#1030,.T.);
#719=EDGE_CURVE('',#838,#864,#1031,.T.);
#720=EDGE_CURVE('',#860,#848,#1032,.T.);
#721=EDGE_CURVE('',#840,#863,#1033,.T.);
#722=EDGE_CURVE('',#861,#850,#1034,.T.);
#723=EDGE_CURVE('',#852,#862,#1035,.T.);
#724=EDGE_CURVE('',#766,#833,#1036,.T.);
#725=EDGE_CURVE('',#765,#831,#1037,.T.);
#726=EDGE_CURVE('',#764,#832,#1038,.T.);
#727=EDGE_CURVE('',#824,#793,#1039,.T.);
#728=EDGE_CURVE('',#823,#792,#1040,.T.);
#729=EDGE_CURVE('',#822,#794,#1041,.T.);
#730=EDGE_CURVE('',#786,#796,#1042,.T.);
#731=EDGE_CURVE('',#785,#797,#1043,.T.);
#732=EDGE_CURVE('',#787,#795,#1044,.T.);
#733=EDGE_CURVE('',#767,#776,#1045,.T.);
#734=EDGE_CURVE('',#769,#777,#1046,.T.);
#735=EDGE_CURVE('',#768,#778,#1047,.T.);
#736=EDGE_CURVE('',#858,#817,#1048,.F.);
#737=EDGE_CURVE('',#816,#887,#1049,.T.);
#738=EDGE_CURVE('',#817,#788,#1050,.F.);
#739=EDGE_CURVE('',#789,#816,#1051,.F.);
#740=EDGE_CURVE('',#858,#788,#1052,.T.);
#741=EDGE_CURVE('',#789,#887,#1053,.F.);
#742=EDGE_CURVE('',#859,#791,#1054,.F.);
#743=EDGE_CURVE('',#818,#859,#1055,.T.);
#744=EDGE_CURVE('',#886,#819,#1056,.F.);
#745=EDGE_CURVE('',#790,#886,#1057,.T.);
#746=EDGE_CURVE('',#818,#791,#1058,.F.);
#747=EDGE_CURVE('',#790,#819,#1059,.F.);
#748=EDGE_CURVE('',#814,#857,#1060,.T.);
#749=EDGE_CURVE('',#815,#762,#1061,.T.);
#750=EDGE_CURVE('',#763,#814,#1062,.T.);
#751=EDGE_CURVE('',#884,#815,#1063,.F.);
#752=EDGE_CURVE('',#763,#857,#1064,.T.);
#753=EDGE_CURVE('',#884,#762,#1065,.F.);
#754=EDGE_CURVE('',#856,#855,#1066,.F.);
#755=EDGE_CURVE('',#760,#856,#1067,.F.);
#756=EDGE_CURVE('',#885,#761,#1068,.T.);
#757=EDGE_CURVE('',#854,#885,#1069,.T.);
#758=EDGE_CURVE('',#760,#855,#1070,.T.);
#759=EDGE_CURVE('',#854,#761,#1071,.T.);
#760=VERTEX_POINT('',#2226);
#761=VERTEX_POINT('',#2227);
#762=VERTEX_POINT('',#2229);
#763=VERTEX_POINT('',#2231);
#764=VERTEX_POINT('',#2234);
#765=VERTEX_POINT('',#2235);
#766=VERTEX_POINT('',#2237);
#767=VERTEX_POINT('',#2240);
#768=VERTEX_POINT('',#2241);
#769=VERTEX_POINT('',#2243);
#770=VERTEX_POINT('',#2247);
#771=VERTEX_POINT('',#2248);
#772=VERTEX_POINT('',#2250);
#773=VERTEX_POINT('',#2252);
#774=VERTEX_POINT('',#2254);
#775=VERTEX_POINT('',#2256);
#776=VERTEX_POINT('',#2259);
#777=VERTEX_POINT('',#2260);
#778=VERTEX_POINT('',#2262);
#779=VERTEX_POINT('',#2266);
#780=VERTEX_POINT('',#2267);
#781=VERTEX_POINT('',#2269);
#782=VERTEX_POINT('',#2271);
#783=VERTEX_POINT('',#2273);
#784=VERTEX_POINT('',#2275);
#785=VERTEX_POINT('',#2278);
#786=VERTEX_POINT('',#2279);
#787=VERTEX_POINT('',#2281);
#788=VERTEX_POINT('',#2285);
#789=VERTEX_POINT('',#2286);
#790=VERTEX_POINT('',#2288);
#791=VERTEX_POINT('',#2290);
#792=VERTEX_POINT('',#2293);
#793=VERTEX_POINT('',#2294);
#794=VERTEX_POINT('',#2296);
#795=VERTEX_POINT('',#2299);
#796=VERTEX_POINT('',#2300);
#797=VERTEX_POINT('',#2302);
#798=VERTEX_POINT('',#2306);
#799=VERTEX_POINT('',#2307);
#800=VERTEX_POINT('',#2309);
#801=VERTEX_POINT('',#2311);
#802=VERTEX_POINT('',#2313);
#803=VERTEX_POINT('',#2315);
#804=VERTEX_POINT('',#2317);
#805=VERTEX_POINT('',#2319);
#806=VERTEX_POINT('',#2322);
#807=VERTEX_POINT('',#2323);
#808=VERTEX_POINT('',#2325);
#809=VERTEX_POINT('',#2327);
#810=VERTEX_POINT('',#2329);
#811=VERTEX_POINT('',#2331);
#812=VERTEX_POINT('',#2333);
#813=VERTEX_POINT('',#2335);
#814=VERTEX_POINT('',#2339);
#815=VERTEX_POINT('',#2340);
#816=VERTEX_POINT('',#2348);
#817=VERTEX_POINT('',#2350);
#818=VERTEX_POINT('',#2354);
#819=VERTEX_POINT('',#2355);
#820=VERTEX_POINT('',#2357);
#821=VERTEX_POINT('',#2359);
#822=VERTEX_POINT('',#2363);
#823=VERTEX_POINT('',#2364);
#824=VERTEX_POINT('',#2366);
#825=VERTEX_POINT('',#2369);
#826=VERTEX_POINT('',#2371);
#827=VERTEX_POINT('',#2373);
#828=VERTEX_POINT('',#2375);
#829=VERTEX_POINT('',#2379);
#830=VERTEX_POINT('',#2381);
#831=VERTEX_POINT('',#2385);
#832=VERTEX_POINT('',#2386);
#833=VERTEX_POINT('',#2388);
#834=VERTEX_POINT('',#2391);
#835=VERTEX_POINT('',#2393);
#836=VERTEX_POINT('',#2395);
#837=VERTEX_POINT('',#2397);
#838=VERTEX_POINT('',#2401);
#839=VERTEX_POINT('',#2402);
#840=VERTEX_POINT('',#2404);
#841=VERTEX_POINT('',#2406);
#842=VERTEX_POINT('',#2410);
#843=VERTEX_POINT('',#2411);
#844=VERTEX_POINT('',#2416);
#845=VERTEX_POINT('',#2417);
#846=VERTEX_POINT('',#2422);
#847=VERTEX_POINT('',#2423);
#848=VERTEX_POINT('',#2428);
#849=VERTEX_POINT('',#2429);
#850=VERTEX_POINT('',#2434);
#851=VERTEX_POINT('',#2435);
#852=VERTEX_POINT('',#2440);
#853=VERTEX_POINT('',#2441);
#854=VERTEX_POINT('',#2449);
#855=VERTEX_POINT('',#2451);
#856=VERTEX_POINT('',#2455);
#857=VERTEX_POINT('',#2457);
#858=VERTEX_POINT('',#2460);
#859=VERTEX_POINT('',#2462);
#860=VERTEX_POINT('',#2465);
#861=VERTEX_POINT('',#2466);
#862=VERTEX_POINT('',#2468);
#863=VERTEX_POINT('',#2470);
#864=VERTEX_POINT('',#2472);
#865=VERTEX_POINT('',#2474);
#866=VERTEX_POINT('',#2476);
#867=VERTEX_POINT('',#2478);
#868=VERTEX_POINT('',#2482);
#869=VERTEX_POINT('',#2483);
#870=VERTEX_POINT('',#2485);
#871=VERTEX_POINT('',#2487);
#872=VERTEX_POINT('',#2489);
#873=VERTEX_POINT('',#2491);
#874=VERTEX_POINT('',#2493);
#875=VERTEX_POINT('',#2495);
#876=VERTEX_POINT('',#2515);
#877=VERTEX_POINT('',#2517);
#878=VERTEX_POINT('',#2521);
#879=VERTEX_POINT('',#2525);
#880=VERTEX_POINT('',#2529);
#881=VERTEX_POINT('',#2533);
#882=VERTEX_POINT('',#2537);
#883=VERTEX_POINT('',#2541);
#884=VERTEX_POINT('',#2547);
#885=VERTEX_POINT('',#2548);
#886=VERTEX_POINT('',#2551);
#887=VERTEX_POINT('',#2553);
#888=VERTEX_POINT('',#2557);
#889=VERTEX_POINT('',#2558);
#890=VERTEX_POINT('',#2560);
#891=VERTEX_POINT('',#2562);
#892=VERTEX_POINT('',#2564);
#893=VERTEX_POINT('',#2566);
#894=VERTEX_POINT('',#2568);
#895=VERTEX_POINT('',#2570);
#896=LINE('',#2225,#1072);
#897=LINE('',#2228,#1073);
#898=LINE('',#2230,#1074);
#899=LINE('',#2232,#1075);
#900=LINE('',#2233,#1076);
#901=LINE('',#2238,#1077);
#902=LINE('',#2239,#1078);
#903=LINE('',#2244,#1079);
#904=LINE('',#2246,#1080);
#905=LINE('',#2249,#1081);
#906=LINE('',#2251,#1082);
#907=LINE('',#2253,#1083);
#908=LINE('',#2255,#1084);
#909=LINE('',#2257,#1085);
#910=LINE('',#2261,#1086);
#911=LINE('',#2263,#1087);
#912=LINE('',#2265,#1088);
#913=LINE('',#2268,#1089);
#914=LINE('',#2270,#1090);
#915=LINE('',#2272,#1091);
#916=LINE('',#2274,#1092);
#917=LINE('',#2276,#1093);
#918=LINE('',#2277,#1094);
#919=LINE('',#2282,#1095);
#920=LINE('',#2284,#1096);
#921=LINE('',#2287,#1097);
#922=LINE('',#2289,#1098);
#923=LINE('',#2291,#1099);
#924=LINE('',#2292,#1100);
#925=LINE('',#2295,#1101);
#926=LINE('',#2298,#1102);
#927=LINE('',#2303,#1103);
#928=LINE('',#2308,#1104);
#929=LINE('',#2312,#1105);
#930=LINE('',#2316,#1106);
#931=LINE('',#2320,#1107);
#932=LINE('',#2324,#1108);
#933=LINE('',#2328,#1109);
#934=LINE('',#2332,#1110);
#935=LINE('',#2336,#1111);
#936=LINE('',#2338,#1112);
#937=LINE('',#2341,#1113);
#938=LINE('',#2342,#1114);
#939=LINE('',#2344,#1115);
#940=LINE('',#2345,#1116);
#941=LINE('',#2347,#1117);
#942=LINE('',#2349,#1118);
#943=LINE('',#2351,#1119);
#944=LINE('',#2353,#1120);
#945=LINE('',#2356,#1121);
#946=LINE('',#2358,#1122);
#947=LINE('',#2360,#1123);
#948=LINE('',#2362,#1124);
#949=LINE('',#2365,#1125);
#950=LINE('',#2368,#1126);
#951=LINE('',#2370,#1127);
#952=LINE('',#2372,#1128);
#953=LINE('',#2374,#1129);
#954=LINE('',#2376,#1130);
#955=LINE('',#2378,#1131);
#956=LINE('',#2380,#1132);
#957=LINE('',#2382,#1133);
#958=LINE('',#2384,#1134);
#959=LINE('',#2387,#1135);
#960=LINE('',#2390,#1136);
#961=LINE('',#2392,#1137);
#962=LINE('',#2394,#1138);
#963=LINE('',#2396,#1139);
#964=LINE('',#2398,#1140);
#965=LINE('',#2400,#1141);
#966=LINE('',#2403,#1142);
#967=LINE('',#2405,#1143);
#968=LINE('',#2407,#1144);
#969=LINE('',#2409,#1145);
#970=LINE('',#2415,#1146);
#971=LINE('',#2418,#1147);
#972=LINE('',#2419,#1148);
#973=LINE('',#2421,#1149);
#974=LINE('',#2427,#1150);
#975=LINE('',#2430,#1151);
#976=LINE('',#2431,#1152);
#977=LINE('',#2433,#1153);
#978=LINE('',#2439,#1154);
#979=LINE('',#2442,#1155);
#980=LINE('',#2443,#1156);
#981=LINE('',#2448,#1157);
#982=LINE('',#2450,#1158);
#983=LINE('',#2452,#1159);
#984=LINE('',#2454,#1160);
#985=LINE('',#2456,#1161);
#986=LINE('',#2458,#1162);
#987=LINE('',#2459,#1163);
#988=LINE('',#2461,#1164);
#989=LINE('',#2463,#1165);
#990=LINE('',#2467,#1166);
#991=LINE('',#2471,#1167);
#992=LINE('',#2475,#1168);
#993=LINE('',#2479,#1169);
#994=LINE('',#2484,#1170);
#995=LINE('',#2488,#1171);
#996=LINE('',#2492,#1172);
#997=LINE('',#2496,#1173);
#998=LINE('',#2498,#1174);
#999=LINE('',#2499,#1175);
#1000=LINE('',#2501,#1176);
#1001=LINE('',#2503,#1177);
#1002=LINE('',#2505,#1178);
#1003=LINE('',#2507,#1179);
#1004=LINE('',#2509,#1180);
#1005=LINE('',#2511,#1181);
#1006=LINE('',#2514,#1182);
#1007=LINE('',#2516,#1183);
#1008=LINE('',#2518,#1184);
#1009=LINE('',#2522,#1185);
#1010=LINE('',#2524,#1186);
#1011=LINE('',#2526,#1187);
#1012=LINE('',#2530,#1188);
#1013=LINE('',#2532,#1189);
#1014=LINE('',#2534,#1190);
#1015=LINE('',#2538,#1191);
#1016=LINE('',#2540,#1192);
#1017=LINE('',#2542,#1193);
#1018=LINE('',#2546,#1194);
#1019=LINE('',#2549,#1195);
#1020=LINE('',#2550,#1196);
#1021=LINE('',#2552,#1197);
#1022=LINE('',#2554,#1198);
#1023=LINE('',#2555,#1199);
#1024=LINE('',#2556,#1200);
#1025=LINE('',#2561,#1201);
#1026=LINE('',#2565,#1202);
#1027=LINE('',#2569,#1203);
#1028=LINE('',#2589,#1204);
#1029=LINE('',#2590,#1205);
#1030=LINE('',#2592,#1206);
#1031=LINE('',#2594,#1207);
#1032=LINE('',#2596,#1208);
#1033=LINE('',#2598,#1209);
#1034=LINE('',#2600,#1210);
#1035=LINE('',#2602,#1211);
#1036=LINE('',#2605,#1212);
#1037=LINE('',#2606,#1213);
#1038=LINE('',#2608,#1214);
#1039=LINE('',#2611,#1215);
#1040=LINE('',#2612,#1216);
#1041=LINE('',#2614,#1217);
#1042=LINE('',#2617,#1218);
#1043=LINE('',#2618,#1219);
#1044=LINE('',#2620,#1220);
#1045=LINE('',#2623,#1221);
#1046=LINE('',#2624,#1222);
#1047=LINE('',#2626,#1223);
#1048=LINE('',#2629,#1224);
#1049=LINE('',#2631,#1225);
#1050=LINE('',#2633,#1226);
#1051=LINE('',#2634,#1227);
#1052=LINE('',#2636,#1228);
#1053=LINE('',#2638,#1229);
#1054=LINE('',#2640,#1230);
#1055=LINE('',#2642,#1231);
#1056=LINE('',#2644,#1232);
#1057=LINE('',#2646,#1233);
#1058=LINE('',#2648,#1234);
#1059=LINE('',#2650,#1235);
#1060=LINE('',#2653,#1236);
#1061=LINE('',#2655,#1237);
#1062=LINE('',#2656,#1238);
#1063=LINE('',#2658,#1239);
#1064=LINE('',#2660,#1240);
#1065=LINE('',#2662,#1241);
#1066=LINE('',#2664,#1242);
#1067=LINE('',#2666,#1243);
#1068=LINE('',#2668,#1244);
#1069=LINE('',#2670,#1245);
#1070=LINE('',#2672,#1246);
#1071=LINE('',#2674,#1247);
#1072=VECTOR('',#1769,1.);
#1073=VECTOR('',#1770,1.);
#1074=VECTOR('',#1771,1.);
#1075=VECTOR('',#1772,1.);
#1076=VECTOR('',#1773,1.);
#1077=VECTOR('',#1776,1.);
#1078=VECTOR('',#1777,1.);
#1079=VECTOR('',#1780,1.);
#1080=VECTOR('',#1783,1.);
#1081=VECTOR('',#1784,1.);
#1082=VECTOR('',#1785,1.);
#1083=VECTOR('',#1786,1.);
#1084=VECTOR('',#1787,1.);
#1085=VECTOR('',#1788,1.);
#1086=VECTOR('',#1791,1.);
#1087=VECTOR('',#1792,1.);
#1088=VECTOR('',#1795,1.);
#1089=VECTOR('',#1796,1.);
#1090=VECTOR('',#1797,1.);
#1091=VECTOR('',#1798,1.);
#1092=VECTOR('',#1799,1.);
#1093=VECTOR('',#1800,1.);
#1094=VECTOR('',#1801,1.);
#1095=VECTOR('',#1804,1.);
#1096=VECTOR('',#1807,1.);
#1097=VECTOR('',#1808,1.);
#1098=VECTOR('',#1809,1.);
#1099=VECTOR('',#1810,1.);
#1100=VECTOR('',#1811,1.);
#1101=VECTOR('',#1812,1.);
#1102=VECTOR('',#1815,1.);
#1103=VECTOR('',#1818,1.);
#1104=VECTOR('',#1823,1.);
#1105=VECTOR('',#1826,1.);
#1106=VECTOR('',#1829,1.);
#1107=VECTOR('',#1832,1.);
#1108=VECTOR('',#1835,1.);
#1109=VECTOR('',#1838,1.);
#1110=VECTOR('',#1841,1.);
#1111=VECTOR('',#1844,1.);
#1112=VECTOR('',#1847,1.);
#1113=VECTOR('',#1848,1.);
#1114=VECTOR('',#1849,1.);
#1115=VECTOR('',#1852,1.);
#1116=VECTOR('',#1853,1.);
#1117=VECTOR('',#1856,1.);
#1118=VECTOR('',#1857,1.);
#1119=VECTOR('',#1858,1.);
#1120=VECTOR('',#1861,1.);
#1121=VECTOR('',#1862,1.);
#1122=VECTOR('',#1863,1.);
#1123=VECTOR('',#1864,1.);
#1124=VECTOR('',#1867,1.);
#1125=VECTOR('',#1868,1.);
#1126=VECTOR('',#1871,1.);
#1127=VECTOR('',#1872,1.);
#1128=VECTOR('',#1873,1.);
#1129=VECTOR('',#1874,1.);
#1130=VECTOR('',#1875,1.);
#1131=VECTOR('',#1878,1.);
#1132=VECTOR('',#1879,1.);
#1133=VECTOR('',#1880,1.);
#1134=VECTOR('',#1883,1.);
#1135=VECTOR('',#1884,1.);
#1136=VECTOR('',#1887,1.);
#1137=VECTOR('',#1888,1.);
#1138=VECTOR('',#1889,1.);
#1139=VECTOR('',#1890,1.);
#1140=VECTOR('',#1891,1.);
#1141=VECTOR('',#1894,1.);
#1142=VECTOR('',#1895,1.);
#1143=VECTOR('',#1896,1.);
#1144=VECTOR('',#1897,1.);
#1145=VECTOR('',#1900,1.);
#1146=VECTOR('',#1907,1.);
#1147=VECTOR('',#1908,1.);
#1148=VECTOR('',#1909,1.);
#1149=VECTOR('',#1912,1.);
#1150=VECTOR('',#1919,1.);
#1151=VECTOR('',#1920,1.);
#1152=VECTOR('',#1921,1.);
#1153=VECTOR('',#1924,1.);
#1154=VECTOR('',#1931,1.);
#1155=VECTOR('',#1932,1.);
#1156=VECTOR('',#1933,1.);
#1157=VECTOR('',#1942,1.);
#1158=VECTOR('',#1943,1.);
#1159=VECTOR('',#1944,1.);
#1160=VECTOR('',#1947,1.);
#1161=VECTOR('',#1948,1.);
#1162=VECTOR('',#1949,1.);
#1163=VECTOR('',#1950,1.);
#1164=VECTOR('',#1951,1.);
#1165=VECTOR('',#1952,1.);
#1166=VECTOR('',#1955,1.);
#1167=VECTOR('',#1958,1.);
#1168=VECTOR('',#1961,1.);
#1169=VECTOR('',#1964,1.);
#1170=VECTOR('',#1969,1.);
#1171=VECTOR('',#1972,1.);
#1172=VECTOR('',#1975,1.);
#1173=VECTOR('',#1978,1.);
#1174=VECTOR('',#1981,1.);
#1175=VECTOR('',#1982,1.);
#1176=VECTOR('',#1985,1.);
#1177=VECTOR('',#1988,1.);
#1178=VECTOR('',#1991,1.);
#1179=VECTOR('',#1994,1.);
#1180=VECTOR('',#1997,1.);
#1181=VECTOR('',#2000,1.);
#1182=VECTOR('',#2005,1.);
#1183=VECTOR('',#2006,1.);
#1184=VECTOR('',#2007,1.);
#1185=VECTOR('',#2012,1.);
#1186=VECTOR('',#2015,1.);
#1187=VECTOR('',#2016,1.);
#1188=VECTOR('',#2021,1.);
#1189=VECTOR('',#2024,1.);
#1190=VECTOR('',#2025,1.);
#1191=VECTOR('',#2030,1.);
#1192=VECTOR('',#2033,1.);
#1193=VECTOR('',#2034,1.);
#1194=VECTOR('',#2041,1.);
#1195=VECTOR('',#2042,1.);
#1196=VECTOR('',#2043,1.);
#1197=VECTOR('',#2044,1.);
#1198=VECTOR('',#2045,1.);
#1199=VECTOR('',#2046,1.);
#1200=VECTOR('',#2047,1.);
#1201=VECTOR('',#2050,1.);
#1202=VECTOR('',#2053,1.);
#1203=VECTOR('',#2056,1.);
#1204=VECTOR('',#2093,1.);
#1205=VECTOR('',#2094,1.);
#1206=VECTOR('',#2097,1.);
#1207=VECTOR('',#2100,1.);
#1208=VECTOR('',#2103,1.);
#1209=VECTOR('',#2106,1.);
#1210=VECTOR('',#2109,1.);
#1211=VECTOR('',#2112,1.);
#1212=VECTOR('',#2117,1.);
#1213=VECTOR('',#2118,1.);
#1214=VECTOR('',#2121,1.);
#1215=VECTOR('',#2126,1.);
#1216=VECTOR('',#2127,1.);
#1217=VECTOR('',#2130,1.);
#1218=VECTOR('',#2135,1.);
#1219=VECTOR('',#2136,1.);
#1220=VECTOR('',#2139,1.);
#1221=VECTOR('',#2144,1.);
#1222=VECTOR('',#2145,1.);
#1223=VECTOR('',#2148,1.);
#1224=VECTOR('',#2153,1.);
#1225=VECTOR('',#2156,1.);
#1226=VECTOR('',#2159,1.);
#1227=VECTOR('',#2160,1.);
#1228=VECTOR('',#2163,1.);
#1229=VECTOR('',#2166,1.);
#1230=VECTOR('',#2169,1.);
#1231=VECTOR('',#2172,1.);
#1232=VECTOR('',#2175,1.);
#1233=VECTOR('',#2178,1.);
#1234=VECTOR('',#2181,1.);
#1235=VECTOR('',#2184,1.);
#1236=VECTOR('',#2189,1.);
#1237=VECTOR('',#2192,1.);
#1238=VECTOR('',#2193,1.);
#1239=VECTOR('',#2196,1.);
#1240=VECTOR('',#2199,1.);
#1241=VECTOR('',#2202,1.);
#1242=VECTOR('',#2205,1.);
#1243=VECTOR('',#2208,1.);
#1244=VECTOR('',#2211,1.);
#1245=VECTOR('',#2214,1.);
#1246=VECTOR('',#2217,1.);
#1247=VECTOR('',#2220,1.);
#1248=EDGE_LOOP('',(#88,#89,#90,#91));
#1249=EDGE_LOOP('',(#92,#93,#94));
#1250=EDGE_LOOP('',(#95,#96,#97));
#1251=EDGE_LOOP('',(#98,#99,#100,#101,#102,#103));
#1252=EDGE_LOOP('',(#104,#105,#106));
#1253=EDGE_LOOP('',(#107,#108,#109,#110,#111,#112));
#1254=EDGE_LOOP('',(#113,#114,#115));
#1255=EDGE_LOOP('',(#116,#117,#118,#119));
#1256=EDGE_LOOP('',(#120,#121,#122));
#1257=EDGE_LOOP('',(#123,#124,#125));
#1258=EDGE_LOOP('',(#126,#127,#128,#129,#130,#131,#132,#133));
#1259=EDGE_LOOP('',(#134,#135,#136,#137,#138,#139,#140,#141));
#1260=EDGE_LOOP('',(#142,#143,#144,#145));
#1261=EDGE_LOOP('',(#146,#147,#148,#149));
#1262=EDGE_LOOP('',(#150,#151,#152,#153));
#1263=EDGE_LOOP('',(#154,#155,#156,#157));
#1264=EDGE_LOOP('',(#158,#159,#160));
#1265=EDGE_LOOP('',(#161,#162,#163,#164,#165,#166));
#1266=EDGE_LOOP('',(#167,#168,#169,#170));
#1267=EDGE_LOOP('',(#171,#172,#173));
#1268=EDGE_LOOP('',(#174,#175,#176,#177,#178,#179));
#1269=EDGE_LOOP('',(#180,#181,#182,#183));
#1270=EDGE_LOOP('',(#184,#185,#186,#187));
#1271=EDGE_LOOP('',(#188,#189,#190,#191));
#1272=EDGE_LOOP('',(#192,#193,#194,#195));
#1273=EDGE_LOOP('',(#196,#197,#198,#199));
#1274=EDGE_LOOP('',(#200,#201,#202,#203));
#1275=EDGE_LOOP('',(#204,#205,#206,#207));
#1276=EDGE_LOOP('',(#208,#209,#210,#211));
#1277=EDGE_LOOP('',(#212,#213,#214,#215));
#1278=EDGE_LOOP('',(#216,#217,#218,#219,#220,#221,#222,#223,#224,#225,#226,
#227));
#1279=EDGE_LOOP('',(#228,#229,#230,#231,#232,#233,#234,#235));
#1280=EDGE_LOOP('',(#236,#237,#238,#239,#240,#241,#242,#243));
#1281=EDGE_LOOP('',(#244,#245,#246,#247,#248,#249,#250,#251));
#1282=EDGE_LOOP('',(#252,#253,#254,#255));
#1283=EDGE_LOOP('',(#256,#257,#258,#259));
#1284=EDGE_LOOP('',(#260,#261,#262,#263));
#1285=EDGE_LOOP('',(#264,#265,#266,#267));
#1286=EDGE_LOOP('',(#268,#269,#270,#271));
#1287=EDGE_LOOP('',(#272,#273,#274,#275));
#1288=EDGE_LOOP('',(#276,#277,#278,#279));
#1289=EDGE_LOOP('',(#280,#281,#282,#283));
#1290=EDGE_LOOP('',(#284,#285,#286,#287));
#1291=EDGE_LOOP('',(#288,#289,#290,#291));
#1292=EDGE_LOOP('',(#292,#293,#294,#295));
#1293=EDGE_LOOP('',(#296,#297,#298,#299));
#1294=EDGE_LOOP('',(#300,#301,#302,#303));
#1295=EDGE_LOOP('',(#304,#305,#306,#307));
#1296=EDGE_LOOP('',(#308,#309,#310,#311));
#1297=EDGE_LOOP('',(#312,#313,#314,#315));
#1298=EDGE_LOOP('',(#316,#317,#318,#319,#320,#321,#322,#323,#324,#325,#326,
#327));
#1299=EDGE_LOOP('',(#328,#329,#330,#331,#332,#333,#334,#335));
#1300=EDGE_LOOP('',(#336,#337,#338,#339));
#1301=EDGE_LOOP('',(#340,#341,#342,#343));
#1302=EDGE_LOOP('',(#344,#345,#346,#347));
#1303=EDGE_LOOP('',(#348,#349,#350,#351));
#1304=EDGE_LOOP('',(#352,#353,#354,#355));
#1305=EDGE_LOOP('',(#356,#357,#358,#359));
#1306=EDGE_LOOP('',(#360,#361,#362,#363));
#1307=EDGE_LOOP('',(#364,#365,#366,#367));
#1308=EDGE_LOOP('',(#368,#369,#370,#371));
#1309=EDGE_LOOP('',(#372,#373,#374,#375));
#1310=EDGE_LOOP('',(#376,#377,#378,#379));
#1311=EDGE_LOOP('',(#380,#381,#382,#383));
#1312=EDGE_LOOP('',(#384,#385,#386,#387));
#1313=EDGE_LOOP('',(#388,#389,#390,#391));
#1314=EDGE_LOOP('',(#392,#393,#394,#395));
#1315=EDGE_LOOP('',(#396,#397,#398,#399));
#1316=EDGE_LOOP('',(#400,#401,#402,#403));
#1317=EDGE_LOOP('',(#404,#405,#406,#407));
#1318=EDGE_LOOP('',(#408,#409,#410,#411));
#1319=EDGE_LOOP('',(#412,#413,#414,#415));
#1320=EDGE_LOOP('',(#416,#417,#418,#419));
#1321=EDGE_LOOP('',(#420,#421,#422,#423));
#1322=EDGE_LOOP('',(#424,#425,#426,#427));
#1323=EDGE_LOOP('',(#428,#429,#430,#431));
#1324=EDGE_LOOP('',(#432,#433,#434,#435));
#1325=EDGE_LOOP('',(#436,#437,#438,#439));
#1326=EDGE_LOOP('',(#440,#441,#442,#443));
#1327=EDGE_LOOP('',(#444,#445,#446,#447));
#1328=EDGE_LOOP('',(#448,#449,#450,#451));
#1329=EDGE_LOOP('',(#452,#453,#454,#455));
#1330=EDGE_LOOP('',(#456,#457,#458,#459));
#1331=EDGE_LOOP('',(#460,#461,#462));
#1332=EDGE_LOOP('',(#463,#464,#465));
#1333=EDGE_LOOP('',(#466,#467,#468,#469));
#1334=EDGE_LOOP('',(#470,#471,#472,#473));
#1335=EDGE_LOOP('',(#474,#475,#476,#477));
#1336=EDGE_LOOP('',(#478,#479,#480,#481));
#1337=EDGE_LOOP('',(#482,#483,#484));
#1338=EDGE_LOOP('',(#485,#486,#487));
#1339=EDGE_LOOP('',(#488,#489,#490,#491));
#1340=EDGE_LOOP('',(#492,#493,#494,#495));
#1341=EDGE_LOOP('',(#496,#497,#498,#499));
#1342=EDGE_LOOP('',(#500,#501,#502,#503));
#1343=EDGE_LOOP('',(#504,#505,#506));
#1344=EDGE_LOOP('',(#507,#508,#509));
#1345=EDGE_LOOP('',(#510,#511,#512,#513));
#1346=EDGE_LOOP('',(#514,#515,#516,#517));
#1347=EDGE_LOOP('',(#518,#519,#520,#521));
#1348=EDGE_LOOP('',(#522,#523,#524,#525));
#1349=EDGE_LOOP('',(#526,#527,#528));
#1350=EDGE_LOOP('',(#529,#530,#531));
#1351=EDGE_LOOP('',(#532,#533,#534,#535));
#1352=FACE_BOUND('',#1248,.T.);
#1353=FACE_BOUND('',#1249,.T.);
#1354=FACE_BOUND('',#1250,.T.);
#1355=FACE_BOUND('',#1251,.T.);
#1356=FACE_BOUND('',#1252,.T.);
#1357=FACE_BOUND('',#1253,.T.);
#1358=FACE_BOUND('',#1254,.T.);
#1359=FACE_BOUND('',#1255,.T.);
#1360=FACE_BOUND('',#1256,.T.);
#1361=FACE_BOUND('',#1257,.T.);
#1362=FACE_BOUND('',#1258,.T.);
#1363=FACE_BOUND('',#1259,.T.);
#1364=FACE_BOUND('',#1260,.T.);
#1365=FACE_BOUND('',#1261,.T.);
#1366=FACE_BOUND('',#1262,.T.);
#1367=FACE_BOUND('',#1263,.T.);
#1368=FACE_BOUND('',#1264,.T.);
#1369=FACE_BOUND('',#1265,.T.);
#1370=FACE_BOUND('',#1266,.T.);
#1371=FACE_BOUND('',#1267,.T.);
#1372=FACE_BOUND('',#1268,.T.);
#1373=FACE_BOUND('',#1269,.T.);
#1374=FACE_BOUND('',#1270,.T.);
#1375=FACE_BOUND('',#1271,.T.);
#1376=FACE_BOUND('',#1272,.T.);
#1377=FACE_BOUND('',#1273,.T.);
#1378=FACE_BOUND('',#1274,.T.);
#1379=FACE_BOUND('',#1275,.T.);
#1380=FACE_BOUND('',#1276,.T.);
#1381=FACE_BOUND('',#1277,.T.);
#1382=FACE_BOUND('',#1278,.T.);
#1383=FACE_BOUND('',#1279,.T.);
#1384=FACE_BOUND('',#1280,.T.);
#1385=FACE_BOUND('',#1281,.T.);
#1386=FACE_BOUND('',#1282,.T.);
#1387=FACE_BOUND('',#1283,.T.);
#1388=FACE_BOUND('',#1284,.T.);
#1389=FACE_BOUND('',#1285,.T.);
#1390=FACE_BOUND('',#1286,.T.);
#1391=FACE_BOUND('',#1287,.T.);
#1392=FACE_BOUND('',#1288,.T.);
#1393=FACE_BOUND('',#1289,.T.);
#1394=FACE_BOUND('',#1290,.T.);
#1395=FACE_BOUND('',#1291,.T.);
#1396=FACE_BOUND('',#1292,.T.);
#1397=FACE_BOUND('',#1293,.T.);
#1398=FACE_BOUND('',#1294,.T.);
#1399=FACE_BOUND('',#1295,.T.);
#1400=FACE_BOUND('',#1296,.T.);
#1401=FACE_BOUND('',#1297,.T.);
#1402=FACE_BOUND('',#1298,.T.);
#1403=FACE_BOUND('',#1299,.T.);
#1404=FACE_BOUND('',#1300,.T.);
#1405=FACE_BOUND('',#1301,.T.);
#1406=FACE_BOUND('',#1302,.T.);
#1407=FACE_BOUND('',#1303,.T.);
#1408=FACE_BOUND('',#1304,.T.);
#1409=FACE_BOUND('',#1305,.T.);
#1410=FACE_BOUND('',#1306,.T.);
#1411=FACE_BOUND('',#1307,.T.);
#1412=FACE_BOUND('',#1308,.T.);
#1413=FACE_BOUND('',#1309,.T.);
#1414=FACE_BOUND('',#1310,.T.);
#1415=FACE_BOUND('',#1311,.T.);
#1416=FACE_BOUND('',#1312,.T.);
#1417=FACE_BOUND('',#1313,.T.);
#1418=FACE_BOUND('',#1314,.T.);
#1419=FACE_BOUND('',#1315,.T.);
#1420=FACE_BOUND('',#1316,.T.);
#1421=FACE_BOUND('',#1317,.T.);
#1422=FACE_BOUND('',#1318,.T.);
#1423=FACE_BOUND('',#1319,.T.);
#1424=FACE_BOUND('',#1320,.T.);
#1425=FACE_BOUND('',#1321,.T.);
#1426=FACE_BOUND('',#1322,.T.);
#1427=FACE_BOUND('',#1323,.T.);
#1428=FACE_BOUND('',#1324,.T.);
#1429=FACE_BOUND('',#1325,.T.);
#1430=FACE_BOUND('',#1326,.T.);
#1431=FACE_BOUND('',#1327,.T.);
#1432=FACE_BOUND('',#1328,.T.);
#1433=FACE_BOUND('',#1329,.T.);
#1434=FACE_BOUND('',#1330,.T.);
#1435=FACE_BOUND('',#1331,.T.);
#1436=FACE_BOUND('',#1332,.T.);
#1437=FACE_BOUND('',#1333,.T.);
#1438=FACE_BOUND('',#1334,.T.);
#1439=FACE_BOUND('',#1335,.T.);
#1440=FACE_BOUND('',#1336,.T.);
#1441=FACE_BOUND('',#1337,.T.);
#1442=FACE_BOUND('',#1338,.T.);
#1443=FACE_BOUND('',#1339,.T.);
#1444=FACE_BOUND('',#1340,.T.);
#1445=FACE_BOUND('',#1341,.T.);
#1446=FACE_BOUND('',#1342,.T.);
#1447=FACE_BOUND('',#1343,.T.);
#1448=FACE_BOUND('',#1344,.T.);
#1449=FACE_BOUND('',#1345,.T.);
#1450=FACE_BOUND('',#1346,.T.);
#1451=FACE_BOUND('',#1347,.T.);
#1452=FACE_BOUND('',#1348,.T.);
#1453=FACE_BOUND('',#1349,.T.);
#1454=FACE_BOUND('',#1350,.T.);
#1455=FACE_BOUND('',#1351,.T.);
#1456=PLANE('',#1625);
#1457=PLANE('',#1628);
#1458=PLANE('',#1630);
#1459=PLANE('',#1632);
#1460=PLANE('',#1635);
#1461=PLANE('',#1644);
#1462=PLANE('',#1645);
#1463=PLANE('',#1646);
#1464=PLANE('',#1647);
#1465=PLANE('',#1648);
#1466=PLANE('',#1650);
#1467=PLANE('',#1651);
#1468=PLANE('',#1653);
#1469=PLANE('',#1657);
#1470=PLANE('',#1661);
#1471=PLANE('',#1665);
#1472=PLANE('',#1669);
#1473=PLANE('',#1670);
#1474=PLANE('',#1675);
#1475=PLANE('',#1681);
#1476=PLANE('',#1683);
#1477=PLANE('',#1685);
#1478=PLANE('',#1687);
#1479=PLANE('',#1688);
#1480=PLANE('',#1691);
#1481=PLANE('',#1694);
#1482=PLANE('',#1697);
#1483=PLANE('',#1700);
#1484=PLANE('',#1721);
#1485=PLANE('',#1724);
#1486=PLANE('',#1725);
#1487=PLANE('',#1728);
#1488=PLANE('',#1729);
#1489=PLANE('',#1731);
#1490=PLANE('',#1732);
#1491=PLANE('',#1734);
#1492=PLANE('',#1735);
#1493=PLANE('',#1736);
#1494=PLANE('',#1739);
#1495=PLANE('',#1740);
#1496=PLANE('',#1741);
#1497=PLANE('',#1742);
#1498=PLANE('',#1743);
#1499=PLANE('',#1744);
#1500=PLANE('',#1745);
#1501=PLANE('',#1746);
#1502=PLANE('',#1747);
#1503=PLANE('',#1748);
#1504=PLANE('',#1749);
#1505=PLANE('',#1750);
#1506=PLANE('',#1751);
#1507=PLANE('',#1752);
#1508=PLANE('',#1753);
#1509=PLANE('',#1754);
#1510=PLANE('',#1755);
#1511=PLANE('',#1756);
#1512=PLANE('',#1757);
#1513=PLANE('',#1758);
#1514=PLANE('',#1759);
#1515=PLANE('',#1760);
#1516=PLANE('',#1761);
#1517=PLANE('',#1762);
#1518=PLANE('',#1763);
#1519=PLANE('',#1764);
#1520=ADVANCED_FACE('',(#1352,#1353,#1354),#1456,.T.);
#1521=ADVANCED_FACE('',(#1355,#1356),#1457,.F.);
#1522=ADVANCED_FACE('',(#1357,#1358),#1458,.T.);
#1523=ADVANCED_FACE('',(#1359,#1360,#1361),#1459,.T.);
#1524=ADVANCED_FACE('',(#1362,#1363),#1460,.F.);
#1525=ADVANCED_FACE('',(#1364),#1461,.F.);
#1526=ADVANCED_FACE('',(#1365),#1462,.T.);
#1527=ADVANCED_FACE('',(#1366),#1463,.T.);
#1528=ADVANCED_FACE('',(#1367),#1464,.F.);
#1529=ADVANCED_FACE('',(#1368,#1369),#1465,.F.);
#1530=ADVANCED_FACE('',(#1370),#1466,.F.);
#1531=ADVANCED_FACE('',(#1371,#1372),#1467,.T.);
#1532=ADVANCED_FACE('',(#1373),#1468,.F.);
#1533=ADVANCED_FACE('',(#1374),#24,.F.);
#1534=ADVANCED_FACE('',(#1375),#1469,.F.);
#1535=ADVANCED_FACE('',(#1376),#25,.F.);
#1536=ADVANCED_FACE('',(#1377),#1470,.F.);
#1537=ADVANCED_FACE('',(#1378),#26,.F.);
#1538=ADVANCED_FACE('',(#1379),#1471,.F.);
#1539=ADVANCED_FACE('',(#1380),#27,.F.);
#1540=ADVANCED_FACE('',(#1381),#1472,.T.);
#1541=ADVANCED_FACE('',(#1382,#1383),#1473,.T.);
#1542=ADVANCED_FACE('',(#1384,#1385),#1474,.F.);
#1543=ADVANCED_FACE('',(#1386),#28,.F.);
#1544=ADVANCED_FACE('',(#1387),#1475,.T.);
#1545=ADVANCED_FACE('',(#1388),#29,.F.);
#1546=ADVANCED_FACE('',(#1389),#1476,.T.);
#1547=ADVANCED_FACE('',(#1390),#30,.F.);
#1548=ADVANCED_FACE('',(#1391),#1477,.T.);
#1549=ADVANCED_FACE('',(#1392),#31,.F.);
#1550=ADVANCED_FACE('',(#1393),#1478,.T.);
#1551=ADVANCED_FACE('',(#1394),#1479,.T.);
#1552=ADVANCED_FACE('',(#1395),#16,.F.);
#1553=ADVANCED_FACE('',(#1396),#1480,.T.);
#1554=ADVANCED_FACE('',(#1397),#17,.F.);
#1555=ADVANCED_FACE('',(#1398),#1481,.T.);
#1556=ADVANCED_FACE('',(#1399),#18,.F.);
#1557=ADVANCED_FACE('',(#1400),#1482,.T.);
#1558=ADVANCED_FACE('',(#1401),#19,.F.);
#1559=ADVANCED_FACE('',(#1402,#1403),#1483,.F.);
#1560=ADVANCED_FACE('',(#1404),#12,.T.);
#1561=ADVANCED_FACE('',(#1405),#32,.T.);
#1562=ADVANCED_FACE('',(#1406),#33,.T.);
#1563=ADVANCED_FACE('',(#1407),#13,.T.);
#1564=ADVANCED_FACE('',(#1408),#14,.T.);
#1565=ADVANCED_FACE('',(#1409),#34,.T.);
#1566=ADVANCED_FACE('',(#1410),#35,.T.);
#1567=ADVANCED_FACE('',(#1411),#15,.T.);
#1568=ADVANCED_FACE('',(#1412),#1484,.T.);
#1569=ADVANCED_FACE('',(#1413),#20,.F.);
#1570=ADVANCED_FACE('',(#1414),#21,.F.);
#1571=ADVANCED_FACE('',(#1415),#1485,.T.);
#1572=ADVANCED_FACE('',(#1416),#1486,.T.);
#1573=ADVANCED_FACE('',(#1417),#22,.F.);
#1574=ADVANCED_FACE('',(#1418),#23,.F.);
#1575=ADVANCED_FACE('',(#1419),#1487,.T.);
#1576=ADVANCED_FACE('',(#1420),#1488,.F.);
#1577=ADVANCED_FACE('',(#1421),#36,.F.);
#1578=ADVANCED_FACE('',(#1422),#1489,.F.);
#1579=ADVANCED_FACE('',(#1423),#1490,.F.);
#1580=ADVANCED_FACE('',(#1424),#37,.F.);
#1581=ADVANCED_FACE('',(#1425),#1491,.F.);
#1582=ADVANCED_FACE('',(#1426),#1492,.F.);
#1583=ADVANCED_FACE('',(#1427),#1493,.F.);
#1584=ADVANCED_FACE('',(#1428),#38,.F.);
#1585=ADVANCED_FACE('',(#1429),#39,.F.);
#1586=ADVANCED_FACE('',(#1430),#1494,.F.);
#1587=ADVANCED_FACE('',(#1431),#1495,.F.);
#1588=ADVANCED_FACE('',(#1432),#1496,.F.);
#1589=ADVANCED_FACE('',(#1433),#1497,.T.);
#1590=ADVANCED_FACE('',(#1434),#1498,.F.);
#1591=ADVANCED_FACE('',(#1435),#1499,.T.);
#1592=ADVANCED_FACE('',(#1436),#1500,.T.);
#1593=ADVANCED_FACE('',(#1437),#1501,.F.);
#1594=ADVANCED_FACE('',(#1438),#1502,.T.);
#1595=ADVANCED_FACE('',(#1439),#1503,.F.);
#1596=ADVANCED_FACE('',(#1440),#1504,.T.);
#1597=ADVANCED_FACE('',(#1441),#1505,.T.);
#1598=ADVANCED_FACE('',(#1442),#1506,.T.);
#1599=ADVANCED_FACE('',(#1443),#1507,.T.);
#1600=ADVANCED_FACE('',(#1444),#1508,.T.);
#1601=ADVANCED_FACE('',(#1445),#1509,.T.);
#1602=ADVANCED_FACE('',(#1446),#1510,.F.);
#1603=ADVANCED_FACE('',(#1447),#1511,.T.);
#1604=ADVANCED_FACE('',(#1448),#1512,.T.);
#1605=ADVANCED_FACE('',(#1449),#1513,.F.);
#1606=ADVANCED_FACE('',(#1450),#1514,.F.);
#1607=ADVANCED_FACE('',(#1451),#1515,.T.);
#1608=ADVANCED_FACE('',(#1452),#1516,.T.);
#1609=ADVANCED_FACE('',(#1453),#1517,.T.);
#1610=ADVANCED_FACE('',(#1454),#1518,.T.);
#1611=ADVANCED_FACE('',(#1455),#1519,.F.);
#1612=CLOSED_SHELL('',(#1520,#1521,#1522,#1523,#1524,#1525,#1526,#1527,
#1528,#1529,#1530,#1531,#1532,#1533,#1534,#1535,#1536,#1537,#1538,#1539,
#1540,#1541,#1542,#1543,#1544,#1545,#1546,#1547,#1548,#1549,#1550,#1551,
#1552,#1553,#1554,#1555,#1556,#1557,#1558,#1559,#1560,#1561,#1562,#1563,
#1564,#1565,#1566,#1567,#1568,#1569,#1570,#1571,#1572,#1573,#1574,#1575,
#1576,#1577,#1578,#1579,#1580,#1581,#1582,#1583,#1584,#1585,#1586,#1587,
#1588,#1589,#1590,#1591,#1592,#1593,#1594,#1595,#1596,#1597,#1598,#1599,
#1600,#1601,#1602,#1603,#1604,#1605,#1606,#1607,#1608,#1609,#1610,#1611));
#1613=STYLED_ITEM('',(#1614),#1621);
#1614=PRESENTATION_STYLE_ASSIGNMENT((#1615));
#1615=SURFACE_STYLE_USAGE(.BOTH.,#1616);
#1616=SURFACE_SIDE_STYLE('',(#1617));
#1617=SURFACE_STYLE_FILL_AREA(#1618);
#1618=FILL_AREA_STYLE('',(#1619));
#1619=FILL_AREA_STYLE_COLOUR('',#1620);
#1620=COLOUR_RGB('',0.647058823529412,0.647058823529412,0.647058823529412);
#1621=MANIFOLD_SOLID_BREP('Part 1',#1612);
#1622=SHAPE_DEFINITION_REPRESENTATION(#2682,#1623);
#1623=SHAPE_REPRESENTATION('Part 1',(#1624),#2677);
#1624=AXIS2_PLACEMENT_3D('',#2223,#1765,#1766);
#1625=AXIS2_PLACEMENT_3D('',#2224,#1767,#1768);
#1626=AXIS2_PLACEMENT_3D('',#2236,#1774,#1775);
#1627=AXIS2_PLACEMENT_3D('',#2242,#1778,#1779);
#1628=AXIS2_PLACEMENT_3D('',#2245,#1781,#1782);
#1629=AXIS2_PLACEMENT_3D('',#2258,#1789,#1790);
#1630=AXIS2_PLACEMENT_3D('',#2264,#1793,#1794);
#1631=AXIS2_PLACEMENT_3D('',#2280,#1802,#1803);
#1632=AXIS2_PLACEMENT_3D('',#2283,#1805,#1806);
#1633=AXIS2_PLACEMENT_3D('',#2297,#1813,#1814);
#1634=AXIS2_PLACEMENT_3D('',#2301,#1816,#1817);
#1635=AXIS2_PLACEMENT_3D('',#2304,#1819,#1820);
#1636=AXIS2_PLACEMENT_3D('',#2305,#1821,#1822);
#1637=AXIS2_PLACEMENT_3D('',#2310,#1824,#1825);
#1638=AXIS2_PLACEMENT_3D('',#2314,#1827,#1828);
#1639=AXIS2_PLACEMENT_3D('',#2318,#1830,#1831);
#1640=AXIS2_PLACEMENT_3D('',#2321,#1833,#1834);
#1641=AXIS2_PLACEMENT_3D('',#2326,#1836,#1837);
#1642=AXIS2_PLACEMENT_3D('',#2330,#1839,#1840);
#1643=AXIS2_PLACEMENT_3D('',#2334,#1842,#1843);
#1644=AXIS2_PLACEMENT_3D('',#2337,#1845,#1846);
#1645=AXIS2_PLACEMENT_3D('',#2343,#1850,#1851);
#1646=AXIS2_PLACEMENT_3D('',#2346,#1854,#1855);
#1647=AXIS2_PLACEMENT_3D('',#2352,#1859,#1860);
#1648=AXIS2_PLACEMENT_3D('',#2361,#1865,#1866);
#1649=AXIS2_PLACEMENT_3D('',#2367,#1869,#1870);
#1650=AXIS2_PLACEMENT_3D('',#2377,#1876,#1877);
#1651=AXIS2_PLACEMENT_3D('',#2383,#1881,#1882);
#1652=AXIS2_PLACEMENT_3D('',#2389,#1885,#1886);
#1653=AXIS2_PLACEMENT_3D('',#2399,#1892,#1893);
#1654=AXIS2_PLACEMENT_3D('',#2408,#1898,#1899);
#1655=AXIS2_PLACEMENT_3D('',#2412,#1901,#1902);
#1656=AXIS2_PLACEMENT_3D('',#2413,#1903,#1904);
#1657=AXIS2_PLACEMENT_3D('',#2414,#1905,#1906);
#1658=AXIS2_PLACEMENT_3D('',#2420,#1910,#1911);
#1659=AXIS2_PLACEMENT_3D('',#2424,#1913,#1914);
#1660=AXIS2_PLACEMENT_3D('',#2425,#1915,#1916);
#1661=AXIS2_PLACEMENT_3D('',#2426,#1917,#1918);
#1662=AXIS2_PLACEMENT_3D('',#2432,#1922,#1923);
#1663=AXIS2_PLACEMENT_3D('',#2436,#1925,#1926);
#1664=AXIS2_PLACEMENT_3D('',#2437,#1927,#1928);
#1665=AXIS2_PLACEMENT_3D('',#2438,#1929,#1930);
#1666=AXIS2_PLACEMENT_3D('',#2444,#1934,#1935);
#1667=AXIS2_PLACEMENT_3D('',#2445,#1936,#1937);
#1668=AXIS2_PLACEMENT_3D('',#2446,#1938,#1939);
#1669=AXIS2_PLACEMENT_3D('',#2447,#1940,#1941);
#1670=AXIS2_PLACEMENT_3D('',#2453,#1945,#1946);
#1671=AXIS2_PLACEMENT_3D('',#2464,#1953,#1954);
#1672=AXIS2_PLACEMENT_3D('',#2469,#1956,#1957);
#1673=AXIS2_PLACEMENT_3D('',#2473,#1959,#1960);
#1674=AXIS2_PLACEMENT_3D('',#2477,#1962,#1963);
#1675=AXIS2_PLACEMENT_3D('',#2480,#1965,#1966);
#1676=AXIS2_PLACEMENT_3D('',#2481,#1967,#1968);
#1677=AXIS2_PLACEMENT_3D('',#2486,#1970,#1971);
#1678=AXIS2_PLACEMENT_3D('',#2490,#1973,#1974);
#1679=AXIS2_PLACEMENT_3D('',#2494,#1976,#1977);
#1680=AXIS2_PLACEMENT_3D('',#2497,#1979,#1980);
#1681=AXIS2_PLACEMENT_3D('',#2500,#1983,#1984);
#1682=AXIS2_PLACEMENT_3D('',#2502,#1986,#1987);
#1683=AXIS2_PLACEMENT_3D('',#2504,#1989,#1990);
#1684=AXIS2_PLACEMENT_3D('',#2506,#1992,#1993);
#1685=AXIS2_PLACEMENT_3D('',#2508,#1995,#1996);
#1686=AXIS2_PLACEMENT_3D('',#2510,#1998,#1999);
#1687=AXIS2_PLACEMENT_3D('',#2512,#2001,#2002);
#1688=AXIS2_PLACEMENT_3D('',#2513,#2003,#2004);
#1689=AXIS2_PLACEMENT_3D('',#2519,#2008,#2009);
#1690=AXIS2_PLACEMENT_3D('',#2520,#2010,#2011);
#1691=AXIS2_PLACEMENT_3D('',#2523,#2013,#2014);
#1692=AXIS2_PLACEMENT_3D('',#2527,#2017,#2018);
#1693=AXIS2_PLACEMENT_3D('',#2528,#2019,#2020);
#1694=AXIS2_PLACEMENT_3D('',#2531,#2022,#2023);
#1695=AXIS2_PLACEMENT_3D('',#2535,#2026,#2027);
#1696=AXIS2_PLACEMENT_3D('',#2536,#2028,#2029);
#1697=AXIS2_PLACEMENT_3D('',#2539,#2031,#2032);
#1698=AXIS2_PLACEMENT_3D('',#2543,#2035,#2036);
#1699=AXIS2_PLACEMENT_3D('',#2544,#2037,#2038);
#1700=AXIS2_PLACEMENT_3D('',#2545,#2039,#2040);
#1701=AXIS2_PLACEMENT_3D('',#2559,#2048,#2049);
#1702=AXIS2_PLACEMENT_3D('',#2563,#2051,#2052);
#1703=AXIS2_PLACEMENT_3D('',#2567,#2054,#2055);
#1704=AXIS2_PLACEMENT_3D('',#2571,#2057,#2058);
#1705=AXIS2_PLACEMENT_3D('',#2572,#2059,#2060);
#1706=AXIS2_PLACEMENT_3D('',#2573,#2061,#2062);
#1707=AXIS2_PLACEMENT_3D('',#2574,#2063,#2064);
#1708=AXIS2_PLACEMENT_3D('',#2575,#2065,#2066);
#1709=AXIS2_PLACEMENT_3D('',#2576,#2067,#2068);
#1710=AXIS2_PLACEMENT_3D('',#2577,#2069,#2070);
#1711=AXIS2_PLACEMENT_3D('',#2578,#2071,#2072);
#1712=AXIS2_PLACEMENT_3D('',#2579,#2073,#2074);
#1713=AXIS2_PLACEMENT_3D('',#2580,#2075,#2076);
#1714=AXIS2_PLACEMENT_3D('',#2581,#2077,#2078);
#1715=AXIS2_PLACEMENT_3D('',#2582,#2079,#2080);
#1716=AXIS2_PLACEMENT_3D('',#2583,#2081,#2082);
#1717=AXIS2_PLACEMENT_3D('',#2584,#2083,#2084);
#1718=AXIS2_PLACEMENT_3D('',#2585,#2085,#2086);
#1719=AXIS2_PLACEMENT_3D('',#2586,#2087,#2088);
#1720=AXIS2_PLACEMENT_3D('',#2587,#2089,#2090);
#1721=AXIS2_PLACEMENT_3D('',#2588,#2091,#2092);
#1722=AXIS2_PLACEMENT_3D('',#2591,#2095,#2096);
#1723=AXIS2_PLACEMENT_3D('',#2593,#2098,#2099);
#1724=AXIS2_PLACEMENT_3D('',#2595,#2101,#2102);
#1725=AXIS2_PLACEMENT_3D('',#2597,#2104,#2105);
#1726=AXIS2_PLACEMENT_3D('',#2599,#2107,#2108);
#1727=AXIS2_PLACEMENT_3D('',#2601,#2110,#2111);
#1728=AXIS2_PLACEMENT_3D('',#2603,#2113,#2114);
#1729=AXIS2_PLACEMENT_3D('',#2604,#2115,#2116);
#1730=AXIS2_PLACEMENT_3D('',#2607,#2119,#2120);
#1731=AXIS2_PLACEMENT_3D('',#2609,#2122,#2123);
#1732=AXIS2_PLACEMENT_3D('',#2610,#2124,#2125);
#1733=AXIS2_PLACEMENT_3D('',#2613,#2128,#2129);
#1734=AXIS2_PLACEMENT_3D('',#2615,#2131,#2132);
#1735=AXIS2_PLACEMENT_3D('',#2616,#2133,#2134);
#1736=AXIS2_PLACEMENT_3D('',#2619,#2137,#2138);
#1737=AXIS2_PLACEMENT_3D('',#2621,#2140,#2141);
#1738=AXIS2_PLACEMENT_3D('',#2622,#2142,#2143);
#1739=AXIS2_PLACEMENT_3D('',#2625,#2146,#2147);
#1740=AXIS2_PLACEMENT_3D('',#2627,#2149,#2150);
#1741=AXIS2_PLACEMENT_3D('',#2628,#2151,#2152);
#1742=AXIS2_PLACEMENT_3D('',#2630,#2154,#2155);
#1743=AXIS2_PLACEMENT_3D('',#2632,#2157,#2158);
#1744=AXIS2_PLACEMENT_3D('',#2635,#2161,#2162);
#1745=AXIS2_PLACEMENT_3D('',#2637,#2164,#2165);
#1746=AXIS2_PLACEMENT_3D('',#2639,#2167,#2168);
#1747=AXIS2_PLACEMENT_3D('',#2641,#2170,#2171);
#1748=AXIS2_PLACEMENT_3D('',#2643,#2173,#2174);
#1749=AXIS2_PLACEMENT_3D('',#2645,#2176,#2177);
#1750=AXIS2_PLACEMENT_3D('',#2647,#2179,#2180);
#1751=AXIS2_PLACEMENT_3D('',#2649,#2182,#2183);
#1752=AXIS2_PLACEMENT_3D('',#2651,#2185,#2186);
#1753=AXIS2_PLACEMENT_3D('',#2652,#2187,#2188);
#1754=AXIS2_PLACEMENT_3D('',#2654,#2190,#2191);
#1755=AXIS2_PLACEMENT_3D('',#2657,#2194,#2195);
#1756=AXIS2_PLACEMENT_3D('',#2659,#2197,#2198);
#1757=AXIS2_PLACEMENT_3D('',#2661,#2200,#2201);
#1758=AXIS2_PLACEMENT_3D('',#2663,#2203,#2204);
#1759=AXIS2_PLACEMENT_3D('',#2665,#2206,#2207);
#1760=AXIS2_PLACEMENT_3D('',#2667,#2209,#2210);
#1761=AXIS2_PLACEMENT_3D('',#2669,#2212,#2213);
#1762=AXIS2_PLACEMENT_3D('',#2671,#2215,#2216);
#1763=AXIS2_PLACEMENT_3D('',#2673,#2218,#2219);
#1764=AXIS2_PLACEMENT_3D('',#2675,#2221,#2222);
#1765=DIRECTION('',(0.,0.,1.));
#1766=DIRECTION('',(1.,0.,0.));
#1767=DIRECTION('',(1.,0.,0.));
#1768=DIRECTION('',(0.,0.,-1.));
#1769=DIRECTION('',(0.,0.,-1.));
#1770=DIRECTION('',(0.,1.,0.));
#1771=DIRECTION('',(0.,0.,1.));
#1772=DIRECTION('',(0.,-1.,0.));
#1773=DIRECTION('',(0.,0.554700196225228,-0.832050294337845));
#1774=DIRECTION('',(1.,0.,0.));
#1775=DIRECTION('',(0.,0.,-1.));
#1776=DIRECTION('',(0.,0.55470019622523,0.832050294337843));
#1777=DIRECTION('',(0.,0.554700196225228,-0.832050294337845));
#1778=DIRECTION('',(1.,0.,0.));
#1779=DIRECTION('',(0.,0.,-1.));
#1780=DIRECTION('',(0.,0.554700196225228,0.832050294337844));
#1781=DIRECTION('',(1.,0.,0.));
#1782=DIRECTION('',(0.,0.,-1.));
#1783=DIRECTION('',(0.,0.,-1.));
#1784=DIRECTION('',(0.,0.707106781186548,0.707106781186547));
#1785=DIRECTION('',(0.,-1.,0.));
#1786=DIRECTION('',(0.,0.,-1.));
#1787=DIRECTION('',(0.,-1.,0.));
#1788=DIRECTION('',(0.,0.707106781186548,-0.707106781186547));
#1789=DIRECTION('',(1.,0.,0.));
#1790=DIRECTION('',(0.,0.,-1.));
#1791=DIRECTION('',(0.,0.554700196225228,-0.832050294337845));
#1792=DIRECTION('',(0.,0.554700196225228,0.832050294337844));
#1793=DIRECTION('',(1.,0.,0.));
#1794=DIRECTION('',(0.,0.,-1.));
#1795=DIRECTION('',(0.,-1.,0.));
#1796=DIRECTION('',(0.,0.707106781186548,0.707106781186547));
#1797=DIRECTION('',(0.,0.,-1.));
#1798=DIRECTION('',(0.,0.707106781186548,-0.707106781186547));
#1799=DIRECTION('',(0.,-1.,0.));
#1800=DIRECTION('',(0.,0.,-1.));
#1801=DIRECTION('',(0.,0.554700196225228,-0.832050294337845));
#1802=DIRECTION('',(1.,0.,0.));
#1803=DIRECTION('',(0.,0.,-1.));
#1804=DIRECTION('',(0.,0.554700196225228,0.832050294337844));
#1805=DIRECTION('',(-1.,0.,0.));
#1806=DIRECTION('',(0.,0.,1.));
#1807=DIRECTION('',(0.,0.,-1.));
#1808=DIRECTION('',(0.,-1.,0.));
#1809=DIRECTION('',(0.,0.,1.));
#1810=DIRECTION('',(0.,1.,0.));
#1811=DIRECTION('',(0.,-0.554700196225228,0.832050294337845));
#1812=DIRECTION('',(0.,-0.55470019622523,-0.832050294337843));
#1813=DIRECTION('',(-1.,0.,0.));
#1814=DIRECTION('',(0.,0.,1.));
#1815=DIRECTION('',(0.,-0.554700196225228,-0.832050294337844));
#1816=DIRECTION('',(-1.,0.,0.));
#1817=DIRECTION('',(0.,0.,1.));
#1818=DIRECTION('',(0.,-0.554700196225228,0.832050294337845));
#1819=DIRECTION('',(0.,0.,1.));
#1820=DIRECTION('',(1.,0.,0.));
#1821=DIRECTION('',(0.,0.,1.));
#1822=DIRECTION('',(1.,0.,0.));
#1823=DIRECTION('',(0.,1.,0.));
#1824=DIRECTION('',(0.,0.,1.));
#1825=DIRECTION('',(1.,0.,0.));
#1826=DIRECTION('',(1.,0.,0.));
#1827=DIRECTION('',(0.,0.,1.));
#1828=DIRECTION('',(1.,0.,0.));
#1829=DIRECTION('',(0.,-1.,0.));
#1830=DIRECTION('',(0.,0.,1.));
#1831=DIRECTION('',(1.,0.,0.));
#1832=DIRECTION('',(-1.,0.,0.));
#1833=DIRECTION('',(0.,0.,1.));
#1834=DIRECTION('',(1.,0.,0.));
#1835=DIRECTION('',(0.,-1.,0.));
#1836=DIRECTION('',(0.,0.,1.));
#1837=DIRECTION('',(1.,0.,0.));
#1838=DIRECTION('',(1.,0.,0.));
#1839=DIRECTION('',(0.,0.,1.));
#1840=DIRECTION('',(1.,0.,0.));
#1841=DIRECTION('',(0.,1.,0.));
#1842=DIRECTION('',(0.,0.,1.));
#1843=DIRECTION('',(1.,0.,0.));
#1844=DIRECTION('',(-1.,0.,0.));
#1845=DIRECTION('',(0.,-1.,0.));
#1846=DIRECTION('',(0.,0.,-1.));
#1847=DIRECTION('',(0.,0.,-1.));
#1848=DIRECTION('',(-1.,0.,0.));
#1849=DIRECTION('',(1.,0.,0.));
#1850=DIRECTION('',(0.,1.,0.));
#1851=DIRECTION('',(0.,0.,1.));
#1852=DIRECTION('',(1.,0.,0.));
#1853=DIRECTION('',(1.,0.,0.));
#1854=DIRECTION('',(0.,1.,0.));
#1855=DIRECTION('',(0.,0.,1.));
#1856=DIRECTION('',(-1.,0.,0.));
#1857=DIRECTION('',(0.,0.,1.));
#1858=DIRECTION('',(1.,0.,0.));
#1859=DIRECTION('',(0.,1.,0.));
#1860=DIRECTION('',(0.,0.,1.));
#1861=DIRECTION('',(0.,0.,-1.));
#1862=DIRECTION('',(1.,0.,0.));
#1863=DIRECTION('',(0.,0.,-1.));
#1864=DIRECTION('',(-1.,0.,0.));
#1865=DIRECTION('',(-1.,0.,0.));
#1866=DIRECTION('',(0.,0.,1.));
#1867=DIRECTION('',(0.,-0.55470019622523,-0.832050294337843));
#1868=DIRECTION('',(0.,-0.554700196225228,0.832050294337845));
#1869=DIRECTION('',(-1.,0.,0.));
#1870=DIRECTION('',(0.,0.,1.));
#1871=DIRECTION('',(0.,-0.707106781186548,0.707106781186547));
#1872=DIRECTION('',(0.,1.,0.));
#1873=DIRECTION('',(0.,0.,-1.));
#1874=DIRECTION('',(0.,1.,0.));
#1875=DIRECTION('',(0.,-0.707106781186548,-0.707106781186547));
#1876=DIRECTION('',(0.,1.,0.));
#1877=DIRECTION('',(0.,0.,1.));
#1878=DIRECTION('',(1.,0.,0.));
#1879=DIRECTION('',(0.,0.,-1.));
#1880=DIRECTION('',(1.,0.,0.));
#1881=DIRECTION('',(-1.,0.,0.));
#1882=DIRECTION('',(0.,0.,1.));
#1883=DIRECTION('',(0.,-0.554700196225228,0.832050294337845));
#1884=DIRECTION('',(0.,-0.55470019622523,-0.832050294337843));
#1885=DIRECTION('',(-1.,0.,0.));
#1886=DIRECTION('',(0.,0.,1.));
#1887=DIRECTION('',(0.,1.,0.));
#1888=DIRECTION('',(0.,-0.707106781186548,0.707106781186547));
#1889=DIRECTION('',(0.,0.,-1.));
#1890=DIRECTION('',(0.,-0.707106781186548,-0.707106781186547));
#1891=DIRECTION('',(0.,1.,0.));
#1892=DIRECTION('',(-1.,0.,0.));
#1893=DIRECTION('',(0.,0.,1.));
#1894=DIRECTION('',(0.,0.,-1.));
#1895=DIRECTION('',(0.,-1.,0.));
#1896=DIRECTION('',(0.,0.,-1.));
#1897=DIRECTION('',(0.,1.,0.));
#1898=DIRECTION('',(0.,0.,-1.));
#1899=DIRECTION('',(-1.,0.,0.));
#1900=DIRECTION('',(0.,0.,-1.));
#1901=DIRECTION('',(0.,0.,1.));
#1902=DIRECTION('',(1.,0.,0.));
#1903=DIRECTION('',(0.,0.,1.));
#1904=DIRECTION('',(1.,0.,0.));
#1905=DIRECTION('',(0.,1.,0.));
#1906=DIRECTION('',(0.,0.,1.));
#1907=DIRECTION('',(0.,0.,-1.));
#1908=DIRECTION('',(-1.,0.,0.));
#1909=DIRECTION('',(1.,0.,0.));
#1910=DIRECTION('',(0.,0.,-1.));
#1911=DIRECTION('',(-1.,0.,0.));
#1912=DIRECTION('',(0.,0.,-1.));
#1913=DIRECTION('',(0.,0.,1.));
#1914=DIRECTION('',(1.,0.,0.));
#1915=DIRECTION('',(0.,0.,1.));
#1916=DIRECTION('',(1.,0.,0.));
#1917=DIRECTION('',(1.,0.,0.));
#1918=DIRECTION('',(0.,0.,-1.));
#1919=DIRECTION('',(0.,0.,-1.));
#1920=DIRECTION('',(0.,1.,0.));
#1921=DIRECTION('',(0.,-1.,0.));
#1922=DIRECTION('',(0.,0.,-1.));
#1923=DIRECTION('',(-1.,0.,0.));
#1924=DIRECTION('',(0.,0.,-1.));
#1925=DIRECTION('',(0.,0.,1.));
#1926=DIRECTION('',(1.,0.,0.));
#1927=DIRECTION('',(0.,0.,1.));
#1928=DIRECTION('',(1.,0.,0.));
#1929=DIRECTION('',(0.,-1.,0.));
#1930=DIRECTION('',(0.,0.,-1.));
#1931=DIRECTION('',(0.,0.,-1.));
#1932=DIRECTION('',(1.,0.,0.));
#1933=DIRECTION('',(-1.,0.,0.));
#1934=DIRECTION('',(0.,0.,-1.));
#1935=DIRECTION('',(-1.,0.,0.));
#1936=DIRECTION('',(0.,0.,1.));
#1937=DIRECTION('',(1.,0.,0.));
#1938=DIRECTION('',(0.,0.,1.));
#1939=DIRECTION('',(1.,0.,0.));
#1940=DIRECTION('',(0.,-1.,0.));
#1941=DIRECTION('',(0.,0.,-1.));
#1942=DIRECTION('',(1.,0.,0.));
#1943=DIRECTION('',(0.,0.,1.));
#1944=DIRECTION('',(-1.,0.,0.));
#1945=DIRECTION('',(0.,0.,1.));
#1946=DIRECTION('',(1.,0.,0.));
#1947=DIRECTION('',(1.,0.,0.));
#1948=DIRECTION('',(0.,1.,0.));
#1949=DIRECTION('',(-1.,0.,0.));
#1950=DIRECTION('',(-1.,0.,0.));
#1951=DIRECTION('',(0.,-1.,0.));
#1952=DIRECTION('',(1.,0.,0.));
#1953=DIRECTION('',(0.,0.,1.));
#1954=DIRECTION('',(1.,0.,0.));
#1955=DIRECTION('',(-1.,0.,0.));
#1956=DIRECTION('',(0.,0.,1.));
#1957=DIRECTION('',(1.,0.,0.));
#1958=DIRECTION('',(0.,1.,0.));
#1959=DIRECTION('',(0.,0.,1.));
#1960=DIRECTION('',(1.,0.,0.));
#1961=DIRECTION('',(1.,0.,0.));
#1962=DIRECTION('',(0.,0.,1.));
#1963=DIRECTION('',(1.,0.,0.));
#1964=DIRECTION('',(0.,-1.,0.));
#1965=DIRECTION('',(0.,0.,1.));
#1966=DIRECTION('',(1.,0.,0.));
#1967=DIRECTION('',(0.,0.,1.));
#1968=DIRECTION('',(1.,0.,0.));
#1969=DIRECTION('',(-1.,0.,0.));
#1970=DIRECTION('',(0.,0.,1.));
#1971=DIRECTION('',(1.,0.,0.));
#1972=DIRECTION('',(0.,1.,0.));
#1973=DIRECTION('',(0.,0.,1.));
#1974=DIRECTION('',(1.,0.,0.));
#1975=DIRECTION('',(1.,0.,0.));
#1976=DIRECTION('',(0.,0.,1.));
#1977=DIRECTION('',(1.,0.,0.));
#1978=DIRECTION('',(0.,-1.,0.));
#1979=DIRECTION('',(0.,0.,-1.));
#1980=DIRECTION('',(-1.,0.,0.));
#1981=DIRECTION('',(0.,0.,-1.));
#1982=DIRECTION('',(0.,0.,-1.));
#1983=DIRECTION('',(1.,0.,0.));
#1984=DIRECTION('',(0.,0.,-1.));
#1985=DIRECTION('',(0.,0.,-1.));
#1986=DIRECTION('',(0.,0.,-1.));
#1987=DIRECTION('',(-1.,0.,0.));
#1988=DIRECTION('',(0.,0.,-1.));
#1989=DIRECTION('',(0.,1.,0.));
#1990=DIRECTION('',(0.,0.,1.));
#1991=DIRECTION('',(0.,0.,-1.));
#1992=DIRECTION('',(0.,0.,-1.));
#1993=DIRECTION('',(-1.,0.,0.));
#1994=DIRECTION('',(0.,0.,-1.));
#1995=DIRECTION('',(-1.,0.,0.));
#1996=DIRECTION('',(0.,0.,1.));
#1997=DIRECTION('',(0.,0.,-1.));
#1998=DIRECTION('',(0.,0.,-1.));
#1999=DIRECTION('',(-1.,0.,0.));
#2000=DIRECTION('',(0.,0.,-1.));
#2001=DIRECTION('',(0.,-1.,0.));
#2002=DIRECTION('',(0.,0.,-1.));
#2003=DIRECTION('',(0.998629534754574,0.,0.0523359562429438));
#2004=DIRECTION('',(-0.0523359562429438,0.,0.998629534754574));
#2005=DIRECTION('',(0.0523359562429438,-7.5657009943608E-18,-0.998629534754574));
#2006=DIRECTION('',(0.,1.,0.));
#2007=DIRECTION('',(0.0523359562429438,0.,-0.998629534754574));
#2008=DIRECTION('',(0.,0.,1.));
#2009=DIRECTION('',(1.,0.,0.));
#2010=DIRECTION('',(0.,0.,-1.));
#2011=DIRECTION('',(-1.,0.,0.));
#2012=DIRECTION('',(5.6742757457706E-17,-0.0523359562429438,-0.998629534754574));
#2013=DIRECTION('',(0.,-0.998629534754574,0.0523359562429438));
#2014=DIRECTION('',(0.,0.0523359562429438,0.998629534754574));
#2015=DIRECTION('',(1.,0.,0.));
#2016=DIRECTION('',(0.,-0.0523359562429438,-0.998629534754574));
#2017=DIRECTION('',(0.,0.,1.));
#2018=DIRECTION('',(1.,0.,0.));
#2019=DIRECTION('',(0.,0.,-1.));
#2020=DIRECTION('',(-1.,0.,0.));
#2021=DIRECTION('',(-0.0523359562429438,0.,-0.998629534754574));
#2022=DIRECTION('',(-0.998629534754574,0.,0.0523359562429438));
#2023=DIRECTION('',(0.0523359562429438,0.,0.998629534754574));
#2024=DIRECTION('',(0.,1.,0.));
#2025=DIRECTION('',(-0.0523359562429438,0.,-0.998629534754574));
#2026=DIRECTION('',(0.,0.,1.));
#2027=DIRECTION('',(1.,0.,0.));
#2028=DIRECTION('',(0.,0.,-1.));
#2029=DIRECTION('',(-1.,0.,0.));
#2030=DIRECTION('',(0.,0.0523359562429438,-0.998629534754574));
#2031=DIRECTION('',(0.,0.998629534754574,0.0523359562429438));
#2032=DIRECTION('',(0.,-0.0523359562429438,0.998629534754574));
#2033=DIRECTION('',(1.,0.,0.));
#2034=DIRECTION('',(0.,0.0523359562429438,-0.998629534754574));
#2035=DIRECTION('',(0.,0.,1.));
#2036=DIRECTION('',(1.,0.,0.));
#2037=DIRECTION('',(0.,0.,-1.));
#2038=DIRECTION('',(-1.,0.,0.));
#2039=DIRECTION('',(0.,0.,1.));
#2040=DIRECTION('',(1.,0.,0.));
#2041=DIRECTION('',(0.,-1.,0.));
#2042=DIRECTION('',(-1.,0.,0.));
#2043=DIRECTION('',(-1.,0.,0.));
#2044=DIRECTION('',(0.,1.,0.));
#2045=DIRECTION('',(1.,0.,0.));
#2046=DIRECTION('',(1.,0.,0.));
#2047=DIRECTION('',(0.,1.,0.));
#2048=DIRECTION('',(0.,0.,1.));
#2049=DIRECTION('',(1.,0.,0.));
#2050=DIRECTION('',(-1.,0.,0.));
#2051=DIRECTION('',(0.,0.,1.));
#2052=DIRECTION('',(1.,0.,0.));
#2053=DIRECTION('',(0.,-1.,0.));
#2054=DIRECTION('',(0.,0.,1.));
#2055=DIRECTION('',(1.,0.,0.));
#2056=DIRECTION('',(1.,0.,0.));
#2057=DIRECTION('',(0.,0.,1.));
#2058=DIRECTION('',(1.,0.,0.));
#2059=DIRECTION('',(0.,0.,1.));
#2060=DIRECTION('',(1.,0.,0.));
#2061=DIRECTION('',(0.,-1.,0.));
#2062=DIRECTION('',(0.,0.,-1.));
#2063=DIRECTION('',(-1.,0.,0.));
#2064=DIRECTION('',(0.,0.,1.));
#2065=DIRECTION('',(-1.,0.,0.));
#2066=DIRECTION('',(0.,0.,1.));
#2067=DIRECTION('',(-1.,-8.68552058398281E-16,0.));
#2068=DIRECTION('',(8.68552058398281E-16,-1.,0.));
#2069=DIRECTION('',(0.,-1.,0.));
#2070=DIRECTION('',(0.,0.,-1.));
#2071=DIRECTION('',(0.,-1.,0.));
#2072=DIRECTION('',(0.,0.,-1.));
#2073=DIRECTION('',(0.,0.,1.));
#2074=DIRECTION('',(1.,0.,0.));
#2075=DIRECTION('',(0.,-1.,0.));
#2076=DIRECTION('',(0.,0.,-1.));
#2077=DIRECTION('',(0.,0.,1.));
#2078=DIRECTION('',(1.,0.,0.));
#2079=DIRECTION('',(-1.,0.,0.));
#2080=DIRECTION('',(0.,0.,1.));
#2081=DIRECTION('',(0.,-1.,0.));
#2082=DIRECTION('',(0.,0.,-1.));
#2083=DIRECTION('',(0.,-1.,0.));
#2084=DIRECTION('',(0.,0.,-1.));
#2085=DIRECTION('',(-1.,0.,0.));
#2086=DIRECTION('',(0.,0.,1.));
#2087=DIRECTION('',(-1.,4.54565025230513E-17,-8.67361737988404E-16));
#2088=DIRECTION('',(-8.67361737988404E-16,0.,1.));
#2089=DIRECTION('',(0.,0.,1.));
#2090=DIRECTION('',(1.,0.,0.));
#2091=DIRECTION('',(0.,-0.707106781186547,0.707106781186548));
#2092=DIRECTION('',(-1.,0.,0.));
#2093=DIRECTION('',(1.61582506947163E-17,0.707106781186548,0.707106781186547));
#2094=DIRECTION('',(0.,-0.707106781186548,-0.707106781186547));
#2095=DIRECTION('',(0.,0.,1.));
#2096=DIRECTION('',(1.,0.,0.));
#2097=DIRECTION('',(-0.707106781186548,0.,-0.707106781186547));
#2098=DIRECTION('',(0.,0.,1.));
#2099=DIRECTION('',(1.,0.,0.));
#2100=DIRECTION('',(-0.707106781186547,0.,0.707106781186548));
#2101=DIRECTION('',(-0.707106781186547,0.,0.707106781186548));
#2102=DIRECTION('',(0.,1.,0.));
#2103=DIRECTION('',(-0.707106781186548,0.,-0.707106781186547));
#2104=DIRECTION('',(0.707106781186548,0.,0.707106781186547));
#2105=DIRECTION('',(0.,-1.,0.));
#2106=DIRECTION('',(-0.707106781186547,-2.97161694112431E-17,0.707106781186548));
#2107=DIRECTION('',(0.,0.,1.));
#2108=DIRECTION('',(1.,0.,0.));
#2109=DIRECTION('',(0.,0.707106781186548,-0.707106781186548));
#2110=DIRECTION('',(0.,0.,1.));
#2111=DIRECTION('',(1.,0.,0.));
#2112=DIRECTION('',(-9.29714444213583E-32,-0.707106781186548,0.707106781186548));
#2113=DIRECTION('',(0.,0.707106781186548,0.707106781186547));
#2114=DIRECTION('',(1.,0.,0.));
#2115=DIRECTION('',(0.,0.832050294337843,-0.55470019622523));
#2116=DIRECTION('',(0.,0.55470019622523,0.832050294337843));
#2117=DIRECTION('',(-1.,0.,0.));
#2118=DIRECTION('',(-1.,0.,0.));
#2119=DIRECTION('',(-1.,0.,0.));
#2120=DIRECTION('',(0.,0.,1.));
#2121=DIRECTION('',(-1.,0.,0.));
#2122=DIRECTION('',(0.,-0.832050294337845,-0.554700196225228));
#2123=DIRECTION('',(0.,0.554700196225228,-0.832050294337845));
#2124=DIRECTION('',(0.,-0.832050294337845,-0.554700196225228));
#2125=DIRECTION('',(0.,0.554700196225228,-0.832050294337845));
#2126=DIRECTION('',(-1.,0.,0.));
#2127=DIRECTION('',(-1.,0.,0.));
#2128=DIRECTION('',(-1.,0.,0.));
#2129=DIRECTION('',(0.,0.,1.));
#2130=DIRECTION('',(-1.,0.,0.));
#2131=DIRECTION('',(0.,0.832050294337843,-0.55470019622523));
#2132=DIRECTION('',(0.,0.55470019622523,0.832050294337843));
#2133=DIRECTION('',(0.,-0.832050294337845,-0.554700196225228));
#2134=DIRECTION('',(0.,0.554700196225228,-0.832050294337845));
#2135=DIRECTION('',(-1.,0.,0.));
#2136=DIRECTION('',(-1.,0.,0.));
#2137=DIRECTION('',(0.,0.832050294337845,-0.554700196225228));
#2138=DIRECTION('',(0.,0.554700196225228,0.832050294337844));
#2139=DIRECTION('',(-1.,0.,0.));
#2140=DIRECTION('',(-1.,0.,0.));
#2141=DIRECTION('',(0.,0.,1.));
#2142=DIRECTION('',(-1.,0.,0.));
#2143=DIRECTION('',(0.,0.,1.));
#2144=DIRECTION('',(-1.,0.,0.));
#2145=DIRECTION('',(-1.,0.,0.));
#2146=DIRECTION('',(0.,0.832050294337845,-0.554700196225228));
#2147=DIRECTION('',(0.,0.554700196225228,0.832050294337844));
#2148=DIRECTION('',(-1.,0.,0.));
#2149=DIRECTION('',(0.,-0.832050294337845,-0.554700196225228));
#2150=DIRECTION('',(0.,0.554700196225228,-0.832050294337845));
#2151=DIRECTION('',(0.,-0.707106781186547,-0.707106781186548));
#2152=DIRECTION('',(1.,0.,0.));
#2153=DIRECTION('',(1.92296268638356E-16,-0.707106781186548,0.707106781186547));
#2154=DIRECTION('',(0.,0.707106781186547,-0.707106781186548));
#2155=DIRECTION('',(-1.,0.,0.));
#2156=DIRECTION('',(1.92296268638356E-16,-0.707106781186548,-0.707106781186547));
#2157=DIRECTION('',(0.707106781186548,-0.707106781186547,0.));
#2158=DIRECTION('',(0.,0.,-1.));
#2159=DIRECTION('',(0.707106781186547,0.707106781186548,1.19609907444043E-16));
#2160=DIRECTION('',(-0.707106781186547,-0.707106781186548,1.19609907444043E-16));
#2161=DIRECTION('',(-0.577350269189626,0.577350269189625,0.577350269189626));
#2162=DIRECTION('',(0.707106781186547,0.,0.707106781186548));
#2163=DIRECTION('',(-0.707106781186547,-2.77555756156289E-17,-0.707106781186548));
#2164=DIRECTION('',(-0.577350269189626,0.577350269189625,-0.577350269189626));
#2165=DIRECTION('',(-0.707106781186547,0.,0.707106781186548));
#2166=DIRECTION('',(-0.707106781186547,-2.77555756156289E-17,0.707106781186548));
#2167=DIRECTION('',(0.707106781186548,0.,-0.707106781186547));
#2168=DIRECTION('',(0.,1.,0.));
#2169=DIRECTION('',(0.707106781186547,-2.77555756156289E-17,0.707106781186548));
#2170=DIRECTION('',(0.,-0.707106781186547,0.707106781186548));
#2171=DIRECTION('',(-1.,0.,0.));
#2172=DIRECTION('',(1.92296268638356E-16,0.707106781186548,0.707106781186547));
#2173=DIRECTION('',(0.,0.707106781186547,0.707106781186548));
#2174=DIRECTION('',(1.,0.,0.));
#2175=DIRECTION('',(1.92296268638356E-16,0.707106781186548,-0.707106781186547));
#2176=DIRECTION('',(-0.707106781186548,0.,-0.707106781186547));
#2177=DIRECTION('',(0.,-1.,0.));
#2178=DIRECTION('',(0.707106781186547,-2.77555756156289E-17,-0.707106781186548));
#2179=DIRECTION('',(-0.577350269189626,-0.577350269189625,0.577350269189626));
#2180=DIRECTION('',(0.707106781186547,0.,0.707106781186548));
#2181=DIRECTION('',(0.707106781186547,-0.707106781186548,1.19609907444043E-16));
#2182=DIRECTION('',(-0.577350269189626,-0.577350269189625,-0.577350269189626));
#2183=DIRECTION('',(-0.707106781186547,0.,0.707106781186548));
#2184=DIRECTION('',(-0.707106781186547,0.707106781186548,1.19609907444043E-16));
#2185=DIRECTION('',(-0.707106781186548,-0.707106781186547,0.));
#2186=DIRECTION('',(0.,0.,1.));
#2187=DIRECTION('',(0.,0.707106781186547,0.707106781186548));
#2188=DIRECTION('',(1.,0.,0.));
#2189=DIRECTION('',(0.,-0.707106781186548,0.707106781186547));
#2190=DIRECTION('',(0.707106781186548,0.707106781186548,0.));
#2191=DIRECTION('',(0.,0.,1.));
#2192=DIRECTION('',(0.707106781186548,-0.707106781186548,0.));
#2193=DIRECTION('',(-0.707106781186548,0.707106781186548,0.));
#2194=DIRECTION('',(0.,-0.707106781186547,0.707106781186548));
#2195=DIRECTION('',(-1.,0.,0.));
#2196=DIRECTION('',(0.,-0.707106781186548,-0.707106781186547));
#2197=DIRECTION('',(0.577350269189626,0.577350269189626,0.577350269189626));
#2198=DIRECTION('',(0.707106781186548,0.,-0.707106781186547));
#2199=DIRECTION('',(-0.707106781186548,0.,0.707106781186547));
#2200=DIRECTION('',(0.577350269189626,0.577350269189626,-0.577350269189626));
#2201=DIRECTION('',(-0.707106781186548,0.,-0.707106781186547));
#2202=DIRECTION('',(-0.707106781186548,0.,-0.707106781186547));
#2203=DIRECTION('',(0.,0.707106781186547,-0.707106781186548));
#2204=DIRECTION('',(-1.,0.,0.));
#2205=DIRECTION('',(0.,0.707106781186548,0.707106781186547));
#2206=DIRECTION('',(-0.707106781186547,0.,-0.707106781186548));
#2207=DIRECTION('',(0.,-1.,0.));
#2208=DIRECTION('',(0.707106781186548,0.,-0.707106781186547));
#2209=DIRECTION('',(0.707106781186547,0.,-0.707106781186548));
#2210=DIRECTION('',(0.,1.,0.));
#2211=DIRECTION('',(0.707106781186548,0.,0.707106781186547));
#2212=DIRECTION('',(0.,-0.707106781186547,-0.707106781186548));
#2213=DIRECTION('',(1.,0.,0.));
#2214=DIRECTION('',(0.,0.707106781186548,-0.707106781186547));
#2215=DIRECTION('',(0.577350269189626,-0.577350269189626,0.577350269189626));
#2216=DIRECTION('',(0.707106781186548,0.,-0.707106781186547));
#2217=DIRECTION('',(-0.707106781186548,-0.707106781186548,0.));
#2218=DIRECTION('',(0.577350269189626,-0.577350269189626,-0.577350269189626));
#2219=DIRECTION('',(-0.707106781186548,0.,-0.707106781186547));
#2220=DIRECTION('',(0.707106781186548,0.707106781186548,0.));
#2221=DIRECTION('',(-0.707106781186548,0.707106781186548,0.));
#2222=DIRECTION('',(0.,0.,-1.));
#2223=CARTESIAN_POINT('',(0.,0.,0.));
#2224=CARTESIAN_POINT('',(0.024,-0.006,0.0031));
#2225=CARTESIAN_POINT('',(0.024,-0.017,0.0031));
#2226=CARTESIAN_POINT('',(0.024,-0.017,0.0021));
#2227=CARTESIAN_POINT('',(0.024,-0.017,-0.003));
#2228=CARTESIAN_POINT('',(0.024,0.032,-0.003));
#2229=CARTESIAN_POINT('',(0.024,0.031,-0.003));
#2230=CARTESIAN_POINT('',(0.024,0.031,0.0031));
#2231=CARTESIAN_POINT('',(0.024,0.031,0.0021));
#2232=CARTESIAN_POINT('',(0.024,-0.006,0.0021));
#2233=CARTESIAN_POINT('',(0.024,-0.01335,-0.0018));
#2234=CARTESIAN_POINT('',(0.024,-0.01455,-1.62630325872826E-19));
#2235=CARTESIAN_POINT('',(0.024,-0.014,-0.000825));
#2236=CARTESIAN_POINT('',(0.024,-0.014,3.36777869765522E-20));
#2237=CARTESIAN_POINT('',(0.024,-0.01345,-8.13151629364128E-19));
#2238=CARTESIAN_POINT('',(0.024,-0.00972692307692307,0.00558461538461538));
#2239=CARTESIAN_POINT('',(0.024,0.0155192307692308,0.0174461538461539));
#2240=CARTESIAN_POINT('',(0.024,0.02745,-0.00045));
#2241=CARTESIAN_POINT('',(0.024,0.028,-0.001275));
#2242=CARTESIAN_POINT('',(0.024,0.028,-0.00045));
#2243=CARTESIAN_POINT('',(0.024,0.02855,-0.00045));
#2244=CARTESIAN_POINT('',(0.024,0.0195576923076923,-0.0139384615384615));
#2245=CARTESIAN_POINT('',(0.018,0.028,0.0031));
#2246=CARTESIAN_POINT('',(0.018,0.032,0.0031));
#2247=CARTESIAN_POINT('',(0.018,0.032,0.0021));
#2248=CARTESIAN_POINT('',(0.018,0.032,-0.003));
#2249=CARTESIAN_POINT('',(0.018,0.032,-0.003));
#2250=CARTESIAN_POINT('',(0.018,0.031,-0.004));
#2251=CARTESIAN_POINT('',(0.018,0.028,-0.004));
#2252=CARTESIAN_POINT('',(0.018,0.024,-0.004));
#2253=CARTESIAN_POINT('',(0.018,0.024,0.0031));
#2254=CARTESIAN_POINT('',(0.018,0.024,0.0031));
#2255=CARTESIAN_POINT('',(0.018,0.028,0.0031));
#2256=CARTESIAN_POINT('',(0.018,0.031,0.0031));
#2257=CARTESIAN_POINT('',(0.018,0.031,0.0031));
#2258=CARTESIAN_POINT('',(0.018,0.028,-0.00045));
#2259=CARTESIAN_POINT('',(0.018,0.02745,-0.00045));
#2260=CARTESIAN_POINT('',(0.018,0.02855,-0.00045));
#2261=CARTESIAN_POINT('',(0.018,0.0259807692307693,0.00175384615384616));
#2262=CARTESIAN_POINT('',(0.018,0.028,-0.001275));
#2263=CARTESIAN_POINT('',(0.018,0.0300192307692307,0.00175384615384616));
#2264=CARTESIAN_POINT('',(-0.004,0.028,0.0031));
#2265=CARTESIAN_POINT('',(-0.004,0.028,-0.004));
#2266=CARTESIAN_POINT('',(-0.004,0.031,-0.004));
#2267=CARTESIAN_POINT('',(-0.004,0.024,-0.004));
#2268=CARTESIAN_POINT('',(-0.004,0.03305,-0.00195));
#2269=CARTESIAN_POINT('',(-0.004,0.032,-0.003));
#2270=CARTESIAN_POINT('',(-0.004,0.032,0.0031));
#2271=CARTESIAN_POINT('',(-0.004,0.032,0.0021));
#2272=CARTESIAN_POINT('',(-0.004,0.0295,0.0046));
#2273=CARTESIAN_POINT('',(-0.004,0.031,0.0031));
#2274=CARTESIAN_POINT('',(-0.004,0.028,0.0031));
#2275=CARTESIAN_POINT('',(-0.004,0.024,0.0031));
#2276=CARTESIAN_POINT('',(-0.004,0.024,0.0031));
#2277=CARTESIAN_POINT('',(-0.004,0.0259807692307693,0.00175384615384616));
#2278=CARTESIAN_POINT('',(-0.004,0.02745,-0.00045));
#2279=CARTESIAN_POINT('',(-0.004,0.028,-0.001275));
#2280=CARTESIAN_POINT('',(-0.004,0.028,-0.00045));
#2281=CARTESIAN_POINT('',(-0.004,0.02855,-0.00045));
#2282=CARTESIAN_POINT('',(-0.004,0.0300192307692307,0.00175384615384616));
#2283=CARTESIAN_POINT('',(-0.01,0.02,0.0031));
#2284=CARTESIAN_POINT('',(-0.01,0.031,0.0031));
#2285=CARTESIAN_POINT('',(-0.01,0.031,0.0021));
#2286=CARTESIAN_POINT('',(-0.01,0.031,-0.003));
#2287=CARTESIAN_POINT('',(-0.01,-0.018,-0.003));
#2288=CARTESIAN_POINT('',(-0.01,-0.017,-0.003));
#2289=CARTESIAN_POINT('',(-0.01,-0.017,0.0031));
#2290=CARTESIAN_POINT('',(-0.01,-0.017,0.0021));
#2291=CARTESIAN_POINT('',(-0.01,0.02,0.0021));
#2292=CARTESIAN_POINT('',(-0.01,-0.00535000000000006,-0.0138));
#2293=CARTESIAN_POINT('',(-0.01,-0.014,-0.000825));
#2294=CARTESIAN_POINT('',(-0.01,-0.01455,-1.62630325872826E-19));
#2295=CARTESIAN_POINT('',(-0.01,-0.00172692307692303,0.0175846153846154));
#2296=CARTESIAN_POINT('',(-0.01,-0.01345,-3.46944695195361E-18));
#2297=CARTESIAN_POINT('',(-0.01,-0.014,3.36777869765522E-20));
#2298=CARTESIAN_POINT('',(-0.01,0.0275576923076923,-0.00193846153846152));
#2299=CARTESIAN_POINT('',(-0.01,0.02855,-0.00045));
#2300=CARTESIAN_POINT('',(-0.01,0.028,-0.001275));
#2301=CARTESIAN_POINT('',(-0.01,0.028,-0.00045));
#2302=CARTESIAN_POINT('',(-0.01,0.02745,-0.00045));
#2303=CARTESIAN_POINT('',(-0.01,0.0235192307692308,0.00544615384615385));
#2304=CARTESIAN_POINT('',(0.007,0.007,0.));
#2305=CARTESIAN_POINT('',(-0.002,-0.002,0.));
#2306=CARTESIAN_POINT('',(-0.008,-0.002,0.));
#2307=CARTESIAN_POINT('',(-0.002,-0.008,0.));
#2308=CARTESIAN_POINT('',(-0.008,0.007,0.));
#2309=CARTESIAN_POINT('',(-0.008,0.016,0.));
#2310=CARTESIAN_POINT('',(-0.002,0.016,0.));
#2311=CARTESIAN_POINT('',(-0.002,0.022,0.));
#2312=CARTESIAN_POINT('',(0.007,0.022,0.));
#2313=CARTESIAN_POINT('',(0.016,0.022,0.));
#2314=CARTESIAN_POINT('',(0.016,0.016,0.));
#2315=CARTESIAN_POINT('',(0.022,0.016,0.));
#2316=CARTESIAN_POINT('',(0.022,0.007,0.));
#2317=CARTESIAN_POINT('',(0.022,-0.002,0.));
#2318=CARTESIAN_POINT('',(0.016,-0.002,0.));
#2319=CARTESIAN_POINT('',(0.016,-0.008,0.));
#2320=CARTESIAN_POINT('',(0.007,-0.008,0.));
#2321=CARTESIAN_POINT('',(1.99005104861445E-19,0.014,0.));
#2322=CARTESIAN_POINT('',(0.,0.0205,0.));
#2323=CARTESIAN_POINT('',(-0.0065,0.014,0.));
#2324=CARTESIAN_POINT('',(-0.0065,0.007,0.));
#2325=CARTESIAN_POINT('',(-0.0065,7.9602041944578E-19,0.));
#2326=CARTESIAN_POINT('',(5.77005106740744E-19,8.31691078717092E-19,0.));
#2327=CARTESIAN_POINT('',(0.,-0.0065,0.));
#2328=CARTESIAN_POINT('',(0.007,-0.0065,0.));
#2329=CARTESIAN_POINT('',(0.014,-0.0065,0.));
#2330=CARTESIAN_POINT('',(0.014,7.04731412115578E-19,0.));
#2331=CARTESIAN_POINT('',(0.0205,5.42101086242752E-19,0.));
#2332=CARTESIAN_POINT('',(0.0205,0.007,0.));
#2333=CARTESIAN_POINT('',(0.0205,0.014,0.));
#2334=CARTESIAN_POINT('',(0.014,0.014,0.));
#2335=CARTESIAN_POINT('',(0.014,0.0205,0.));
#2336=CARTESIAN_POINT('',(0.007,0.0205,0.));
#2337=CARTESIAN_POINT('',(0.021,0.032,0.0031));
#2338=CARTESIAN_POINT('',(0.023,0.032,-0.004));
#2339=CARTESIAN_POINT('',(0.023,0.032,0.0021));
#2340=CARTESIAN_POINT('',(0.023,0.032,-0.003));
#2341=CARTESIAN_POINT('',(0.021,0.032,-0.003));
#2342=CARTESIAN_POINT('',(0.024,0.032,0.0021));
#2343=CARTESIAN_POINT('',(0.017,0.024,0.0031));
#2344=CARTESIAN_POINT('',(0.017,0.024,-0.004));
#2345=CARTESIAN_POINT('',(0.017,0.024,0.0031));
#2346=CARTESIAN_POINT('',(-0.007,0.032,0.0031));
#2347=CARTESIAN_POINT('',(-0.01,0.032,-0.003));
#2348=CARTESIAN_POINT('',(-0.009,0.032,-0.003));
#2349=CARTESIAN_POINT('',(-0.009,0.032,0.0031));
#2350=CARTESIAN_POINT('',(-0.009,0.032,0.0021));
#2351=CARTESIAN_POINT('',(-0.007,0.032,0.0021));
#2352=CARTESIAN_POINT('',(-0.007,-0.018,0.0031));
#2353=CARTESIAN_POINT('',(-0.009,-0.018,-0.004));
#2354=CARTESIAN_POINT('',(-0.009,-0.018,0.0021));
#2355=CARTESIAN_POINT('',(-0.009,-0.018,-0.003));
#2356=CARTESIAN_POINT('',(-0.007,-0.018,-0.003));
#2357=CARTESIAN_POINT('',(-0.004,-0.018,-0.003));
#2358=CARTESIAN_POINT('',(-0.004,-0.018,0.0031));
#2359=CARTESIAN_POINT('',(-0.004,-0.018,0.0021));
#2360=CARTESIAN_POINT('',(-0.01,-0.018,0.0021));
#2361=CARTESIAN_POINT('',(-0.004,-0.014,0.0031));
#2362=CARTESIAN_POINT('',(-0.004,-0.0121884615384615,0.00189230769230769));
#2363=CARTESIAN_POINT('',(-0.004,-0.01345,-8.13151629364128E-19));
#2364=CARTESIAN_POINT('',(-0.004,-0.014,-0.000825));
#2365=CARTESIAN_POINT('',(-0.004,-0.0158115384615384,0.0018923076923077));
#2366=CARTESIAN_POINT('',(-0.004,-0.01455,-1.62630325872826E-19));
#2367=CARTESIAN_POINT('',(-0.004,-0.014,3.36777869765522E-20));
#2368=CARTESIAN_POINT('',(-0.004,-0.018,-0.003));
#2369=CARTESIAN_POINT('',(-0.004,-0.017,-0.004));
#2370=CARTESIAN_POINT('',(-0.004,-0.014,-0.004));
#2371=CARTESIAN_POINT('',(-0.004,-0.01,-0.004));
#2372=CARTESIAN_POINT('',(-0.004,-0.01,0.0031));
#2373=CARTESIAN_POINT('',(-0.004,-0.01,0.0031));
#2374=CARTESIAN_POINT('',(-0.004,-0.014,0.0031));
#2375=CARTESIAN_POINT('',(-0.004,-0.017,0.0031));
#2376=CARTESIAN_POINT('',(-0.004,-0.017,0.0031));
#2377=CARTESIAN_POINT('',(-0.003,-0.01,0.0031));
#2378=CARTESIAN_POINT('',(-0.003,-0.01,-0.004));
#2379=CARTESIAN_POINT('',(0.018,-0.01,-0.004));
#2380=CARTESIAN_POINT('',(0.018,-0.01,0.0031));
#2381=CARTESIAN_POINT('',(0.018,-0.01,0.0031));
#2382=CARTESIAN_POINT('',(-0.003,-0.01,0.0031));
#2383=CARTESIAN_POINT('',(0.018,-0.014,0.0031));
#2384=CARTESIAN_POINT('',(0.018,-0.0158115384615384,0.0018923076923077));
#2385=CARTESIAN_POINT('',(0.018,-0.014,-0.000825));
#2386=CARTESIAN_POINT('',(0.018,-0.01455,-1.62630325872826E-19));
#2387=CARTESIAN_POINT('',(0.018,-0.0121884615384615,0.00189230769230769));
#2388=CARTESIAN_POINT('',(0.018,-0.01345,-4.33680868994202E-19));
#2389=CARTESIAN_POINT('',(0.018,-0.014,3.36777869765522E-20));
#2390=CARTESIAN_POINT('',(0.018,-0.014,-0.004));
#2391=CARTESIAN_POINT('',(0.018,-0.017,-0.004));
#2392=CARTESIAN_POINT('',(0.018,-0.01905,-0.00195));
#2393=CARTESIAN_POINT('',(0.018,-0.018,-0.003));
#2394=CARTESIAN_POINT('',(0.018,-0.018,0.0031));
#2395=CARTESIAN_POINT('',(0.018,-0.018,0.0021));
#2396=CARTESIAN_POINT('',(0.018,-0.0155,0.0046));
#2397=CARTESIAN_POINT('',(0.018,-0.017,0.0031));
#2398=CARTESIAN_POINT('',(0.018,-0.014,0.0031));
#2399=CARTESIAN_POINT('',(-0.0042,0.007,0.0031));
#2400=CARTESIAN_POINT('',(-0.0042,0.014,0.0031));
#2401=CARTESIAN_POINT('',(-0.0042,0.014,0.0021));
#2402=CARTESIAN_POINT('',(-0.0042,0.014,0.0014));
#2403=CARTESIAN_POINT('',(-0.0042,5.14351655641888E-19,0.0021));
#2404=CARTESIAN_POINT('',(-0.0042,5.14351655641888E-19,0.0021));
#2405=CARTESIAN_POINT('',(-0.0042,5.14351655641888E-19,0.0031));
#2406=CARTESIAN_POINT('',(-0.0042,5.14351655641888E-19,0.0014));
#2407=CARTESIAN_POINT('',(-0.0042,0.007,0.0014));
#2408=CARTESIAN_POINT('',(-7.71386625426296E-19,0.014,0.0031));
#2409=CARTESIAN_POINT('',(-6.75411512864187E-19,0.0182,0.0031));
#2410=CARTESIAN_POINT('',(-6.75411512864187E-19,0.0182,0.0021));
#2411=CARTESIAN_POINT('',(-7.71386625426296E-19,0.0182,0.0014));
#2412=CARTESIAN_POINT('',(-7.71386625426296E-19,0.014,0.0021));
#2413=CARTESIAN_POINT('',(-7.71386625426296E-19,0.014,0.0014));
#2414=CARTESIAN_POINT('',(0.00248042335096249,0.0182,0.0031));
#2415=CARTESIAN_POINT('',(0.014,0.0182,0.0031));
#2416=CARTESIAN_POINT('',(0.014,0.0182,0.0021));
#2417=CARTESIAN_POINT('',(0.014,0.0182,0.0014));
#2418=CARTESIAN_POINT('',(-6.75411512864187E-19,0.0182,0.0021));
#2419=CARTESIAN_POINT('',(0.00248042335096249,0.0182,0.0014));
#2420=CARTESIAN_POINT('',(0.014,0.014,0.0031));
#2421=CARTESIAN_POINT('',(0.0182,0.014,0.0031));
#2422=CARTESIAN_POINT('',(0.0182,0.014,0.0021));
#2423=CARTESIAN_POINT('',(0.0182,0.014,0.0014));
#2424=CARTESIAN_POINT('',(0.014,0.014,0.0021));
#2425=CARTESIAN_POINT('',(0.014,0.014,0.0014));
#2426=CARTESIAN_POINT('',(0.0182,0.0115195766490375,0.0031));
#2427=CARTESIAN_POINT('',(0.0182,0.,0.0031));
#2428=CARTESIAN_POINT('',(0.0182,0.,0.0021));
#2429=CARTESIAN_POINT('',(0.0182,0.,0.0014));
#2430=CARTESIAN_POINT('',(0.0182,0.014,0.0021));
#2431=CARTESIAN_POINT('',(0.0182,0.00248042335096249,0.0014));
#2432=CARTESIAN_POINT('',(0.014,6.12323399573674E-20,0.0031));
#2433=CARTESIAN_POINT('',(0.014,-0.0042,0.0031));
#2434=CARTESIAN_POINT('',(0.014,-0.0042,0.0021));
#2435=CARTESIAN_POINT('',(0.014,-0.0042,0.0014));
#2436=CARTESIAN_POINT('',(0.014,6.12323399573674E-20,0.0021));
#2437=CARTESIAN_POINT('',(0.014,6.12323399573674E-20,0.0014));
#2438=CARTESIAN_POINT('',(0.0024804233509625,-0.0042,0.0031));
#2439=CARTESIAN_POINT('',(0.,-0.0042,0.0031));
#2440=CARTESIAN_POINT('',(0.,-0.0042,0.0021));
#2441=CARTESIAN_POINT('',(0.,-0.0042,0.0014));
#2442=CARTESIAN_POINT('',(0.014,-0.0042,0.0021));
#2443=CARTESIAN_POINT('',(0.007,-0.0042,0.0014));
#2444=CARTESIAN_POINT('',(7.88256679593662E-19,6.90856696815146E-19,0.0031));
#2445=CARTESIAN_POINT('',(7.88256679593662E-19,6.90856696815146E-19,0.0021));
#2446=CARTESIAN_POINT('',(7.88256679593662E-19,0.,0.0014));
#2447=CARTESIAN_POINT('',(0.021,-0.018,0.0031));
#2448=CARTESIAN_POINT('',(0.024,-0.018,-0.003));
#2449=CARTESIAN_POINT('',(0.023,-0.018,-0.003));
#2450=CARTESIAN_POINT('',(0.023,-0.018,0.0031));
#2451=CARTESIAN_POINT('',(0.023,-0.018,0.0021));
#2452=CARTESIAN_POINT('',(0.021,-0.018,0.0021));
#2453=CARTESIAN_POINT('',(0.007,0.007,0.0031));
#2454=CARTESIAN_POINT('',(0.007,-0.017,0.0031));
#2455=CARTESIAN_POINT('',(0.023,-0.017,0.0031));
#2456=CARTESIAN_POINT('',(0.023,0.007,0.0031));
#2457=CARTESIAN_POINT('',(0.023,0.031,0.0031));
#2458=CARTESIAN_POINT('',(0.018,0.031,0.0031));
#2459=CARTESIAN_POINT('',(0.007,0.031,0.0031));
#2460=CARTESIAN_POINT('',(-0.009,0.031,0.0031));
#2461=CARTESIAN_POINT('',(-0.009,0.007,0.0031));
#2462=CARTESIAN_POINT('',(-0.009,-0.017,0.0031));
#2463=CARTESIAN_POINT('',(-0.004,-0.017,0.0031));
#2464=CARTESIAN_POINT('',(0.014,6.12323399573674E-20,0.0031));
#2465=CARTESIAN_POINT('',(0.0192,8.17085981638753E-35,0.0031));
#2466=CARTESIAN_POINT('',(0.014,-0.0052,0.0031));
#2467=CARTESIAN_POINT('',(0.,-0.0052,0.0031));
#2468=CARTESIAN_POINT('',(-1.31481477614101E-34,-0.0052,0.0031));
#2469=CARTESIAN_POINT('',(7.88256679593662E-19,6.90856696815146E-19,0.0031));
#2470=CARTESIAN_POINT('',(-0.0052,4.72326645838732E-19,0.0031));
#2471=CARTESIAN_POINT('',(-0.0052,0.014,0.0031));
#2472=CARTESIAN_POINT('',(-0.0052,0.014,0.0031));
#2473=CARTESIAN_POINT('',(-7.71386625426296E-19,0.014,0.0031));
#2474=CARTESIAN_POINT('',(-6.52560295587495E-19,0.0192,0.0031));
#2475=CARTESIAN_POINT('',(0.014,0.0192,0.0031));
#2476=CARTESIAN_POINT('',(0.014,0.0192,0.0031));
#2477=CARTESIAN_POINT('',(0.014,0.014,0.0031));
#2478=CARTESIAN_POINT('',(0.0192,0.014,0.0031));
#2479=CARTESIAN_POINT('',(0.0192,0.,0.0031));
#2480=CARTESIAN_POINT('',(0.007,0.007,0.0014));
#2481=CARTESIAN_POINT('',(1.99005104861445E-19,0.014,0.0014));
#2482=CARTESIAN_POINT('',(3.9801020972289E-19,0.0205,0.0014));
#2483=CARTESIAN_POINT('',(-0.0065,0.014,0.0014));
#2484=CARTESIAN_POINT('',(0.007,0.0205,0.0014));
#2485=CARTESIAN_POINT('',(0.014,0.0205,0.0014));
#2486=CARTESIAN_POINT('',(0.014,0.014,0.0014));
#2487=CARTESIAN_POINT('',(0.0205,0.014,0.0014));
#2488=CARTESIAN_POINT('',(0.0205,0.007,0.0014));
#2489=CARTESIAN_POINT('',(0.0205,5.42101086242752E-19,0.0014));
#2490=CARTESIAN_POINT('',(0.014,7.04731412115578E-19,0.0014));
#2491=CARTESIAN_POINT('',(0.014,-0.0065,0.0014));
#2492=CARTESIAN_POINT('',(0.007,-0.0065,0.0014));
#2493=CARTESIAN_POINT('',(0.,-0.0065,0.0014));
#2494=CARTESIAN_POINT('',(5.77005106740744E-19,8.31691078717092E-19,0.0014));
#2495=CARTESIAN_POINT('',(-0.0065,7.9602041944578E-19,0.0014));
#2496=CARTESIAN_POINT('',(-0.0065,0.007,0.0014));
#2497=CARTESIAN_POINT('',(1.99005104861445E-19,0.014,0.0014));
#2498=CARTESIAN_POINT('',(3.9801020972289E-19,0.0205,0.0014));
#2499=CARTESIAN_POINT('',(-0.0065,0.014,0.0014));
#2500=CARTESIAN_POINT('',(-0.0065,0.007,0.0014));
#2501=CARTESIAN_POINT('',(-0.0065,7.9602041944578E-19,0.0014));
#2502=CARTESIAN_POINT('',(5.77005106740744E-19,8.31691078717092E-19,0.0014));
#2503=CARTESIAN_POINT('',(0.,-0.0065,0.0014));
#2504=CARTESIAN_POINT('',(0.007,-0.0065,0.0014));
#2505=CARTESIAN_POINT('',(0.014,-0.0065,0.0014));
#2506=CARTESIAN_POINT('',(0.014,7.04731412115578E-19,0.0014));
#2507=CARTESIAN_POINT('',(0.0205,5.42101086242752E-19,0.0014));
#2508=CARTESIAN_POINT('',(0.0205,0.007,0.0014));
#2509=CARTESIAN_POINT('',(0.0205,0.014,0.0014));
#2510=CARTESIAN_POINT('',(0.014,0.014,0.0014));
#2511=CARTESIAN_POINT('',(0.014,0.0205,0.0014));
#2512=CARTESIAN_POINT('',(0.007,0.0205,0.0014));
#2513=CARTESIAN_POINT('',(-0.008,0.007,0.));
#2514=CARTESIAN_POINT('',(-0.008,-0.002,4.53319947845445E-20));
#2515=CARTESIAN_POINT('',(-0.00781794417813103,-0.002,-0.00347383202187853));
#2516=CARTESIAN_POINT('',(-0.00781794417813103,0.016,-0.00347383202187853));
#2517=CARTESIAN_POINT('',(-0.00781794417813103,0.016,-0.00347383202187853));
#2518=CARTESIAN_POINT('',(-0.008,0.016,-3.61662624633977E-19));
#2519=CARTESIAN_POINT('',(-0.002,0.016,0.));
#2520=CARTESIAN_POINT('',(-0.002,0.016,-0.00347383202187853));
#2521=CARTESIAN_POINT('',(-0.002,0.0218179441781311,-0.00347383202187853));
#2522=CARTESIAN_POINT('',(-0.002,0.022,0.));
#2523=CARTESIAN_POINT('',(0.007,0.022,0.));
#2524=CARTESIAN_POINT('',(0.016,0.0218179441781311,-0.00347383202187853));
#2525=CARTESIAN_POINT('',(0.016,0.0218179441781311,-0.00347383202187853));
#2526=CARTESIAN_POINT('',(0.016,0.022,0.));
#2527=CARTESIAN_POINT('',(0.016,0.016,0.));
#2528=CARTESIAN_POINT('',(0.016,0.016,-0.00347383202187853));
#2529=CARTESIAN_POINT('',(0.0218179441781311,0.016,-0.00347383202187853));
#2530=CARTESIAN_POINT('',(0.022,0.016,0.));
#2531=CARTESIAN_POINT('',(0.022,0.007,0.));
#2532=CARTESIAN_POINT('',(0.0218179441781311,0.007,-0.00347383202187853));
#2533=CARTESIAN_POINT('',(0.0218179441781311,-0.002,-0.00347383202187853));
#2534=CARTESIAN_POINT('',(0.022,-0.002,0.));
#2535=CARTESIAN_POINT('',(0.016,-0.002,0.));
#2536=CARTESIAN_POINT('',(0.016,-0.002,-0.00347383202187853));
#2537=CARTESIAN_POINT('',(0.016,-0.00781794417813103,-0.00347383202187853));
#2538=CARTESIAN_POINT('',(0.016,-0.008,4.53319947845445E-20));
#2539=CARTESIAN_POINT('',(0.007,-0.008,0.));
#2540=CARTESIAN_POINT('',(0.007,-0.00781794417813103,-0.00347383202187853));
#2541=CARTESIAN_POINT('',(-0.002,-0.00781794417813103,-0.00347383202187853));
#2542=CARTESIAN_POINT('',(-0.002,-0.008,4.52078280792471E-19));
#2543=CARTESIAN_POINT('',(-0.002,-0.002,0.));
#2544=CARTESIAN_POINT('',(-0.002,-0.002,-0.00347383202187853));
#2545=CARTESIAN_POINT('',(0.007,0.007,-0.004));
#2546=CARTESIAN_POINT('',(0.023,-0.018,-0.004));
#2547=CARTESIAN_POINT('',(0.023,0.031,-0.004));
#2548=CARTESIAN_POINT('',(0.023,-0.017,-0.004));
#2549=CARTESIAN_POINT('',(0.018,-0.017,-0.004));
#2550=CARTESIAN_POINT('',(0.007,-0.017,-0.004));
#2551=CARTESIAN_POINT('',(-0.009,-0.017,-0.004));
#2552=CARTESIAN_POINT('',(-0.009,0.032,-0.004));
#2553=CARTESIAN_POINT('',(-0.009,0.031,-0.004));
#2554=CARTESIAN_POINT('',(-0.004,0.031,-0.004));
#2555=CARTESIAN_POINT('',(0.007,0.031,-0.004));
#2556=CARTESIAN_POINT('',(-0.00831725894550832,-0.002,-0.004));
#2557=CARTESIAN_POINT('',(-0.00831725894550831,0.016,-0.004));
#2558=CARTESIAN_POINT('',(-0.00831725894550832,-0.002,-0.004));
#2559=CARTESIAN_POINT('',(-0.002,-0.002,-0.004));
#2560=CARTESIAN_POINT('',(-0.002,-0.00831725894550832,-0.004));
#2561=CARTESIAN_POINT('',(0.007,-0.00831725894550832,-0.004));
#2562=CARTESIAN_POINT('',(0.016,-0.00831725894550832,-0.004));
#2563=CARTESIAN_POINT('',(0.016,-0.002,-0.004));
#2564=CARTESIAN_POINT('',(0.0223172589455083,-0.002,-0.004));
#2565=CARTESIAN_POINT('',(0.0223172589455083,0.007,-0.004));
#2566=CARTESIAN_POINT('',(0.0223172589455083,0.016,-0.004));
#2567=CARTESIAN_POINT('',(0.016,0.016,-0.004));
#2568=CARTESIAN_POINT('',(0.016,0.0223172589455083,-0.004));
#2569=CARTESIAN_POINT('',(-0.002,0.0223172589455083,-0.004));
#2570=CARTESIAN_POINT('',(-0.002,0.0223172589455083,-0.004));
#2571=CARTESIAN_POINT('',(-0.002,0.016,-0.004));
#2572=CARTESIAN_POINT('',(0.016,0.016,-0.0035));
#2573=CARTESIAN_POINT('',(0.0223172589455083,0.016,-0.0035));
#2574=CARTESIAN_POINT('',(0.016,0.0223172589455083,-0.0035));
#2575=CARTESIAN_POINT('',(0.007,0.0223172589455083,-0.0035));
#2576=CARTESIAN_POINT('',(-0.002,0.0223172589455083,-0.0035));
#2577=CARTESIAN_POINT('',(0.0223172589455083,0.007,-0.0035));
#2578=CARTESIAN_POINT('',(0.0223172589455083,-0.002,-0.0035));
#2579=CARTESIAN_POINT('',(-0.002,0.016,-0.0035));
#2580=CARTESIAN_POINT('',(-0.00831725894550831,0.016,-0.0035));
#2581=CARTESIAN_POINT('',(0.016,-0.002,-0.0035));
#2582=CARTESIAN_POINT('',(0.016,-0.00831725894550832,-0.0035));
#2583=CARTESIAN_POINT('',(-0.00831725894550832,0.007,-0.0035));
#2584=CARTESIAN_POINT('',(-0.00831725894550832,-0.002,-0.0035));
#2585=CARTESIAN_POINT('',(0.007,-0.00831725894550832,-0.0035));
#2586=CARTESIAN_POINT('',(-0.002,-0.00831725894550832,-0.0035));
#2587=CARTESIAN_POINT('',(-0.002,-0.002,-0.0035));
#2588=CARTESIAN_POINT('',(0.007,0.0192,0.0031));
#2589=CARTESIAN_POINT('',(-6.75411512864187E-19,0.0182,0.0021));
#2590=CARTESIAN_POINT('',(0.014,0.0192,0.0031));
#2591=CARTESIAN_POINT('',(0.014,0.014,0.0021));
#2592=CARTESIAN_POINT('',(0.0192,0.014,0.0031));
#2593=CARTESIAN_POINT('',(-7.71386625426296E-19,0.014,0.0021));
#2594=CARTESIAN_POINT('',(-0.0042,0.014,0.0021));
#2595=CARTESIAN_POINT('',(0.0192,0.007,0.0031));
#2596=CARTESIAN_POINT('',(0.0192,0.,0.0031));
#2597=CARTESIAN_POINT('',(-0.0052,0.007,0.0031));
#2598=CARTESIAN_POINT('',(-0.0042,5.14351655641888E-19,0.0021));
#2599=CARTESIAN_POINT('',(0.014,6.12323399573674E-20,0.0021));
#2600=CARTESIAN_POINT('',(0.014,-0.0052,0.0031));
#2601=CARTESIAN_POINT('',(7.88256679593662E-19,6.90856696815146E-19,0.0021));
#2602=CARTESIAN_POINT('',(0.,-0.0042,0.0021));
#2603=CARTESIAN_POINT('',(0.007,-0.0052,0.0031));
#2604=CARTESIAN_POINT('',(0.0788902923777473,-0.013725,-0.0004125));
#2605=CARTESIAN_POINT('',(0.0788902923777473,-0.01345,-8.13151629364128E-19));
#2606=CARTESIAN_POINT('',(0.0788902923777473,-0.014,-0.000825));
#2607=CARTESIAN_POINT('',(0.0788902923777473,-0.014,3.36777869765522E-20));
#2608=CARTESIAN_POINT('',(0.0788902923777473,-0.01455,-1.62630325872826E-19));
#2609=CARTESIAN_POINT('',(0.0788902923777473,-0.014275,-0.0004125));
#2610=CARTESIAN_POINT('',(0.0788902923777473,-0.014275,-0.0004125));
#2611=CARTESIAN_POINT('',(0.0788902923777473,-0.01455,-1.62630325872826E-19));
#2612=CARTESIAN_POINT('',(0.0788902923777473,-0.014,-0.000825));
#2613=CARTESIAN_POINT('',(0.0788902923777473,-0.014,3.36777869765522E-20));
#2614=CARTESIAN_POINT('',(0.0788902923777473,-0.01345,-8.13151629364128E-19));
#2615=CARTESIAN_POINT('',(0.0788902923777473,-0.013725,-0.0004125));
#2616=CARTESIAN_POINT('',(0.0788902923777473,0.027725,-0.0008625));
#2617=CARTESIAN_POINT('',(0.0788902923777473,0.028,-0.001275));
#2618=CARTESIAN_POINT('',(0.0788902923777473,0.02745,-0.00045));
#2619=CARTESIAN_POINT('',(0.0788902923777473,0.028275,-0.0008625));
#2620=CARTESIAN_POINT('',(0.0788902923777473,0.02855,-0.00045));
#2621=CARTESIAN_POINT('',(0.0788902923777473,0.028,-0.00045));
#2622=CARTESIAN_POINT('',(0.0788902923777473,0.028,-0.00045));
#2623=CARTESIAN_POINT('',(0.0788902923777473,0.02745,-0.00045));
#2624=CARTESIAN_POINT('',(0.0788902923777473,0.02855,-0.00045));
#2625=CARTESIAN_POINT('',(0.0788902923777473,0.028275,-0.0008625));
#2626=CARTESIAN_POINT('',(0.0788902923777473,0.028,-0.001275));
#2627=CARTESIAN_POINT('',(0.0788902923777473,0.027725,-0.0008625));
#2628=CARTESIAN_POINT('',(-0.007,0.032,0.0021));
#2629=CARTESIAN_POINT('',(-0.009,0.032,0.0021));
#2630=CARTESIAN_POINT('',(0.007,0.031,-0.004));
#2631=CARTESIAN_POINT('',(-0.009,0.0315,-0.0035));
#2632=CARTESIAN_POINT('',(-0.01,0.031,0.0031));
#2633=CARTESIAN_POINT('',(-0.009,0.032,0.0021));
#2634=CARTESIAN_POINT('',(-0.01,0.031,-0.003));
#2635=CARTESIAN_POINT('',(-0.009,0.032,0.0021));
#2636=CARTESIAN_POINT('',(-0.0095,0.031,0.0026));
#2637=CARTESIAN_POINT('',(-0.01,0.031,-0.003));
#2638=CARTESIAN_POINT('',(-0.01,0.031,-0.003));
#2639=CARTESIAN_POINT('',(-0.01,0.02,0.0021));
#2640=CARTESIAN_POINT('',(-0.01,-0.017,0.0021));
#2641=CARTESIAN_POINT('',(0.007,-0.017,0.0031));
#2642=CARTESIAN_POINT('',(-0.009,-0.0175,0.0026));
#2643=CARTESIAN_POINT('',(-0.007,-0.018,-0.003));
#2644=CARTESIAN_POINT('',(-0.009,-0.018,-0.003));
#2645=CARTESIAN_POINT('',(-0.009,0.007,-0.004));
#2646=CARTESIAN_POINT('',(-0.0095,-0.017,-0.0035));
#2647=CARTESIAN_POINT('',(-0.01,-0.017,0.0021));
#2648=CARTESIAN_POINT('',(-0.01,-0.017,0.0021));
#2649=CARTESIAN_POINT('',(-0.009,-0.018,-0.003));
#2650=CARTESIAN_POINT('',(-0.009,-0.018,-0.003));
#2651=CARTESIAN_POINT('',(-0.009,-0.018,0.0031));
#2652=CARTESIAN_POINT('',(0.007,0.031,0.0031));
#2653=CARTESIAN_POINT('',(0.023,0.0315,0.0026));
#2654=CARTESIAN_POINT('',(0.023,0.032,0.0031));
#2655=CARTESIAN_POINT('',(0.023,0.032,-0.003));
#2656=CARTESIAN_POINT('',(0.024,0.031,0.0021));
#2657=CARTESIAN_POINT('',(0.021,0.032,-0.003));
#2658=CARTESIAN_POINT('',(0.023,0.032,-0.003));
#2659=CARTESIAN_POINT('',(0.024,0.031,0.0021));
#2660=CARTESIAN_POINT('',(0.024,0.031,0.0021));
#2661=CARTESIAN_POINT('',(0.023,0.032,-0.003));
#2662=CARTESIAN_POINT('',(0.0235,0.031,-0.0035));
#2663=CARTESIAN_POINT('',(0.021,-0.018,0.0021));
#2664=CARTESIAN_POINT('',(0.023,-0.018,0.0021));
#2665=CARTESIAN_POINT('',(0.024,-0.006,0.0021));
#2666=CARTESIAN_POINT('',(0.0235,-0.017,0.0026));
#2667=CARTESIAN_POINT('',(0.023,0.007,-0.004));
#2668=CARTESIAN_POINT('',(0.024,-0.017,-0.003));
#2669=CARTESIAN_POINT('',(0.007,-0.017,-0.004));
#2670=CARTESIAN_POINT('',(0.023,-0.0175,-0.0035));
#2671=CARTESIAN_POINT('',(0.023,-0.018,0.0021));
#2672=CARTESIAN_POINT('',(0.023,-0.018,0.0021));
#2673=CARTESIAN_POINT('',(0.024,-0.017,-0.003));
#2674=CARTESIAN_POINT('',(0.024,-0.017,-0.003));
#2675=CARTESIAN_POINT('',(0.024,-0.017,0.0031));
#2676=MECHANICAL_DESIGN_GEOMETRIC_PRESENTATION_REPRESENTATION('',(#1613),
#2677);
#2677=(
GEOMETRIC_REPRESENTATION_CONTEXT(3)
GLOBAL_UNCERTAINTY_ASSIGNED_CONTEXT((#2678))
GLOBAL_UNIT_ASSIGNED_CONTEXT((#2681,#2680,#2679))
REPRESENTATION_CONTEXT('Part 1','TOP_LEVEL_ASSEMBLY_PART')
);
#2678=UNCERTAINTY_MEASURE_WITH_UNIT(LENGTH_MEASURE(1.E-8),#2681,
'DISTANCE_ACCURACY_VALUE','Maximum Tolerance applied to model');
#2679=(
NAMED_UNIT(*)
SI_UNIT($,.STERADIAN.)
SOLID_ANGLE_UNIT()
);
#2680=(
NAMED_UNIT(*)
PLANE_ANGLE_UNIT()
SI_UNIT($,.RADIAN.)
);
#2681=(
LENGTH_UNIT()
NAMED_UNIT(*)
SI_UNIT($,.METRE.)
);
#2682=PRODUCT_DEFINITION_SHAPE('','',#2683);
#2683=PRODUCT_DEFINITION('','',#2685,#2684);
#2684=PRODUCT_DEFINITION_CONTEXT('',#2691,'design');
#2685=PRODUCT_DEFINITION_FORMATION_WITH_SPECIFIED_SOURCE('','',#2687,
 .NOT_KNOWN.);
#2686=PRODUCT_RELATED_PRODUCT_CATEGORY('','',(#2687));
#2687=PRODUCT('Part 1','Part 1','Part 1',(#2689));
#2688=PRODUCT_CATEGORY('','');
#2689=PRODUCT_CONTEXT('',#2691,'mechanical');
#2690=APPLICATION_PROTOCOL_DEFINITION('international standard',
'ap242_managed_model_based_3d_engineering',2020,#2691);
#2691=APPLICATION_CONTEXT('managed model based 3d engineering');
ENDSEC;
END-ISO-10303-21;
